series_id,patient_id,sop_uid,dicom_path,slice_index,physical_position,image_height,image_width,study_y_true,fold,prediction_protocol,detector_checkpoint_sha256,config_sha256,slice_status,gt_num_boxes,min_box_area,max_box_area,gt_boxes,boxes,scores,max_confidence,num_detections
1032,264685,1.2.392.200036.9116.2.6.1.3268.2054351322.1642992364.39233,/home/mahsa-nasehi/Desktop/IAAA/fracture/iaaa-contest-bct/Data/training/1032/1.2.392.200036.9116.2.6.1.3268.2054351322.1642992364.39233.dcm,0,-542.852529009,512,512,0,0,heldout_patient_fold,aa2d72a2538f26976441e6d52c8c11ca964533e55b3978b8345a70a019d52638,ea81da4d34ee1570c8dd3460a4e44f8f247a0ba0f55b701dbf5093d392e32021,negative,0,0.0,0.0,[],[],[],0.0,0
1032,264685,1.2.392.200036.9116.2.6.1.3268.2054351322.1642992364.798031,/home/mahsa-nasehi/Desktop/IAAA/fracture/iaaa-contest-bct/Data/training/1032/1.2.392.200036.9116.2.6.1.3268.2054351322.1642992364.798031.dcm,1,-538.022879009,512,512,0,0,heldout_patient_fold,aa2d72a2538f26976441e6d52c8c11ca964533e55b3978b8345a70a019d52638,ea81da4d34ee1570c8dd3460a4e44f8f247a0ba0f55b701dbf5093d392e32021,negative,0,0.0,0.0,[],[],[],0.0,0
1032,264685,1.2.392.200036.9116.2.6.1.3268.2054351322.1642992365.660039,/home/mahsa-nasehi/Desktop/IAAA/fracture/iaaa-contest-bct/Data/training/1032/1.2.392.200036.9116.2.6.1.3268.2054351322.1642992365.660039.dcm,2,-533.193229009,512,512,0,0,heldout_patient_fold,aa2d72a2538f26976441e6d52c8c11ca964533e55b3978b8345a70a019d52638,ea81da4d34ee1570c8dd3460a4e44f8f247a0ba0f55b701dbf5093d392e32021,negative,0,0.0,0.0,[],[],[],0.0,0
1032,264685,1.2.392.200036.9116.2.6.1.3268.2054351322.1642992367.548802,/home/mahsa-nasehi/Desktop/IAAA/fracture/iaaa-contest-bct/Data/training/1032/1.2.392.200036.9116.2.6.1.3268.2054351322.1642992367.548802.dcm,3,-528.363579009,512,512,0,0,heldout_patient_fold,aa2d72a2538f26976441e6d52c8c11ca964533e55b3978b8345a70a019d52638,ea81da4d34ee1570c8dd3460a4e44f8f247a0ba0f55b701dbf5093d392e32021,negative,0,0.0,0.0,[],"[[256.0, 317.66668701171875, 291.3333435058594, 354.3333435058594], [131.33334350585938, 156.83334350585938, 266.3333435058594, 315.16668701171875]]","[0.106689453125, 0.0230712890625]",0.106689453125,2
1032,264685,1.2.392.200036.9116.2.6.1.3268.2054351322.1642992368.342358,/home/mahsa-nasehi/Desktop/IAAA/fracture/iaaa-contest-bct/Data/training/1032/1.2.392.200036.9116.2.6.1.3268.2054351322.1642992368.342358.dcm,4,-523.533929009,512,512,0,0,heldout_patient_fold,aa2d72a2538f26976441e6d52c8c11ca964533e55b3978b8345a70a019d52638,ea81da4d34ee1570c8dd3460a4e44f8f247a0ba0f55b701dbf5093d392e32021,negative,0,0.0,0.0,[],"[[266.3333435058594, 269.0, 333.0, 335.0], [76.83333587646484, 237.33334350585938, 112.83333587646484, 274.66668701171875]]","[0.014007568359375, 0.0131683349609375]",0.014007568359375,2
1032,264685,1.2.392.200036.9116.2.6.1.3268.2054351322.1642992369.222110,/home/mahsa-nasehi/Desktop/IAAA/fracture/iaaa-contest-bct/Data/training/1032/1.2.392.200036.9116.2.6.1.3268.2054351322.1642992369.222110.dcm,5,-518.704279009,512,512,0,0,heldout_patient_fold,aa2d72a2538f26976441e6d52c8c11ca964533e55b3978b8345a70a019d52638,ea81da4d34ee1570c8dd3460a4e44f8f247a0ba0f55b701dbf5093d392e32021,negative,0,0.0,0.0,[],[],[],0.0,0
1032,264685,1.2.392.200036.9116.2.6.1.3268.2054351322.1642992369.995923,/home/mahsa-nasehi/Desktop/IAAA/fracture/iaaa-contest-bct/Data/training/1032/1.2.392.200036.9116.2.6.1.3268.2054351322.1642992369.995923.dcm,6,-513.8746290089999,512,512,0,0,heldout_patient_fold,aa2d72a2538f26976441e6d52c8c11ca964533e55b3978b8345a70a019d52638,ea81da4d34ee1570c8dd3460a4e44f8f247a0ba0f55b701dbf5093d392e32021,negative,0,0.0,0.0,[],[],[],0.0,0
1032,264685,1.2.392.200036.9116.2.6.1.3268.2054351322.1642992370.829208,/home/mahsa-nasehi/Desktop/IAAA/fracture/iaaa-contest-bct/Data/training/1032/1.2.392.200036.9116.2.6.1.3268.2054351322.1642992370.829208.dcm,7,-509.044979009,512,512,0,0,heldout_patient_fold,aa2d72a2538f26976441e6d52c8c11ca964533e55b3978b8345a70a019d52638,ea81da4d34ee1570c8dd3460a4e44f8f247a0ba0f55b701dbf5093d392e32021,negative,0,0.0,0.0,[],[],[],0.0,0
1032,264685,1.2.392.200036.9116.2.6.1.3268.2054351322.1642992371.452409,/home/mahsa-nasehi/Desktop/IAAA/fracture/iaaa-contest-bct/Data/training/1032/1.2.392.200036.9116.2.6.1.3268.2054351322.1642992371.452409.dcm,8,-504.21532900899996,512,512,0,0,heldout_patient_fold,aa2d72a2538f26976441e6d52c8c11ca964533e55b3978b8345a70a019d52638,ea81da4d34ee1570c8dd3460a4e44f8f247a0ba0f55b701dbf5093d392e32021,negative,0,0.0,0.0,[],[],[],0.0,0
1032,264685,1.2.392.200036.9116.2.6.1.3268.2054351322.1642992372.334889,/home/mahsa-nasehi/Desktop/IAAA/fracture/iaaa-contest-bct/Data/training/1032/1.2.392.200036.9116.2.6.1.3268.2054351322.1642992372.334889.dcm,9,-499.385679009,512,512,0,0,heldout_patient_fold,aa2d72a2538f26976441e6d52c8c11ca964533e55b3978b8345a70a019d52638,ea81da4d34ee1570c8dd3460a4e44f8f247a0ba0f55b701dbf5093d392e32021,negative,0,0.0,0.0,[],[],[],0.0,0
1032,264685,1.2.392.200036.9116.2.6.1.3268.2054351322.1642992373.146369,/home/mahsa-nasehi/Desktop/IAAA/fracture/iaaa-contest-bct/Data/training/1032/1.2.392.200036.9116.2.6.1.3268.2054351322.1642992373.146369.dcm,10,-494.55612560199995,512,512,0,0,heldout_patient_fold,aa2d72a2538f26976441e6d52c8c11ca964533e55b3978b8345a70a019d52638,ea81da4d34ee1570c8dd3460a4e44f8f247a0ba0f55b701dbf5093d392e32021,negative,0,0.0,0.0,[],[],[],0.0,0
1032,264685,1.2.392.200036.9116.2.6.1.3268.2054351322.1642992374.98162,/home/mahsa-nasehi/Desktop/IAAA/fracture/iaaa-contest-bct/Data/training/1032/1.2.392.200036.9116.2.6.1.3268.2054351322.1642992374.98162.dcm,11,-489.72647560199994,512,512,0,0,heldout_patient_fold,aa2d72a2538f26976441e6d52c8c11ca964533e55b3978b8345a70a019d52638,ea81da4d34ee1570c8dd3460a4e44f8f247a0ba0f55b701dbf5093d392e32021,negative,0,0.0,0.0,[],[],[],0.0,0
1032,264685,1.2.392.200036.9116.2.6.1.3268.2054351322.1642992374.839277,/home/mahsa-nasehi/Desktop/IAAA/fracture/iaaa-contest-bct/Data/training/1032/1.2.392.200036.9116.2.6.1.3268.2054351322.1642992374.839277.dcm,12,-484.896825602,512,512,0,0,heldout_patient_fold,aa2d72a2538f26976441e6d52c8c11ca964533e55b3978b8345a70a019d52638,ea81da4d34ee1570c8dd3460a4e44f8f247a0ba0f55b701dbf5093d392e32021,negative,0,0.0,0.0,[],[],[],0.0,0
1032,264685,1.2.392.200036.9116.2.6.1.3268.2054351322.1642992375.535056,/home/mahsa-nasehi/Desktop/IAAA/fracture/iaaa-contest-bct/Data/training/1032/1.2.392.200036.9116.2.6.1.3268.2054351322.1642992375.535056.dcm,13,-480.06717560199996,512,512,0,0,heldout_patient_fold,aa2d72a2538f26976441e6d52c8c11ca964533e55b3978b8345a70a019d52638,ea81da4d34ee1570c8dd3460a4e44f8f247a0ba0f55b701dbf5093d392e32021,negative,0,0.0,0.0,[],"[[57.5, 179.1666717529297, 94.0, 215.1666717529297]]",[0.050140380859375],0.050140380859375,1
1032,264685,1.2.392.200036.9116.2.6.1.3268.2054351322.1642992376.422713,/home/mahsa-nasehi/Desktop/IAAA/fracture/iaaa-contest-bct/Data/training/1032/1.2.392.200036.9116.2.6.1.3268.2054351322.1642992376.422713.dcm,14,-475.23752560199995,512,512,0,0,heldout_patient_fold,aa2d72a2538f26976441e6d52c8c11ca964533e55b3978b8345a70a019d52638,ea81da4d34ee1570c8dd3460a4e44f8f247a0ba0f55b701dbf5093d392e32021,negative,0,0.0,0.0,[],"[[52.25, 173.6666717529297, 88.41667175292969, 210.33334350585938]]",[0.0262603759765625],0.0262603759765625,1
1032,264685,1.2.392.200036.9116.2.6.1.3268.2054351322.1642992377.183924,/home/mahsa-nasehi/Desktop/IAAA/fracture/iaaa-contest-bct/Data/training/1032/1.2.392.200036.9116.2.6.1.3268.2054351322.1642992377.183924.dcm,15,-470.40787560199993,512,512,0,0,heldout_patient_fold,aa2d72a2538f26976441e6d52c8c11ca964533e55b3978b8345a70a019d52638,ea81da4d34ee1570c8dd3460a4e44f8f247a0ba0f55b701dbf5093d392e32021,negative,0,0.0,0.0,[],"[[44.583335876464844, 195.33334350585938, 80.75, 232.0]]",[0.012237548828125],0.012237548828125,1
1032,264685,1.2.392.200036.9116.2.6.1.3268.2054351322.1642992378.5057,/home/mahsa-nasehi/Desktop/IAAA/fracture/iaaa-contest-bct/Data/training/1032/1.2.392.200036.9116.2.6.1.3268.2054351322.1642992378.5057.dcm,16,-465.578225602,512,512,0,0,heldout_patient_fold,aa2d72a2538f26976441e6d52c8c11ca964533e55b3978b8345a70a019d52638,ea81da4d34ee1570c8dd3460a4e44f8f247a0ba0f55b701dbf5093d392e32021,negative,0,0.0,0.0,[],[],[],0.0,0
1032,264685,1.2.392.200036.9116.2.6.1.3268.2054351322.1642992378.726625,/home/mahsa-nasehi/Desktop/IAAA/fracture/iaaa-contest-bct/Data/training/1032/1.2.392.200036.9116.2.6.1.3268.2054351322.1642992378.726625.dcm,17,-460.74857560199996,512,512,0,0,heldout_patient_fold,aa2d72a2538f26976441e6d52c8c11ca964533e55b3978b8345a70a019d52638,ea81da4d34ee1570c8dd3460a4e44f8f247a0ba0f55b701dbf5093d392e32021,negative,0,0.0,0.0,[],[],[],0.0,0
1032,264685,1.2.392.200036.9116.2.6.1.3268.2054351322.1642992379.563297,/home/mahsa-nasehi/Desktop/IAAA/fracture/iaaa-contest-bct/Data/training/1032/1.2.392.200036.9116.2.6.1.3268.2054351322.1642992379.563297.dcm,18,-455.91892560199994,512,512,0,0,heldout_patient_fold,aa2d72a2538f26976441e6d52c8c11ca964533e55b3978b8345a70a019d52638,ea81da4d34ee1570c8dd3460a4e44f8f247a0ba0f55b701dbf5093d392e32021,negative,0,0.0,0.0,[],[],[],0.0,0
1032,264685,1.2.392.200036.9116.2.6.1.3268.2054351322.1642992380.259242,/home/mahsa-nasehi/Desktop/IAAA/fracture/iaaa-contest-bct/Data/training/1032/1.2.392.200036.9116.2.6.1.3268.2054351322.1642992380.259242.dcm,19,-451.08927560199993,512,512,0,0,heldout_patient_fold,aa2d72a2538f26976441e6d52c8c11ca964533e55b3978b8345a70a019d52638,ea81da4d34ee1570c8dd3460a4e44f8f247a0ba0f55b701dbf5093d392e32021,negative,0,0.0,0.0,[],"[[220.33334350585938, 110.0, 287.66668701171875, 174.33334350585938], [45.833335876464844, 219.0, 83.25, 255.33334350585938], [27.25, 206.0, 94.83333587646484, 268.66668701171875], [235.33334350585938, 120.33333587646484, 302.66668701171875, 185.0]]","[0.049407958984375, 0.0125732421875, 0.01177978515625, 0.01137542724609375]",0.049407958984375,4
1032,264685,1.2.392.200036.9116.2.6.1.3268.2054351322.1642992380.947383,/home/mahsa-nasehi/Desktop/IAAA/fracture/iaaa-contest-bct/Data/training/1032/1.2.392.200036.9116.2.6.1.3268.2054351322.1642992380.947383.dcm,20,-446.25962560199997,512,512,0,0,heldout_patient_fold,aa2d72a2538f26976441e6d52c8c11ca964533e55b3978b8345a70a019d52638,ea81da4d34ee1570c8dd3460a4e44f8f247a0ba0f55b701dbf5093d392e32021,negative,0,0.0,0.0,[],"[[228.6666717529297, 134.6666717529297, 295.3333435058594, 200.33334350585938], [196.33334350585938, 93.16667175292969, 331.3333435058594, 261.16668701171875]]","[0.0266571044921875, 0.01233673095703125]",0.0266571044921875,2
1032,264685,1.2.392.200036.9116.2.6.1.3268.2054351322.1642992381.754705,/home/mahsa-nasehi/Desktop/IAAA/fracture/iaaa-contest-bct/Data/training/1032/1.2.392.200036.9116.2.6.1.3268.2054351322.1642992381.754705.dcm,21,-441.42997560199996,512,512,0,0,heldout_patient_fold,aa2d72a2538f26976441e6d52c8c11ca964533e55b3978b8345a70a019d52638,ea81da4d34ee1570c8dd3460a4e44f8f247a0ba0f55b701dbf5093d392e32021,negative,0,0.0,0.0,[],"[[308.0, 297.0, 344.66668701171875, 332.3333435058594], [192.6666717529297, 127.0, 260.3333435058594, 188.6666717529297], [293.3333435058594, 286.3333435058594, 360.66668701171875, 349.3333435058594], [235.1666717529297, 153.83334350585938, 301.16668701171875, 216.5], [293.66668701171875, 307.0, 361.0, 371.0]]","[0.134765625, 0.02886962890625, 0.0185394287109375, 0.0169830322265625, 0.01137542724609375]",0.134765625,5
1032,264685,1.2.392.200036.9116.2.6.1.3268.2054351322.1642992382.553176,/home/mahsa-nasehi/Desktop/IAAA/fracture/iaaa-contest-bct/Data/training/1032/1.2.392.200036.9116.2.6.1.3268.2054351322.1642992382.553176.dcm,22,-436.60032560199994,512,512,0,0,heldout_patient_fold,aa2d72a2538f26976441e6d52c8c11ca964533e55b3978b8345a70a019d52638,ea81da4d34ee1570c8dd3460a4e44f8f247a0ba0f55b701dbf5093d392e32021,negative,0,0.0,0.0,[],"[[283.0, 295.66668701171875, 350.0, 360.0], [203.33334350585938, 148.6666717529297, 271.0, 210.0], [188.0, 137.6666717529297, 255.0, 199.33334350585938], [218.6666717529297, 159.5, 286.0, 221.83334350585938]]","[0.0838623046875, 0.044525146484375, 0.0184783935546875, 0.01233673095703125]",0.0838623046875,4
1032,264685,1.2.392.200036.9116.2.6.1.3268.2054351322.1642992383.353080,/home/mahsa-nasehi/Desktop/IAAA/fracture/iaaa-contest-bct/Data/training/1032/1.2.392.200036.9116.2.6.1.3268.2054351322.1642992383.353080.dcm,23,-431.770675602,512,512,0,0,heldout_patient_fold,aa2d72a2538f26976441e6d52c8c11ca964533e55b3978b8345a70a019d52638,ea81da4d34ee1570c8dd3460a4e44f8f247a0ba0f55b701dbf5093d392e32021,negative,0,0.0,0.0,[],[],[],0.0,0
1032,264685,1.2.392.200036.9116.2.6.1.3268.2054351322.1642992384.152747,/home/mahsa-nasehi/Desktop/IAAA/fracture/iaaa-contest-bct/Data/training/1032/1.2.392.200036.9116.2.6.1.3268.2054351322.1642992384.152747.dcm,24,-426.94102560199997,512,512,0,0,heldout_patient_fold,aa2d72a2538f26976441e6d52c8c11ca964533e55b3978b8345a70a019d52638,ea81da4d34ee1570c8dd3460a4e44f8f247a0ba0f55b701dbf5093d392e32021,negative,0,0.0,0.0,[],[],[],0.0,0
1032,264685,1.2.392.200036.9116.2.6.1.3268.2054351322.1642992384.947681,/home/mahsa-nasehi/Desktop/IAAA/fracture/iaaa-contest-bct/Data/training/1032/1.2.392.200036.9116.2.6.1.3268.2054351322.1642992384.947681.dcm,25,-422.11137560199995,512,512,0,0,heldout_patient_fold,aa2d72a2538f26976441e6d52c8c11ca964533e55b3978b8345a70a019d52638,ea81da4d34ee1570c8dd3460a4e44f8f247a0ba0f55b701dbf5093d392e32021,negative,0,0.0,0.0,[],[],[],0.0,0
1032,264685,1.2.392.200036.9116.2.6.1.3268.2054351322.1642992385.686157,/home/mahsa-nasehi/Desktop/IAAA/fracture/iaaa-contest-bct/Data/training/1032/1.2.392.200036.9116.2.6.1.3268.2054351322.1642992385.686157.dcm,26,-417.28172560199994,512,512,0,0,heldout_patient_fold,aa2d72a2538f26976441e6d52c8c11ca964533e55b3978b8345a70a019d52638,ea81da4d34ee1570c8dd3460a4e44f8f247a0ba0f55b701dbf5093d392e32021,negative,0,0.0,0.0,[],[],[],0.0,0
1032,264685,1.2.392.200036.9116.2.6.1.3268.2054351322.1642992386.412755,/home/mahsa-nasehi/Desktop/IAAA/fracture/iaaa-contest-bct/Data/training/1032/1.2.392.200036.9116.2.6.1.3268.2054351322.1642992386.412755.dcm,27,-412.452075602,512,512,0,0,heldout_patient_fold,aa2d72a2538f26976441e6d52c8c11ca964533e55b3978b8345a70a019d52638,ea81da4d34ee1570c8dd3460a4e44f8f247a0ba0f55b701dbf5093d392e32021,negative,0,0.0,0.0,[],[],[],0.0,0
1032,264685,1.2.392.200036.9116.2.6.1.3268.2054351322.1642992387.195409,/home/mahsa-nasehi/Desktop/IAAA/fracture/iaaa-contest-bct/Data/training/1032/1.2.392.200036.9116.2.6.1.3268.2054351322.1642992387.195409.dcm,28,-407.62242560199996,512,512,0,0,heldout_patient_fold,aa2d72a2538f26976441e6d52c8c11ca964533e55b3978b8345a70a019d52638,ea81da4d34ee1570c8dd3460a4e44f8f247a0ba0f55b701dbf5093d392e32021,negative,0,0.0,0.0,[],[],[],0.0,0
1033,264685,1.2.392.200036.9116.2.6.1.3268.2054351322.1643241313.443192,/home/mahsa-nasehi/Desktop/IAAA/fracture/iaaa-contest-bct/Data/training/1033/1.2.392.200036.9116.2.6.1.3268.2054351322.1643241313.443192.dcm,0,-420.0,512,512,0,0,heldout_patient_fold,aa2d72a2538f26976441e6d52c8c11ca964533e55b3978b8345a70a019d52638,ea81da4d34ee1570c8dd3460a4e44f8f247a0ba0f55b701dbf5093d392e32021,negative,0,0.0,0.0,[],"[[173.0, 146.6666717529297, 209.0, 184.0]]",[0.01348114013671875],0.01348114013671875,1
1033,264685,1.2.392.200036.9116.2.6.1.3268.2054351322.1643241314.833177,/home/mahsa-nasehi/Desktop/IAAA/fracture/iaaa-contest-bct/Data/training/1033/1.2.392.200036.9116.2.6.1.3268.2054351322.1643241314.833177.dcm,1,-415.0,512,512,0,0,heldout_patient_fold,aa2d72a2538f26976441e6d52c8c11ca964533e55b3978b8345a70a019d52638,ea81da4d34ee1570c8dd3460a4e44f8f247a0ba0f55b701dbf5093d392e32021,negative,0,0.0,0.0,[],[],[],0.0,0
1033,264685,1.2.392.200036.9116.2.6.1.3268.2054351322.1643241315.829307,/home/mahsa-nasehi/Desktop/IAAA/fracture/iaaa-contest-bct/Data/training/1033/1.2.392.200036.9116.2.6.1.3268.2054351322.1643241315.829307.dcm,2,-410.0,512,512,0,0,heldout_patient_fold,aa2d72a2538f26976441e6d52c8c11ca964533e55b3978b8345a70a019d52638,ea81da4d34ee1570c8dd3460a4e44f8f247a0ba0f55b701dbf5093d392e32021,negative,0,0.0,0.0,[],"[[308.66668701171875, 304.16668701171875, 344.66668701171875, 340.8333435058594]]",[0.050506591796875],0.050506591796875,1
1033,264685,1.2.392.200036.9116.2.6.1.3268.2054351322.1643241316.811392,/home/mahsa-nasehi/Desktop/IAAA/fracture/iaaa-contest-bct/Data/training/1033/1.2.392.200036.9116.2.6.1.3268.2054351322.1643241316.811392.dcm,3,-405.0,512,512,0,0,heldout_patient_fold,aa2d72a2538f26976441e6d52c8c11ca964533e55b3978b8345a70a019d52638,ea81da4d34ee1570c8dd3460a4e44f8f247a0ba0f55b701dbf5093d392e32021,negative,0,0.0,0.0,[],"[[261.3333435058594, 217.33334350585938, 326.0, 280.3333435058594]]",[0.0121002197265625],0.0121002197265625,1
1033,264685,1.2.392.200036.9116.2.6.1.3268.2054351322.1643241318.464886,/home/mahsa-nasehi/Desktop/IAAA/fracture/iaaa-contest-bct/Data/training/1033/1.2.392.200036.9116.2.6.1.3268.2054351322.1643241318.464886.dcm,4,-400.0,512,512,0,0,heldout_patient_fold,aa2d72a2538f26976441e6d52c8c11ca964533e55b3978b8345a70a019d52638,ea81da4d34ee1570c8dd3460a4e44f8f247a0ba0f55b701dbf5093d392e32021,negative,0,0.0,0.0,[],[],[],0.0,0
1033,264685,1.2.392.200036.9116.2.6.1.3268.2054351322.1643241320.538807,/home/mahsa-nasehi/Desktop/IAAA/fracture/iaaa-contest-bct/Data/training/1033/1.2.392.200036.9116.2.6.1.3268.2054351322.1643241320.538807.dcm,5,-395.0,512,512,0,0,heldout_patient_fold,aa2d72a2538f26976441e6d52c8c11ca964533e55b3978b8345a70a019d52638,ea81da4d34ee1570c8dd3460a4e44f8f247a0ba0f55b701dbf5093d392e32021,negative,0,0.0,0.0,[],[],[],0.0,0
1033,264685,1.2.392.200036.9116.2.6.1.3268.2054351322.1643241320.713861,/home/mahsa-nasehi/Desktop/IAAA/fracture/iaaa-contest-bct/Data/training/1033/1.2.392.200036.9116.2.6.1.3268.2054351322.1643241320.713861.dcm,6,-390.0,512,512,0,0,heldout_patient_fold,aa2d72a2538f26976441e6d52c8c11ca964533e55b3978b8345a70a019d52638,ea81da4d34ee1570c8dd3460a4e44f8f247a0ba0f55b701dbf5093d392e32021,negative,0,0.0,0.0,[],[],[],0.0,0
1033,264685,1.2.392.200036.9116.2.6.1.3268.2054351322.1643241322.170812,/home/mahsa-nasehi/Desktop/IAAA/fracture/iaaa-contest-bct/Data/training/1033/1.2.392.200036.9116.2.6.1.3268.2054351322.1643241322.170812.dcm,7,-385.0,512,512,0,0,heldout_patient_fold,aa2d72a2538f26976441e6d52c8c11ca964533e55b3978b8345a70a019d52638,ea81da4d34ee1570c8dd3460a4e44f8f247a0ba0f55b701dbf5093d392e32021,negative,0,0.0,0.0,[],[],[],0.0,0
1033,264685,1.2.392.200036.9116.2.6.1.3268.2054351322.1643241323.247209,/home/mahsa-nasehi/Desktop/IAAA/fracture/iaaa-contest-bct/Data/training/1033/1.2.392.200036.9116.2.6.1.3268.2054351322.1643241323.247209.dcm,8,-380.0,512,512,0,0,heldout_patient_fold,aa2d72a2538f26976441e6d52c8c11ca964533e55b3978b8345a70a019d52638,ea81da4d34ee1570c8dd3460a4e44f8f247a0ba0f55b701dbf5093d392e32021,negative,0,0.0,0.0,[],"[[69.91667175292969, 269.0, 135.75, 333.66668701171875]]",[0.0119171142578125],0.0119171142578125,1
1033,264685,1.2.392.200036.9116.2.6.1.3268.2054351322.1643241324.412512,/home/mahsa-nasehi/Desktop/IAAA/fracture/iaaa-contest-bct/Data/training/1033/1.2.392.200036.9116.2.6.1.3268.2054351322.1643241324.412512.dcm,9,-375.0,512,512,0,0,heldout_patient_fold,aa2d72a2538f26976441e6d52c8c11ca964533e55b3978b8345a70a019d52638,ea81da4d34ee1570c8dd3460a4e44f8f247a0ba0f55b701dbf5093d392e32021,negative,0,0.0,0.0,[],[],[],0.0,0
1033,264685,1.2.392.200036.9116.2.6.1.3268.2054351322.1643241325.984460,/home/mahsa-nasehi/Desktop/IAAA/fracture/iaaa-contest-bct/Data/training/1033/1.2.392.200036.9116.2.6.1.3268.2054351322.1643241325.984460.dcm,10,-370.0,512,512,0,0,heldout_patient_fold,aa2d72a2538f26976441e6d52c8c11ca964533e55b3978b8345a70a019d52638,ea81da4d34ee1570c8dd3460a4e44f8f247a0ba0f55b701dbf5093d392e32021,negative,0,0.0,0.0,[],"[[82.33333587646484, 323.3333435058594, 117.83333587646484, 360.0]]",[0.0139007568359375],0.0139007568359375,1
1033,264685,1.2.392.200036.9116.2.6.1.3268.2054351322.1643241327.85068,/home/mahsa-nasehi/Desktop/IAAA/fracture/iaaa-contest-bct/Data/training/1033/1.2.392.200036.9116.2.6.1.3268.2054351322.1643241327.85068.dcm,11,-365.0,512,512,0,0,heldout_patient_fold,aa2d72a2538f26976441e6d52c8c11ca964533e55b3978b8345a70a019d52638,ea81da4d34ee1570c8dd3460a4e44f8f247a0ba0f55b701dbf5093d392e32021,negative,0,0.0,0.0,[],[],[],0.0,0
1033,264685,1.2.392.200036.9116.2.6.1.3268.2054351322.1643241328.161838,/home/mahsa-nasehi/Desktop/IAAA/fracture/iaaa-contest-bct/Data/training/1033/1.2.392.200036.9116.2.6.1.3268.2054351322.1643241328.161838.dcm,12,-360.0,512,512,0,0,heldout_patient_fold,aa2d72a2538f26976441e6d52c8c11ca964533e55b3978b8345a70a019d52638,ea81da4d34ee1570c8dd3460a4e44f8f247a0ba0f55b701dbf5093d392e32021,negative,0,0.0,0.0,[],"[[87.16667175292969, 328.66668701171875, 123.5, 365.3333435058594]]",[0.015960693359375],0.015960693359375,1
1033,264685,1.2.392.200036.9116.2.6.1.3268.2054351322.1643241329.682273,/home/mahsa-nasehi/Desktop/IAAA/fracture/iaaa-contest-bct/Data/training/1033/1.2.392.200036.9116.2.6.1.3268.2054351322.1643241329.682273.dcm,13,-355.0,512,512,0,0,heldout_patient_fold,aa2d72a2538f26976441e6d52c8c11ca964533e55b3978b8345a70a019d52638,ea81da4d34ee1570c8dd3460a4e44f8f247a0ba0f55b701dbf5093d392e32021,negative,0,0.0,0.0,[],"[[126.16667175292969, 123.16667175292969, 163.33334350585938, 159.33334350585938]]",[0.0101318359375],0.0101318359375,1
1033,264685,1.2.392.200036.9116.2.6.1.3268.2054351322.1643241330.746288,/home/mahsa-nasehi/Desktop/IAAA/fracture/iaaa-contest-bct/Data/training/1033/1.2.392.200036.9116.2.6.1.3268.2054351322.1643241330.746288.dcm,14,-350.0,512,512,0,0,heldout_patient_fold,aa2d72a2538f26976441e6d52c8c11ca964533e55b3978b8345a70a019d52638,ea81da4d34ee1570c8dd3460a4e44f8f247a0ba0f55b701dbf5093d392e32021,negative,0,0.0,0.0,[],[],[],0.0,0
1033,264685,1.2.392.200036.9116.2.6.1.3268.2054351322.1643241331.756132,/home/mahsa-nasehi/Desktop/IAAA/fracture/iaaa-contest-bct/Data/training/1033/1.2.392.200036.9116.2.6.1.3268.2054351322.1643241331.756132.dcm,15,-345.0,512,512,0,0,heldout_patient_fold,aa2d72a2538f26976441e6d52c8c11ca964533e55b3978b8345a70a019d52638,ea81da4d34ee1570c8dd3460a4e44f8f247a0ba0f55b701dbf5093d392e32021,negative,0,0.0,0.0,[],[],[],0.0,0
1033,264685,1.2.392.200036.9116.2.6.1.3268.2054351322.1643241333.371742,/home/mahsa-nasehi/Desktop/IAAA/fracture/iaaa-contest-bct/Data/training/1033/1.2.392.200036.9116.2.6.1.3268.2054351322.1643241333.371742.dcm,16,-340.0,512,512,0,0,heldout_patient_fold,aa2d72a2538f26976441e6d52c8c11ca964533e55b3978b8345a70a019d52638,ea81da4d34ee1570c8dd3460a4e44f8f247a0ba0f55b701dbf5093d392e32021,negative,0,0.0,0.0,[],"[[359.3333435058594, 192.33334350585938, 395.3333435058594, 229.33334350585938]]",[0.0227203369140625],0.0227203369140625,1
1033,264685,1.2.392.200036.9116.2.6.1.3268.2054351322.1643241334.394639,/home/mahsa-nasehi/Desktop/IAAA/fracture/iaaa-contest-bct/Data/training/1033/1.2.392.200036.9116.2.6.1.3268.2054351322.1643241334.394639.dcm,17,-335.0,512,512,0,0,heldout_patient_fold,aa2d72a2538f26976441e6d52c8c11ca964533e55b3978b8345a70a019d52638,ea81da4d34ee1570c8dd3460a4e44f8f247a0ba0f55b701dbf5093d392e32021,negative,0,0.0,0.0,[],[],[],0.0,0
1033,264685,1.2.392.200036.9116.2.6.1.3268.2054351322.1643241335.492170,/home/mahsa-nasehi/Desktop/IAAA/fracture/iaaa-contest-bct/Data/training/1033/1.2.392.200036.9116.2.6.1.3268.2054351322.1643241335.492170.dcm,18,-330.0,512,512,0,0,heldout_patient_fold,aa2d72a2538f26976441e6d52c8c11ca964533e55b3978b8345a70a019d52638,ea81da4d34ee1570c8dd3460a4e44f8f247a0ba0f55b701dbf5093d392e32021,negative,0,0.0,0.0,[],[],[],0.0,0
1033,264685,1.2.392.200036.9116.2.6.1.3268.2054351322.1643241337.21618,/home/mahsa-nasehi/Desktop/IAAA/fracture/iaaa-contest-bct/Data/training/1033/1.2.392.200036.9116.2.6.1.3268.2054351322.1643241337.21618.dcm,19,-325.0,512,512,0,0,heldout_patient_fold,aa2d72a2538f26976441e6d52c8c11ca964533e55b3978b8345a70a019d52638,ea81da4d34ee1570c8dd3460a4e44f8f247a0ba0f55b701dbf5093d392e32021,negative,0,0.0,0.0,[],"[[101.33333587646484, 112.66667175292969, 168.33334350585938, 179.33334350585938], [86.0, 150.6666717529297, 153.6666717529297, 215.33334350585938], [356.3333435058594, 192.6666717529297, 393.0, 228.6666717529297], [362.0, 176.33334350585938, 398.0, 213.0]]","[0.028656005859375, 0.01282501220703125, 0.012237548828125, 0.0119171142578125]",0.028656005859375,4
1033,264685,1.2.392.200036.9116.2.6.1.3268.2054351322.1643241338.16996,/home/mahsa-nasehi/Desktop/IAAA/fracture/iaaa-contest-bct/Data/training/1033/1.2.392.200036.9116.2.6.1.3268.2054351322.1643241338.16996.dcm,20,-320.0,512,512,0,0,heldout_patient_fold,aa2d72a2538f26976441e6d52c8c11ca964533e55b3978b8345a70a019d52638,ea81da4d34ee1570c8dd3460a4e44f8f247a0ba0f55b701dbf5093d392e32021,negative,0,0.0,0.0,[],"[[350.66668701171875, 195.33334350585938, 387.3333435058594, 231.33334350585938], [90.83333587646484, 146.0, 157.0, 210.0], [105.66667175292969, 162.6666717529297, 141.6666717529297, 199.6666717529297]]","[0.056243896484375, 0.0203399658203125, 0.0181884765625]",0.056243896484375,3
1033,264685,1.2.392.200036.9116.2.6.1.3268.2054351322.1643241338.892900,/home/mahsa-nasehi/Desktop/IAAA/fracture/iaaa-contest-bct/Data/training/1033/1.2.392.200036.9116.2.6.1.3268.2054351322.1643241338.892900.dcm,21,-315.0,512,512,0,0,heldout_patient_fold,aa2d72a2538f26976441e6d52c8c11ca964533e55b3978b8345a70a019d52638,ea81da4d34ee1570c8dd3460a4e44f8f247a0ba0f55b701dbf5093d392e32021,negative,0,0.0,0.0,[],"[[259.0, 60.5, 395.3333435058594, 227.6666717529297], [346.0, 176.5, 382.0, 212.83334350585938]]","[0.047943115234375, 0.01094818115234375]",0.047943115234375,2
1033,264685,1.2.392.200036.9116.2.6.1.3268.2054351322.1643241340.169143,/home/mahsa-nasehi/Desktop/IAAA/fracture/iaaa-contest-bct/Data/training/1033/1.2.392.200036.9116.2.6.1.3268.2054351322.1643241340.169143.dcm,22,-310.0,512,512,0,0,heldout_patient_fold,aa2d72a2538f26976441e6d52c8c11ca964533e55b3978b8345a70a019d52638,ea81da4d34ee1570c8dd3460a4e44f8f247a0ba0f55b701dbf5093d392e32021,negative,0,0.0,0.0,[],"[[352.66668701171875, 261.66668701171875, 390.0, 297.66668701171875], [257.0, 89.5, 324.3333435058594, 152.1666717529297], [335.8333435058594, 245.0, 402.66668701171875, 306.3333435058594], [349.3333435058594, 281.0, 384.66668701171875, 317.0], [336.66668701171875, 266.0, 402.66668701171875, 328.3333435058594]]","[0.0364990234375, 0.036346435546875, 0.0185394287109375, 0.01422882080078125, 0.0103302001953125]",0.0364990234375,5
1033,264685,1.2.392.200036.9116.2.6.1.3268.2054351322.1643241340.838028,/home/mahsa-nasehi/Desktop/IAAA/fracture/iaaa-contest-bct/Data/training/1033/1.2.392.200036.9116.2.6.1.3268.2054351322.1643241340.838028.dcm,23,-305.0,512,512,0,0,heldout_patient_fold,aa2d72a2538f26976441e6d52c8c11ca964533e55b3978b8345a70a019d52638,ea81da4d34ee1570c8dd3460a4e44f8f247a0ba0f55b701dbf5093d392e32021,negative,0,0.0,0.0,[],"[[330.3333435058594, 265.0, 397.66668701171875, 328.66668701171875], [350.0, 280.3333435058594, 387.3333435058594, 316.66668701171875]]","[0.063232421875, 0.017181396484375]",0.063232421875,2
1033,264685,1.2.392.200036.9116.2.6.1.3268.2054351322.1643241341.403601,/home/mahsa-nasehi/Desktop/IAAA/fracture/iaaa-contest-bct/Data/training/1033/1.2.392.200036.9116.2.6.1.3268.2054351322.1643241341.403601.dcm,24,-300.0,512,512,0,0,heldout_patient_fold,aa2d72a2538f26976441e6d52c8c11ca964533e55b3978b8345a70a019d52638,ea81da4d34ee1570c8dd3460a4e44f8f247a0ba0f55b701dbf5093d392e32021,negative,0,0.0,0.0,[],"[[304.3333435058594, 170.33334350585938, 370.3333435058594, 231.0]]",[0.0225372314453125],0.0225372314453125,1
1033,264685,1.2.392.200036.9116.2.6.1.3268.2054351322.1643241342.367841,/home/mahsa-nasehi/Desktop/IAAA/fracture/iaaa-contest-bct/Data/training/1033/1.2.392.200036.9116.2.6.1.3268.2054351322.1643241342.367841.dcm,25,-295.0,512,512,0,0,heldout_patient_fold,aa2d72a2538f26976441e6d52c8c11ca964533e55b3978b8345a70a019d52638,ea81da4d34ee1570c8dd3460a4e44f8f247a0ba0f55b701dbf5093d392e32021,negative,0,0.0,0.0,[],[],[],0.0,0
1033,264685,1.2.392.200036.9116.2.6.1.3268.2054351322.1643241342.974399,/home/mahsa-nasehi/Desktop/IAAA/fracture/iaaa-contest-bct/Data/training/1033/1.2.392.200036.9116.2.6.1.3268.2054351322.1643241342.974399.dcm,26,-290.0,512,512,0,0,heldout_patient_fold,aa2d72a2538f26976441e6d52c8c11ca964533e55b3978b8345a70a019d52638,ea81da4d34ee1570c8dd3460a4e44f8f247a0ba0f55b701dbf5093d392e32021,negative,0,0.0,0.0,[],[],[],0.0,0
1164,330957,1.3.12.2.1107.5.1.4.92938.30000021042914004790000008410,/home/mahsa-nasehi/Desktop/IAAA/fracture/iaaa-contest-bct/Data/training/1164/1.3.12.2.1107.5.1.4.92938.30000021042914004790000008410.dcm,0,-373.2,512,512,0,0,heldout_patient_fold,aa2d72a2538f26976441e6d52c8c11ca964533e55b3978b8345a70a019d52638,ea81da4d34ee1570c8dd3460a4e44f8f247a0ba0f55b701dbf5093d392e32021,negative,0,0.0,0.0,[],[],[],0.0,0
1164,330957,1.3.12.2.1107.5.1.4.92938.30000021042914004790000008411,/home/mahsa-nasehi/Desktop/IAAA/fracture/iaaa-contest-bct/Data/training/1164/1.3.12.2.1107.5.1.4.92938.30000021042914004790000008411.dcm,1,-368.2,512,512,0,0,heldout_patient_fold,aa2d72a2538f26976441e6d52c8c11ca964533e55b3978b8345a70a019d52638,ea81da4d34ee1570c8dd3460a4e44f8f247a0ba0f55b701dbf5093d392e32021,negative,0,0.0,0.0,[],"[[153.1666717529297, 52.0, 289.8333435058594, 218.1666717529297]]",[0.0141143798828125],0.0141143798828125,1
1164,330957,1.3.12.2.1107.5.1.4.92938.30000021042914004790000008412,/home/mahsa-nasehi/Desktop/IAAA/fracture/iaaa-contest-bct/Data/training/1164/1.3.12.2.1107.5.1.4.92938.30000021042914004790000008412.dcm,2,-363.2,512,512,0,0,heldout_patient_fold,aa2d72a2538f26976441e6d52c8c11ca964533e55b3978b8345a70a019d52638,ea81da4d34ee1570c8dd3460a4e44f8f247a0ba0f55b701dbf5093d392e32021,negative,0,0.0,0.0,[],"[[197.6666717529297, 1.1666667461395264, 331.0, 164.5]]",[0.042572021484375],0.042572021484375,1
1164,330957,1.3.12.2.1107.5.1.4.92938.30000021042914004790000008413,/home/mahsa-nasehi/Desktop/IAAA/fracture/iaaa-contest-bct/Data/training/1164/1.3.12.2.1107.5.1.4.92938.30000021042914004790000008413.dcm,3,-358.2,512,512,0,0,heldout_patient_fold,aa2d72a2538f26976441e6d52c8c11ca964533e55b3978b8345a70a019d52638,ea81da4d34ee1570c8dd3460a4e44f8f247a0ba0f55b701dbf5093d392e32021,negative,0,0.0,0.0,[],"[[366.0, 211.0, 400.66668701171875, 249.0], [35.333335876464844, 164.58334350585938, 414.66668701171875, 380.66668701171875]]","[0.0203399658203125, 0.016021728515625]",0.0203399658203125,2
1164,330957,1.3.12.2.1107.5.1.4.92938.30000021042914004790000008414,/home/mahsa-nasehi/Desktop/IAAA/fracture/iaaa-contest-bct/Data/training/1164/1.3.12.2.1107.5.1.4.92938.30000021042914004790000008414.dcm,4,-353.2,512,512,0,0,heldout_patient_fold,aa2d72a2538f26976441e6d52c8c11ca964533e55b3978b8345a70a019d52638,ea81da4d34ee1570c8dd3460a4e44f8f247a0ba0f55b701dbf5093d392e32021,negative,0,0.0,0.0,[],"[[365.0, 213.33334350585938, 401.0, 251.0]]",[0.01090240478515625],0.01090240478515625,1
1164,330957,1.3.12.2.1107.5.1.4.92938.30000021042914004790000008415,/home/mahsa-nasehi/Desktop/IAAA/fracture/iaaa-contest-bct/Data/training/1164/1.3.12.2.1107.5.1.4.92938.30000021042914004790000008415.dcm,5,-348.2,512,512,0,0,heldout_patient_fold,aa2d72a2538f26976441e6d52c8c11ca964533e55b3978b8345a70a019d52638,ea81da4d34ee1570c8dd3460a4e44f8f247a0ba0f55b701dbf5093d392e32021,negative,0,0.0,0.0,[],[],[],0.0,0
1164,330957,1.3.12.2.1107.5.1.4.92938.30000021042914004790000008416,/home/mahsa-nasehi/Desktop/IAAA/fracture/iaaa-contest-bct/Data/training/1164/1.3.12.2.1107.5.1.4.92938.30000021042914004790000008416.dcm,6,-343.2,512,512,0,0,heldout_patient_fold,aa2d72a2538f26976441e6d52c8c11ca964533e55b3978b8345a70a019d52638,ea81da4d34ee1570c8dd3460a4e44f8f247a0ba0f55b701dbf5093d392e32021,negative,0,0.0,0.0,[],"[[119.66667175292969, 330.66668701171875, 155.33334350585938, 368.0]]",[0.04534912109375],0.04534912109375,1
1164,330957,1.3.12.2.1107.5.1.4.92938.30000021042914004790000008417,/home/mahsa-nasehi/Desktop/IAAA/fracture/iaaa-contest-bct/Data/training/1164/1.3.12.2.1107.5.1.4.92938.30000021042914004790000008417.dcm,7,-338.2,512,512,0,0,heldout_patient_fold,aa2d72a2538f26976441e6d52c8c11ca964533e55b3978b8345a70a019d52638,ea81da4d34ee1570c8dd3460a4e44f8f247a0ba0f55b701dbf5093d392e32021,negative,0,0.0,0.0,[],"[[117.41667175292969, 336.0, 152.08334350585938, 374.0]]",[0.034088134765625],0.034088134765625,1
1164,330957,1.3.12.2.1107.5.1.4.92938.30000021042914004790000008418,/home/mahsa-nasehi/Desktop/IAAA/fracture/iaaa-contest-bct/Data/training/1164/1.3.12.2.1107.5.1.4.92938.30000021042914004790000008418.dcm,8,-333.2,512,512,0,0,heldout_patient_fold,aa2d72a2538f26976441e6d52c8c11ca964533e55b3978b8345a70a019d52638,ea81da4d34ee1570c8dd3460a4e44f8f247a0ba0f55b701dbf5093d392e32021,negative,0,0.0,0.0,[],[],[],0.0,0
1164,330957,1.3.12.2.1107.5.1.4.92938.30000021042914004790000008419,/home/mahsa-nasehi/Desktop/IAAA/fracture/iaaa-contest-bct/Data/training/1164/1.3.12.2.1107.5.1.4.92938.30000021042914004790000008419.dcm,9,-328.2,512,512,0,0,heldout_patient_fold,aa2d72a2538f26976441e6d52c8c11ca964533e55b3978b8345a70a019d52638,ea81da4d34ee1570c8dd3460a4e44f8f247a0ba0f55b701dbf5093d392e32021,negative,0,0.0,0.0,[],[],[],0.0,0
1164,330957,1.3.12.2.1107.5.1.4.92938.30000021042914004790000008420,/home/mahsa-nasehi/Desktop/IAAA/fracture/iaaa-contest-bct/Data/training/1164/1.3.12.2.1107.5.1.4.92938.30000021042914004790000008420.dcm,10,-323.2,512,512,0,0,heldout_patient_fold,aa2d72a2538f26976441e6d52c8c11ca964533e55b3978b8345a70a019d52638,ea81da4d34ee1570c8dd3460a4e44f8f247a0ba0f55b701dbf5093d392e32021,negative,0,0.0,0.0,[],"[[87.16667175292969, 275.0, 123.5, 311.66668701171875]]",[0.0160980224609375],0.0160980224609375,1
1164,330957,1.3.12.2.1107.5.1.4.92938.30000021042914004790000008421,/home/mahsa-nasehi/Desktop/IAAA/fracture/iaaa-contest-bct/Data/training/1164/1.3.12.2.1107.5.1.4.92938.30000021042914004790000008421.dcm,11,-318.2,512,512,0,0,heldout_patient_fold,aa2d72a2538f26976441e6d52c8c11ca964533e55b3978b8345a70a019d52638,ea81da4d34ee1570c8dd3460a4e44f8f247a0ba0f55b701dbf5093d392e32021,negative,0,0.0,0.0,[],[],[],0.0,0
1164,330957,1.3.12.2.1107.5.1.4.92938.30000021042914004790000008422,/home/mahsa-nasehi/Desktop/IAAA/fracture/iaaa-contest-bct/Data/training/1164/1.3.12.2.1107.5.1.4.92938.30000021042914004790000008422.dcm,12,-313.2,512,512,0,0,heldout_patient_fold,aa2d72a2538f26976441e6d52c8c11ca964533e55b3978b8345a70a019d52638,ea81da4d34ee1570c8dd3460a4e44f8f247a0ba0f55b701dbf5093d392e32021,negative,0,0.0,0.0,[],[],[],0.0,0
1164,330957,1.3.12.2.1107.5.1.4.92938.30000021042914004790000008423,/home/mahsa-nasehi/Desktop/IAAA/fracture/iaaa-contest-bct/Data/training/1164/1.3.12.2.1107.5.1.4.92938.30000021042914004790000008423.dcm,13,-308.2,512,512,0,0,heldout_patient_fold,aa2d72a2538f26976441e6d52c8c11ca964533e55b3978b8345a70a019d52638,ea81da4d34ee1570c8dd3460a4e44f8f247a0ba0f55b701dbf5093d392e32021,negative,0,0.0,0.0,[],[],[],0.0,0
1164,330957,1.3.12.2.1107.5.1.4.92938.30000021042914004790000008424,/home/mahsa-nasehi/Desktop/IAAA/fracture/iaaa-contest-bct/Data/training/1164/1.3.12.2.1107.5.1.4.92938.30000021042914004790000008424.dcm,14,-303.2,512,512,0,0,heldout_patient_fold,aa2d72a2538f26976441e6d52c8c11ca964533e55b3978b8345a70a019d52638,ea81da4d34ee1570c8dd3460a4e44f8f247a0ba0f55b701dbf5093d392e32021,negative,0,0.0,0.0,[],[],[],0.0,0
1164,330957,1.3.12.2.1107.5.1.4.92938.30000021042914004790000008425,/home/mahsa-nasehi/Desktop/IAAA/fracture/iaaa-contest-bct/Data/training/1164/1.3.12.2.1107.5.1.4.92938.30000021042914004790000008425.dcm,15,-298.2,512,512,0,0,heldout_patient_fold,aa2d72a2538f26976441e6d52c8c11ca964533e55b3978b8345a70a019d52638,ea81da4d34ee1570c8dd3460a4e44f8f247a0ba0f55b701dbf5093d392e32021,negative,0,0.0,0.0,[],[],[],0.0,0
1164,330957,1.3.12.2.1107.5.1.4.92938.30000021042914004790000008426,/home/mahsa-nasehi/Desktop/IAAA/fracture/iaaa-contest-bct/Data/training/1164/1.3.12.2.1107.5.1.4.92938.30000021042914004790000008426.dcm,16,-293.2,512,512,0,0,heldout_patient_fold,aa2d72a2538f26976441e6d52c8c11ca964533e55b3978b8345a70a019d52638,ea81da4d34ee1570c8dd3460a4e44f8f247a0ba0f55b701dbf5093d392e32021,negative,0,0.0,0.0,[],[],[],0.0,0
1164,330957,1.3.12.2.1107.5.1.4.92938.30000021042914004790000008427,/home/mahsa-nasehi/Desktop/IAAA/fracture/iaaa-contest-bct/Data/training/1164/1.3.12.2.1107.5.1.4.92938.30000021042914004790000008427.dcm,17,-288.2,512,512,0,0,heldout_patient_fold,aa2d72a2538f26976441e6d52c8c11ca964533e55b3978b8345a70a019d52638,ea81da4d34ee1570c8dd3460a4e44f8f247a0ba0f55b701dbf5093d392e32021,negative,0,0.0,0.0,[],[],[],0.0,0
1164,330957,1.3.12.2.1107.5.1.4.92938.30000021042914004790000008428,/home/mahsa-nasehi/Desktop/IAAA/fracture/iaaa-contest-bct/Data/training/1164/1.3.12.2.1107.5.1.4.92938.30000021042914004790000008428.dcm,18,-283.2,512,512,0,0,heldout_patient_fold,aa2d72a2538f26976441e6d52c8c11ca964533e55b3978b8345a70a019d52638,ea81da4d34ee1570c8dd3460a4e44f8f247a0ba0f55b701dbf5093d392e32021,negative,0,0.0,0.0,[],[],[],0.0,0
1164,330957,1.3.12.2.1107.5.1.4.92938.30000021042914004790000008429,/home/mahsa-nasehi/Desktop/IAAA/fracture/iaaa-contest-bct/Data/training/1164/1.3.12.2.1107.5.1.4.92938.30000021042914004790000008429.dcm,19,-278.2,512,512,0,0,heldout_patient_fold,aa2d72a2538f26976441e6d52c8c11ca964533e55b3978b8345a70a019d52638,ea81da4d34ee1570c8dd3460a4e44f8f247a0ba0f55b701dbf5093d392e32021,negative,0,0.0,0.0,[],[],[],0.0,0
1164,330957,1.3.12.2.1107.5.1.4.92938.30000021042914004790000008430,/home/mahsa-nasehi/Desktop/IAAA/fracture/iaaa-contest-bct/Data/training/1164/1.3.12.2.1107.5.1.4.92938.30000021042914004790000008430.dcm,20,-273.2,512,512,0,0,heldout_patient_fold,aa2d72a2538f26976441e6d52c8c11ca964533e55b3978b8345a70a019d52638,ea81da4d34ee1570c8dd3460a4e44f8f247a0ba0f55b701dbf5093d392e32021,negative,0,0.0,0.0,[],[],[],0.0,0
1164,330957,1.3.12.2.1107.5.1.4.92938.30000021042914004790000008431,/home/mahsa-nasehi/Desktop/IAAA/fracture/iaaa-contest-bct/Data/training/1164/1.3.12.2.1107.5.1.4.92938.30000021042914004790000008431.dcm,21,-268.2,512,512,0,0,heldout_patient_fold,aa2d72a2538f26976441e6d52c8c11ca964533e55b3978b8345a70a019d52638,ea81da4d34ee1570c8dd3460a4e44f8f247a0ba0f55b701dbf5093d392e32021,negative,0,0.0,0.0,[],[],[],0.0,0
1164,330957,1.3.12.2.1107.5.1.4.92938.30000021042914004790000008432,/home/mahsa-nasehi/Desktop/IAAA/fracture/iaaa-contest-bct/Data/training/1164/1.3.12.2.1107.5.1.4.92938.30000021042914004790000008432.dcm,22,-263.2,512,512,0,0,heldout_patient_fold,aa2d72a2538f26976441e6d52c8c11ca964533e55b3978b8345a70a019d52638,ea81da4d34ee1570c8dd3460a4e44f8f247a0ba0f55b701dbf5093d392e32021,negative,0,0.0,0.0,[],[],[],0.0,0
1164,330957,1.3.12.2.1107.5.1.4.92938.30000021042914004790000008433,/home/mahsa-nasehi/Desktop/IAAA/fracture/iaaa-contest-bct/Data/training/1164/1.3.12.2.1107.5.1.4.92938.30000021042914004790000008433.dcm,23,-258.2,512,512,0,0,heldout_patient_fold,aa2d72a2538f26976441e6d52c8c11ca964533e55b3978b8345a70a019d52638,ea81da4d34ee1570c8dd3460a4e44f8f247a0ba0f55b701dbf5093d392e32021,negative,0,0.0,0.0,[],[],[],0.0,0
1164,330957,1.3.12.2.1107.5.1.4.92938.30000021042914004790000008434,/home/mahsa-nasehi/Desktop/IAAA/fracture/iaaa-contest-bct/Data/training/1164/1.3.12.2.1107.5.1.4.92938.30000021042914004790000008434.dcm,24,-253.2,512,512,0,0,heldout_patient_fold,aa2d72a2538f26976441e6d52c8c11ca964533e55b3978b8345a70a019d52638,ea81da4d34ee1570c8dd3460a4e44f8f247a0ba0f55b701dbf5093d392e32021,negative,0,0.0,0.0,[],"[[375.3333435058594, 227.33334350585938, 411.3333435058594, 264.0], [357.3333435058594, 211.0, 425.3333435058594, 276.3333435058594], [96.5, 186.33334350585938, 163.5, 247.33334350585938], [110.33333587646484, 200.33334350585938, 147.33334350585938, 237.33334350585938], [375.66668701171875, 213.1666717529297, 411.66668701171875, 250.83334350585938]]","[0.138427734375, 0.1268310546875, 0.01467132568359375, 0.0116424560546875, 0.0110321044921875]",0.138427734375,5
1164,330957,1.3.12.2.1107.5.1.4.92938.30000021042914004790000008435,/home/mahsa-nasehi/Desktop/IAAA/fracture/iaaa-contest-bct/Data/training/1164/1.3.12.2.1107.5.1.4.92938.30000021042914004790000008435.dcm,25,-248.2,512,512,0,0,heldout_patient_fold,aa2d72a2538f26976441e6d52c8c11ca964533e55b3978b8345a70a019d52638,ea81da4d34ee1570c8dd3460a4e44f8f247a0ba0f55b701dbf5093d392e32021,negative,0,0.0,0.0,[],"[[348.0, 196.0, 416.0, 256.66668701171875], [361.66668701171875, 226.6666717529297, 398.3333435058594, 264.0], [345.66668701171875, 215.33334350585938, 414.3333435058594, 280.0], [131.6666717529297, 211.33334350585938, 168.6666717529297, 247.33334350585938], [112.83333587646484, 201.0, 179.5, 263.0]]","[0.2509765625, 0.0836181640625, 0.063232421875, 0.031494140625, 0.01214599609375]",0.2509765625,5
1164,330957,1.3.12.2.1107.5.1.4.92938.30000021042914004790000008436,/home/mahsa-nasehi/Desktop/IAAA/fracture/iaaa-contest-bct/Data/training/1164/1.3.12.2.1107.5.1.4.92938.30000021042914004790000008436.dcm,26,-243.2,512,512,0,0,heldout_patient_fold,aa2d72a2538f26976441e6d52c8c11ca964533e55b3978b8345a70a019d52638,ea81da4d34ee1570c8dd3460a4e44f8f247a0ba0f55b701dbf5093d392e32021,negative,0,0.0,0.0,[],"[[326.5, 271.66668701171875, 393.3333435058594, 333.0], [315.3333435058594, 136.33334350585938, 382.66668701171875, 200.0], [281.0, 92.0, 419.66668701171875, 258.3333435058594], [331.3333435058594, 217.33334350585938, 398.0, 278.66668701171875]]","[0.033843994140625, 0.023956298828125, 0.01507568359375, 0.01056671142578125]",0.033843994140625,4
1164,330957,1.3.12.2.1107.5.1.4.92938.30000021042914004790000008437,/home/mahsa-nasehi/Desktop/IAAA/fracture/iaaa-contest-bct/Data/training/1164/1.3.12.2.1107.5.1.4.92938.30000021042914004790000008437.dcm,27,-238.2,512,512,0,0,heldout_patient_fold,aa2d72a2538f26976441e6d52c8c11ca964533e55b3978b8345a70a019d52638,ea81da4d34ee1570c8dd3460a4e44f8f247a0ba0f55b701dbf5093d392e32021,negative,0,0.0,0.0,[],"[[140.0, 208.33334350585938, 207.0, 268.66668701171875], [157.6666717529297, 221.5, 195.33334350585938, 257.8333435058594]]","[0.04779052734375, 0.034759521484375]",0.04779052734375,2
1164,330957,1.3.12.2.1107.5.1.4.92938.30000021042914004790000008438,/home/mahsa-nasehi/Desktop/IAAA/fracture/iaaa-contest-bct/Data/training/1164/1.3.12.2.1107.5.1.4.92938.30000021042914004790000008438.dcm,28,-233.2,512,512,0,0,heldout_patient_fold,aa2d72a2538f26976441e6d52c8c11ca964533e55b3978b8345a70a019d52638,ea81da4d34ee1570c8dd3460a4e44f8f247a0ba0f55b701dbf5093d392e32021,negative,0,0.0,0.0,[],"[[161.5, 215.33334350585938, 228.1666717529297, 273.3333435058594], [179.0, 226.6666717529297, 216.33334350585938, 263.3333435058594]]","[0.056243896484375, 0.020721435546875]",0.056243896484375,2
1164,330957,1.3.12.2.1107.5.1.4.92938.30000021042914004790000008439,/home/mahsa-nasehi/Desktop/IAAA/fracture/iaaa-contest-bct/Data/training/1164/1.3.12.2.1107.5.1.4.92938.30000021042914004790000008439.dcm,29,-228.2,512,512,0,0,heldout_patient_fold,aa2d72a2538f26976441e6d52c8c11ca964533e55b3978b8345a70a019d52638,ea81da4d34ee1570c8dd3460a4e44f8f247a0ba0f55b701dbf5093d392e32021,negative,0,0.0,0.0,[],[],[],0.0,0
1164,330957,1.3.12.2.1107.5.1.4.92938.30000021042914004790000008440,/home/mahsa-nasehi/Desktop/IAAA/fracture/iaaa-contest-bct/Data/training/1164/1.3.12.2.1107.5.1.4.92938.30000021042914004790000008440.dcm,30,-223.2,512,512,0,0,heldout_patient_fold,aa2d72a2538f26976441e6d52c8c11ca964533e55b3978b8345a70a019d52638,ea81da4d34ee1570c8dd3460a4e44f8f247a0ba0f55b701dbf5093d392e32021,negative,0,0.0,0.0,[],[],[],0.0,0
1164,330957,1.3.12.2.1107.5.1.4.92938.30000021042914004790000008441,/home/mahsa-nasehi/Desktop/IAAA/fracture/iaaa-contest-bct/Data/training/1164/1.3.12.2.1107.5.1.4.92938.30000021042914004790000008441.dcm,31,-218.2,512,512,0,0,heldout_patient_fold,aa2d72a2538f26976441e6d52c8c11ca964533e55b3978b8345a70a019d52638,ea81da4d34ee1570c8dd3460a4e44f8f247a0ba0f55b701dbf5093d392e32021,negative,0,0.0,0.0,[],[],[],0.0,0
1164,330957,1.3.12.2.1107.5.1.4.92938.30000021042914004790000008442,/home/mahsa-nasehi/Desktop/IAAA/fracture/iaaa-contest-bct/Data/training/1164/1.3.12.2.1107.5.1.4.92938.30000021042914004790000008442.dcm,32,-213.2,512,512,0,0,heldout_patient_fold,aa2d72a2538f26976441e6d52c8c11ca964533e55b3978b8345a70a019d52638,ea81da4d34ee1570c8dd3460a4e44f8f247a0ba0f55b701dbf5093d392e32021,negative,0,0.0,0.0,[],[],[],0.0,0
1734,597149,1.2.392.200036.9116.2.6.1.48.1211476691.1503846222.793211,/home/mahsa-nasehi/Desktop/IAAA/fracture/iaaa-contest-bct/Data/training/1734/1.2.392.200036.9116.2.6.1.48.1211476691.1503846222.793211.dcm,0,-573.80589895,512,512,0,0,heldout_patient_fold,aa2d72a2538f26976441e6d52c8c11ca964533e55b3978b8345a70a019d52638,ea81da4d34ee1570c8dd3460a4e44f8f247a0ba0f55b701dbf5093d392e32021,negative,0,0.0,0.0,[],[],[],0.0,0
1734,597149,1.2.392.200036.9116.2.6.1.48.1211476691.1503846223.46802,/home/mahsa-nasehi/Desktop/IAAA/fracture/iaaa-contest-bct/Data/training/1734/1.2.392.200036.9116.2.6.1.48.1211476691.1503846223.46802.dcm,1,-565.8009239500001,512,512,0,0,heldout_patient_fold,aa2d72a2538f26976441e6d52c8c11ca964533e55b3978b8345a70a019d52638,ea81da4d34ee1570c8dd3460a4e44f8f247a0ba0f55b701dbf5093d392e32021,negative,0,0.0,0.0,[],[],[],0.0,0
1734,597149,1.2.392.200036.9116.2.6.1.48.1211476691.1503846223.312853,/home/mahsa-nasehi/Desktop/IAAA/fracture/iaaa-contest-bct/Data/training/1734/1.2.392.200036.9116.2.6.1.48.1211476691.1503846223.312853.dcm,2,-557.80565195,512,512,0,0,heldout_patient_fold,aa2d72a2538f26976441e6d52c8c11ca964533e55b3978b8345a70a019d52638,ea81da4d34ee1570c8dd3460a4e44f8f247a0ba0f55b701dbf5093d392e32021,negative,0,0.0,0.0,[],"[[132.5, 317.3333435058594, 168.83334350585938, 354.66668701171875]]",[0.01177978515625],0.01177978515625,1
1734,597149,1.2.392.200036.9116.2.6.1.48.1211476691.1503846223.568939,/home/mahsa-nasehi/Desktop/IAAA/fracture/iaaa-contest-bct/Data/training/1734/1.2.392.200036.9116.2.6.1.48.1211476691.1503846223.568939.dcm,3,-549.80067695,512,512,0,0,heldout_patient_fold,aa2d72a2538f26976441e6d52c8c11ca964533e55b3978b8345a70a019d52638,ea81da4d34ee1570c8dd3460a4e44f8f247a0ba0f55b701dbf5093d392e32021,negative,0,0.0,0.0,[],[],[],0.0,0
1734,597149,1.2.392.200036.9116.2.6.1.48.1211476691.1503846226.366703,/home/mahsa-nasehi/Desktop/IAAA/fracture/iaaa-contest-bct/Data/training/1734/1.2.392.200036.9116.2.6.1.48.1211476691.1503846226.366703.dcm,4,-542.7562989500001,512,512,0,0,heldout_patient_fold,aa2d72a2538f26976441e6d52c8c11ca964533e55b3978b8345a70a019d52638,ea81da4d34ee1570c8dd3460a4e44f8f247a0ba0f55b701dbf5093d392e32021,negative,0,0.0,0.0,[],[],[],0.0,0
1734,597149,1.2.392.200036.9116.2.6.1.48.1211476691.1503846226.625754,/home/mahsa-nasehi/Desktop/IAAA/fracture/iaaa-contest-bct/Data/training/1734/1.2.392.200036.9116.2.6.1.48.1211476691.1503846226.625754.dcm,5,-534.75132395,512,512,0,0,heldout_patient_fold,aa2d72a2538f26976441e6d52c8c11ca964533e55b3978b8345a70a019d52638,ea81da4d34ee1570c8dd3460a4e44f8f247a0ba0f55b701dbf5093d392e32021,negative,0,0.0,0.0,[],"[[343.3333435058594, 355.3333435058594, 379.3333435058594, 392.0], [124.83333587646484, 341.66668701171875, 160.5, 378.3333435058594]]","[0.035003662109375, 0.026458740234375]",0.035003662109375,2
1734,597149,1.2.392.200036.9116.2.6.1.48.1211476691.1503846226.891477,/home/mahsa-nasehi/Desktop/IAAA/fracture/iaaa-contest-bct/Data/training/1734/1.2.392.200036.9116.2.6.1.48.1211476691.1503846226.891477.dcm,6,-526.75605195,512,512,0,0,heldout_patient_fold,aa2d72a2538f26976441e6d52c8c11ca964533e55b3978b8345a70a019d52638,ea81da4d34ee1570c8dd3460a4e44f8f247a0ba0f55b701dbf5093d392e32021,negative,0,0.0,0.0,[],[],[],0.0,0
1734,597149,1.2.392.200036.9116.2.6.1.48.1211476691.1503846227.148158,/home/mahsa-nasehi/Desktop/IAAA/fracture/iaaa-contest-bct/Data/training/1734/1.2.392.200036.9116.2.6.1.48.1211476691.1503846227.148158.dcm,7,-518.75107695,512,512,0,0,heldout_patient_fold,aa2d72a2538f26976441e6d52c8c11ca964533e55b3978b8345a70a019d52638,ea81da4d34ee1570c8dd3460a4e44f8f247a0ba0f55b701dbf5093d392e32021,negative,0,0.0,0.0,[],[],[],0.0,0
1734,597149,1.2.392.200036.9116.2.6.1.48.1211476691.1503846229.933178,/home/mahsa-nasehi/Desktop/IAAA/fracture/iaaa-contest-bct/Data/training/1734/1.2.392.200036.9116.2.6.1.48.1211476691.1503846229.933178.dcm,8,-511.70669895000003,512,512,0,0,heldout_patient_fold,aa2d72a2538f26976441e6d52c8c11ca964533e55b3978b8345a70a019d52638,ea81da4d34ee1570c8dd3460a4e44f8f247a0ba0f55b701dbf5093d392e32021,negative,0,0.0,0.0,[],[],[],0.0,0
1734,597149,1.2.392.200036.9116.2.6.1.48.1211476691.1503846230.192196,/home/mahsa-nasehi/Desktop/IAAA/fracture/iaaa-contest-bct/Data/training/1734/1.2.392.200036.9116.2.6.1.48.1211476691.1503846230.192196.dcm,9,-503.70172395000003,512,512,0,0,heldout_patient_fold,aa2d72a2538f26976441e6d52c8c11ca964533e55b3978b8345a70a019d52638,ea81da4d34ee1570c8dd3460a4e44f8f247a0ba0f55b701dbf5093d392e32021,negative,0,0.0,0.0,[],[],[],0.0,0
1734,597149,1.2.392.200036.9116.2.6.1.48.1211476691.1503846230.458655,/home/mahsa-nasehi/Desktop/IAAA/fracture/iaaa-contest-bct/Data/training/1734/1.2.392.200036.9116.2.6.1.48.1211476691.1503846230.458655.dcm,10,-495.70645195000003,512,512,0,0,heldout_patient_fold,aa2d72a2538f26976441e6d52c8c11ca964533e55b3978b8345a70a019d52638,ea81da4d34ee1570c8dd3460a4e44f8f247a0ba0f55b701dbf5093d392e32021,negative,0,0.0,0.0,[],[],[],0.0,0
1734,597149,1.2.392.200036.9116.2.6.1.48.1211476691.1503846230.717332,/home/mahsa-nasehi/Desktop/IAAA/fracture/iaaa-contest-bct/Data/training/1734/1.2.392.200036.9116.2.6.1.48.1211476691.1503846230.717332.dcm,11,-487.70147695,512,512,0,0,heldout_patient_fold,aa2d72a2538f26976441e6d52c8c11ca964533e55b3978b8345a70a019d52638,ea81da4d34ee1570c8dd3460a4e44f8f247a0ba0f55b701dbf5093d392e32021,negative,0,0.0,0.0,[],[],[],0.0,0
1734,597149,1.2.392.200036.9116.2.6.1.48.1211476691.1503846233.517970,/home/mahsa-nasehi/Desktop/IAAA/fracture/iaaa-contest-bct/Data/training/1734/1.2.392.200036.9116.2.6.1.48.1211476691.1503846233.517970.dcm,12,-480.65709895000003,512,512,0,0,heldout_patient_fold,aa2d72a2538f26976441e6d52c8c11ca964533e55b3978b8345a70a019d52638,ea81da4d34ee1570c8dd3460a4e44f8f247a0ba0f55b701dbf5093d392e32021,negative,0,0.0,0.0,[],"[[331.66668701171875, 167.9166717529297, 399.0, 232.0], [279.16668701171875, 102.33333587646484, 426.0, 278.0]]","[0.0162811279296875, 0.012237548828125]",0.0162811279296875,2
1734,597149,1.2.392.200036.9116.2.6.1.48.1211476691.1503846233.775479,/home/mahsa-nasehi/Desktop/IAAA/fracture/iaaa-contest-bct/Data/training/1734/1.2.392.200036.9116.2.6.1.48.1211476691.1503846233.775479.dcm,13,-472.65212395000003,512,512,0,0,heldout_patient_fold,aa2d72a2538f26976441e6d52c8c11ca964533e55b3978b8345a70a019d52638,ea81da4d34ee1570c8dd3460a4e44f8f247a0ba0f55b701dbf5093d392e32021,negative,0,0.0,0.0,[],"[[260.3333435058594, 104.5, 397.3333435058594, 274.16668701171875], [305.0, 164.9166717529297, 373.0, 225.6666717529297], [353.3333435058594, 320.66668701171875, 390.0, 356.66668701171875], [337.5, 244.6666717529297, 404.0, 306.0]]","[0.0284423828125, 0.0125732421875, 0.0108184814453125, 0.01029205322265625]",0.0284423828125,4
1734,597149,1.2.392.200036.9116.2.6.1.48.1211476691.1503846234.58932,/home/mahsa-nasehi/Desktop/IAAA/fracture/iaaa-contest-bct/Data/training/1734/1.2.392.200036.9116.2.6.1.48.1211476691.1503846234.58932.dcm,14,-464.65685195000003,512,512,0,0,heldout_patient_fold,aa2d72a2538f26976441e6d52c8c11ca964533e55b3978b8345a70a019d52638,ea81da4d34ee1570c8dd3460a4e44f8f247a0ba0f55b701dbf5093d392e32021,negative,0,0.0,0.0,[],[],[],0.0,0
1734,597149,1.2.392.200036.9116.2.6.1.48.1211476691.1503846234.298681,/home/mahsa-nasehi/Desktop/IAAA/fracture/iaaa-contest-bct/Data/training/1734/1.2.392.200036.9116.2.6.1.48.1211476691.1503846234.298681.dcm,15,-456.65187695000003,512,512,0,0,heldout_patient_fold,aa2d72a2538f26976441e6d52c8c11ca964533e55b3978b8345a70a019d52638,ea81da4d34ee1570c8dd3460a4e44f8f247a0ba0f55b701dbf5093d392e32021,negative,0,0.0,0.0,[],[],[],0.0,0
1927,686247,1.3.12.2.1107.5.1.4.92938.30000021120404312402200110038,/home/mahsa-nasehi/Desktop/IAAA/fracture/iaaa-contest-bct/Data/training/1927/1.3.12.2.1107.5.1.4.92938.30000021120404312402200110038.dcm,0,-184.2,512,512,0,0,heldout_patient_fold,aa2d72a2538f26976441e6d52c8c11ca964533e55b3978b8345a70a019d52638,ea81da4d34ee1570c8dd3460a4e44f8f247a0ba0f55b701dbf5093d392e32021,negative,0,0.0,0.0,[],[],[],0.0,0
1927,686247,1.3.12.2.1107.5.1.4.92938.30000021120404312402200110039,/home/mahsa-nasehi/Desktop/IAAA/fracture/iaaa-contest-bct/Data/training/1927/1.3.12.2.1107.5.1.4.92938.30000021120404312402200110039.dcm,1,-179.2,512,512,0,0,heldout_patient_fold,aa2d72a2538f26976441e6d52c8c11ca964533e55b3978b8345a70a019d52638,ea81da4d34ee1570c8dd3460a4e44f8f247a0ba0f55b701dbf5093d392e32021,negative,0,0.0,0.0,[],[],[],0.0,0
1927,686247,1.3.12.2.1107.5.1.4.92938.30000021120404312402200110040,/home/mahsa-nasehi/Desktop/IAAA/fracture/iaaa-contest-bct/Data/training/1927/1.3.12.2.1107.5.1.4.92938.30000021120404312402200110040.dcm,2,-174.2,512,512,0,0,heldout_patient_fold,aa2d72a2538f26976441e6d52c8c11ca964533e55b3978b8345a70a019d52638,ea81da4d34ee1570c8dd3460a4e44f8f247a0ba0f55b701dbf5093d392e32021,negative,0,0.0,0.0,[],[],[],0.0,0
1927,686247,1.3.12.2.1107.5.1.4.92938.30000021120404312402200110041,/home/mahsa-nasehi/Desktop/IAAA/fracture/iaaa-contest-bct/Data/training/1927/1.3.12.2.1107.5.1.4.92938.30000021120404312402200110041.dcm,3,-169.2,512,512,0,0,heldout_patient_fold,aa2d72a2538f26976441e6d52c8c11ca964533e55b3978b8345a70a019d52638,ea81da4d34ee1570c8dd3460a4e44f8f247a0ba0f55b701dbf5093d392e32021,negative,0,0.0,0.0,[],"[[228.33334350585938, 238.33334350585938, 361.3333435058594, 400.66668701171875]]",[0.01073455810546875],0.01073455810546875,1
1927,686247,1.3.12.2.1107.5.1.4.92938.30000021120404312402200110042,/home/mahsa-nasehi/Desktop/IAAA/fracture/iaaa-contest-bct/Data/training/1927/1.3.12.2.1107.5.1.4.92938.30000021120404312402200110042.dcm,4,-164.2,512,512,0,0,heldout_patient_fold,aa2d72a2538f26976441e6d52c8c11ca964533e55b3978b8345a70a019d52638,ea81da4d34ee1570c8dd3460a4e44f8f247a0ba0f55b701dbf5093d392e32021,negative,0,0.0,0.0,[],"[[185.6666717529297, 172.0, 321.0, 337.3333435058594]]",[0.01029205322265625],0.01029205322265625,1
1927,686247,1.3.12.2.1107.5.1.4.92938.30000021120404312402200110043,/home/mahsa-nasehi/Desktop/IAAA/fracture/iaaa-contest-bct/Data/training/1927/1.3.12.2.1107.5.1.4.92938.30000021120404312402200110043.dcm,5,-159.2,512,512,0,0,heldout_patient_fold,aa2d72a2538f26976441e6d52c8c11ca964533e55b3978b8345a70a019d52638,ea81da4d34ee1570c8dd3460a4e44f8f247a0ba0f55b701dbf5093d392e32021,negative,0,0.0,0.0,[],[],[],0.0,0
1927,686247,1.3.12.2.1107.5.1.4.92938.30000021120404312402200110044,/home/mahsa-nasehi/Desktop/IAAA/fracture/iaaa-contest-bct/Data/training/1927/1.3.12.2.1107.5.1.4.92938.30000021120404312402200110044.dcm,6,-154.2,512,512,0,0,heldout_patient_fold,aa2d72a2538f26976441e6d52c8c11ca964533e55b3978b8345a70a019d52638,ea81da4d34ee1570c8dd3460a4e44f8f247a0ba0f55b701dbf5093d392e32021,negative,0,0.0,0.0,[],[],[],0.0,0
1927,686247,1.3.12.2.1107.5.1.4.92938.30000021120404312402200110045,/home/mahsa-nasehi/Desktop/IAAA/fracture/iaaa-contest-bct/Data/training/1927/1.3.12.2.1107.5.1.4.92938.30000021120404312402200110045.dcm,7,-149.2,512,512,0,0,heldout_patient_fold,aa2d72a2538f26976441e6d52c8c11ca964533e55b3978b8345a70a019d52638,ea81da4d34ee1570c8dd3460a4e44f8f247a0ba0f55b701dbf5093d392e32021,negative,0,0.0,0.0,[],"[[71.20833587646484, 264.3333435058594, 107.5, 301.0]]",[0.0118255615234375],0.0118255615234375,1
1927,686247,1.3.12.2.1107.5.1.4.92938.30000021120404312402200110046,/home/mahsa-nasehi/Desktop/IAAA/fracture/iaaa-contest-bct/Data/training/1927/1.3.12.2.1107.5.1.4.92938.30000021120404312402200110046.dcm,8,-144.2,512,512,0,0,heldout_patient_fold,aa2d72a2538f26976441e6d52c8c11ca964533e55b3978b8345a70a019d52638,ea81da4d34ee1570c8dd3460a4e44f8f247a0ba0f55b701dbf5093d392e32021,negative,0,0.0,0.0,[],"[[76.16667175292969, 211.6666717529297, 112.83333587646484, 247.6666717529297], [68.58333587646484, 264.66668701171875, 104.75, 301.0], [391.3333435058594, 256.66668701171875, 427.3333435058594, 293.0]]","[0.04010009765625, 0.03125, 0.0180511474609375]",0.04010009765625,3
1927,686247,1.3.12.2.1107.5.1.4.92938.30000021120404312402200110047,/home/mahsa-nasehi/Desktop/IAAA/fracture/iaaa-contest-bct/Data/training/1927/1.3.12.2.1107.5.1.4.92938.30000021120404312402200110047.dcm,9,-139.2,512,512,0,0,heldout_patient_fold,aa2d72a2538f26976441e6d52c8c11ca964533e55b3978b8345a70a019d52638,ea81da4d34ee1570c8dd3460a4e44f8f247a0ba0f55b701dbf5093d392e32021,negative,0,0.0,0.0,[],"[[389.0, 263.3333435058594, 425.66668701171875, 302.66668701171875], [63.16666793823242, 286.0, 99.33333587646484, 322.0]]","[0.038604736328125, 0.0165863037109375]",0.038604736328125,2
1927,686247,1.3.12.2.1107.5.1.4.92938.30000021120404312402200110048,/home/mahsa-nasehi/Desktop/IAAA/fracture/iaaa-contest-bct/Data/training/1927/1.3.12.2.1107.5.1.4.92938.30000021120404312402200110048.dcm,10,-134.2,512,512,0,0,heldout_patient_fold,aa2d72a2538f26976441e6d52c8c11ca964533e55b3978b8345a70a019d52638,ea81da4d34ee1570c8dd3460a4e44f8f247a0ba0f55b701dbf5093d392e32021,negative,0,0.0,0.0,[],[],[],0.0,0
1927,686247,1.3.12.2.1107.5.1.4.92938.30000021120404312402200110049,/home/mahsa-nasehi/Desktop/IAAA/fracture/iaaa-contest-bct/Data/training/1927/1.3.12.2.1107.5.1.4.92938.30000021120404312402200110049.dcm,11,-129.2,512,512,0,0,heldout_patient_fold,aa2d72a2538f26976441e6d52c8c11ca964533e55b3978b8345a70a019d52638,ea81da4d34ee1570c8dd3460a4e44f8f247a0ba0f55b701dbf5093d392e32021,negative,0,0.0,0.0,[],"[[60.333335876464844, 294.0, 97.0, 330.66668701171875]]",[0.07318115234375],0.07318115234375,1
1927,686247,1.3.12.2.1107.5.1.4.92938.30000021120404312402200110050,/home/mahsa-nasehi/Desktop/IAAA/fracture/iaaa-contest-bct/Data/training/1927/1.3.12.2.1107.5.1.4.92938.30000021120404312402200110050.dcm,12,-124.2,512,512,0,0,heldout_patient_fold,aa2d72a2538f26976441e6d52c8c11ca964533e55b3978b8345a70a019d52638,ea81da4d34ee1570c8dd3460a4e44f8f247a0ba0f55b701dbf5093d392e32021,negative,0,0.0,0.0,[],"[[400.66668701171875, 250.83334350585938, 438.0, 287.16668701171875], [389.3333435058594, 242.0, 455.3333435058594, 307.3333435058594]]","[0.09808349609375, 0.057281494140625]",0.09808349609375,2
1927,686247,1.3.12.2.1107.5.1.4.92938.30000021120404312402200110051,/home/mahsa-nasehi/Desktop/IAAA/fracture/iaaa-contest-bct/Data/training/1927/1.3.12.2.1107.5.1.4.92938.30000021120404312402200110051.dcm,13,-119.2,512,512,0,0,heldout_patient_fold,aa2d72a2538f26976441e6d52c8c11ca964533e55b3978b8345a70a019d52638,ea81da4d34ee1570c8dd3460a4e44f8f247a0ba0f55b701dbf5093d392e32021,negative,0,0.0,0.0,[],"[[400.3333435058594, 252.33334350585938, 437.66668701171875, 289.66668701171875], [389.0, 242.33334350585938, 455.0, 307.66668701171875]]","[0.77734375, 0.0364990234375]",0.77734375,2
1927,686247,1.3.12.2.1107.5.1.4.92938.30000021120404312402200110052,/home/mahsa-nasehi/Desktop/IAAA/fracture/iaaa-contest-bct/Data/training/1927/1.3.12.2.1107.5.1.4.92938.30000021120404312402200110052.dcm,14,-114.2,512,512,0,0,heldout_patient_fold,aa2d72a2538f26976441e6d52c8c11ca964533e55b3978b8345a70a019d52638,ea81da4d34ee1570c8dd3460a4e44f8f247a0ba0f55b701dbf5093d392e32021,negative,0,0.0,0.0,[],"[[397.3333435058594, 253.0, 434.66668701171875, 289.66668701171875], [384.66668701171875, 243.33334350585938, 452.66668701171875, 306.0]]","[0.043212890625, 0.02288818359375]",0.043212890625,2
1927,686247,1.3.12.2.1107.5.1.4.92938.30000021120404312402200110053,/home/mahsa-nasehi/Desktop/IAAA/fracture/iaaa-contest-bct/Data/training/1927/1.3.12.2.1107.5.1.4.92938.30000021120404312402200110053.dcm,15,-109.2,512,512,0,0,heldout_patient_fold,aa2d72a2538f26976441e6d52c8c11ca964533e55b3978b8345a70a019d52638,ea81da4d34ee1570c8dd3460a4e44f8f247a0ba0f55b701dbf5093d392e32021,negative,0,0.0,0.0,[],"[[392.66668701171875, 251.33334350585938, 430.0, 287.3333435058594]]",[0.01073455810546875],0.01073455810546875,1
1927,686247,1.3.12.2.1107.5.1.4.92938.30000021120404312402200110054,/home/mahsa-nasehi/Desktop/IAAA/fracture/iaaa-contest-bct/Data/training/1927/1.3.12.2.1107.5.1.4.92938.30000021120404312402200110054.dcm,16,-104.2,512,512,0,0,heldout_patient_fold,aa2d72a2538f26976441e6d52c8c11ca964533e55b3978b8345a70a019d52638,ea81da4d34ee1570c8dd3460a4e44f8f247a0ba0f55b701dbf5093d392e32021,negative,0,0.0,0.0,[],"[[390.66668701171875, 248.33334350585938, 428.0, 285.0]]",[0.0191192626953125],0.0191192626953125,1
1927,686247,1.3.12.2.1107.5.1.4.92938.30000021120404312402200110055,/home/mahsa-nasehi/Desktop/IAAA/fracture/iaaa-contest-bct/Data/training/1927/1.3.12.2.1107.5.1.4.92938.30000021120404312402200110055.dcm,17,-99.2,512,512,0,0,heldout_patient_fold,aa2d72a2538f26976441e6d52c8c11ca964533e55b3978b8345a70a019d52638,ea81da4d34ee1570c8dd3460a4e44f8f247a0ba0f55b701dbf5093d392e32021,negative,0,0.0,0.0,[],[],[],0.0,0
1927,686247,1.3.12.2.1107.5.1.4.92938.30000021120404312402200110056,/home/mahsa-nasehi/Desktop/IAAA/fracture/iaaa-contest-bct/Data/training/1927/1.3.12.2.1107.5.1.4.92938.30000021120404312402200110056.dcm,18,-94.2,512,512,0,0,heldout_patient_fold,aa2d72a2538f26976441e6d52c8c11ca964533e55b3978b8345a70a019d52638,ea81da4d34ee1570c8dd3460a4e44f8f247a0ba0f55b701dbf5093d392e32021,negative,0,0.0,0.0,[],"[[380.0, 230.0, 416.66668701171875, 266.0], [368.0, 217.33334350585938, 434.0, 280.0]]","[0.0374755859375, 0.010986328125]",0.0374755859375,2
1927,686247,1.3.12.2.1107.5.1.4.92938.30000021120404312402200110057,/home/mahsa-nasehi/Desktop/IAAA/fracture/iaaa-contest-bct/Data/training/1927/1.3.12.2.1107.5.1.4.92938.30000021120404312402200110057.dcm,19,-89.2,512,512,0,0,heldout_patient_fold,aa2d72a2538f26976441e6d52c8c11ca964533e55b3978b8345a70a019d52638,ea81da4d34ee1570c8dd3460a4e44f8f247a0ba0f55b701dbf5093d392e32021,negative,0,0.0,0.0,[],"[[292.3333435058594, 62.16666793823242, 426.3333435058594, 226.1666717529297], [368.66668701171875, 219.33334350585938, 406.0, 255.6666717529297]]","[0.020965576171875, 0.01137542724609375]",0.020965576171875,2
1927,686247,1.3.12.2.1107.5.1.4.92938.30000021120404312402200110058,/home/mahsa-nasehi/Desktop/IAAA/fracture/iaaa-contest-bct/Data/training/1927/1.3.12.2.1107.5.1.4.92938.30000021120404312402200110058.dcm,20,-84.2,512,512,0,0,heldout_patient_fold,aa2d72a2538f26976441e6d52c8c11ca964533e55b3978b8345a70a019d52638,ea81da4d34ee1570c8dd3460a4e44f8f247a0ba0f55b701dbf5093d392e32021,negative,0,0.0,0.0,[],"[[340.5, 196.0, 408.66668701171875, 259.3333435058594], [353.3333435058594, 168.33334350585938, 390.0, 204.6666717529297], [336.3333435058594, 153.5, 403.66668701171875, 216.1666717529297], [345.0, 146.0, 381.66668701171875, 183.6666717529297], [356.0, 205.83334350585938, 393.3333435058594, 242.5], [290.16668701171875, 90.16667175292969, 432.66668701171875, 261.16668701171875]]","[0.05645751953125, 0.04534912109375, 0.0416259765625, 0.018768310546875, 0.01812744140625, 0.016845703125]",0.05645751953125,6
1927,686247,1.3.12.2.1107.5.1.4.92938.30000021120404312402200110059,/home/mahsa-nasehi/Desktop/IAAA/fracture/iaaa-contest-bct/Data/training/1927/1.3.12.2.1107.5.1.4.92938.30000021120404312402200110059.dcm,21,-79.2,512,512,0,0,heldout_patient_fold,aa2d72a2538f26976441e6d52c8c11ca964533e55b3978b8345a70a019d52638,ea81da4d34ee1570c8dd3460a4e44f8f247a0ba0f55b701dbf5093d392e32021,negative,0,0.0,0.0,[],[],[],0.0,0
1927,686247,1.3.12.2.1107.5.1.4.92938.30000021120404312402200110060,/home/mahsa-nasehi/Desktop/IAAA/fracture/iaaa-contest-bct/Data/training/1927/1.3.12.2.1107.5.1.4.92938.30000021120404312402200110060.dcm,22,-74.2,512,512,0,0,heldout_patient_fold,aa2d72a2538f26976441e6d52c8c11ca964533e55b3978b8345a70a019d52638,ea81da4d34ee1570c8dd3460a4e44f8f247a0ba0f55b701dbf5093d392e32021,negative,0,0.0,0.0,[],[],[],0.0,0
1927,686247,1.3.12.2.1107.5.1.4.92938.30000021120404312402200110061,/home/mahsa-nasehi/Desktop/IAAA/fracture/iaaa-contest-bct/Data/training/1927/1.3.12.2.1107.5.1.4.92938.30000021120404312402200110061.dcm,23,-69.2,512,512,0,0,heldout_patient_fold,aa2d72a2538f26976441e6d52c8c11ca964533e55b3978b8345a70a019d52638,ea81da4d34ee1570c8dd3460a4e44f8f247a0ba0f55b701dbf5093d392e32021,negative,0,0.0,0.0,[],[],[],0.0,0
1927,686247,1.3.12.2.1107.5.1.4.92938.30000021120404312402200110062,/home/mahsa-nasehi/Desktop/IAAA/fracture/iaaa-contest-bct/Data/training/1927/1.3.12.2.1107.5.1.4.92938.30000021120404312402200110062.dcm,24,-64.2,512,512,0,0,heldout_patient_fold,aa2d72a2538f26976441e6d52c8c11ca964533e55b3978b8345a70a019d52638,ea81da4d34ee1570c8dd3460a4e44f8f247a0ba0f55b701dbf5093d392e32021,negative,0,0.0,0.0,[],[],[],0.0,0
1927,686247,1.3.12.2.1107.5.1.4.92938.30000021120404312402200110063,/home/mahsa-nasehi/Desktop/IAAA/fracture/iaaa-contest-bct/Data/training/1927/1.3.12.2.1107.5.1.4.92938.30000021120404312402200110063.dcm,25,-59.2,512,512,0,0,heldout_patient_fold,aa2d72a2538f26976441e6d52c8c11ca964533e55b3978b8345a70a019d52638,ea81da4d34ee1570c8dd3460a4e44f8f247a0ba0f55b701dbf5093d392e32021,negative,0,0.0,0.0,[],[],[],0.0,0
1975,692845,1.2.392.200036.9116.2.6.1.44063.1811171443.1624509676.204637,/home/mahsa-nasehi/Desktop/IAAA/fracture/iaaa-contest-bct/Data/training/1975/1.2.392.200036.9116.2.6.1.44063.1811171443.1624509676.204637.dcm,0,33.0,512,512,0,0,heldout_patient_fold,aa2d72a2538f26976441e6d52c8c11ca964533e55b3978b8345a70a019d52638,ea81da4d34ee1570c8dd3460a4e44f8f247a0ba0f55b701dbf5093d392e32021,negative,0,0.0,0.0,[],[],[],0.0,0
1975,692845,1.2.392.200036.9116.2.6.1.44063.1811171443.1624509677.317400,/home/mahsa-nasehi/Desktop/IAAA/fracture/iaaa-contest-bct/Data/training/1975/1.2.392.200036.9116.2.6.1.44063.1811171443.1624509677.317400.dcm,1,38.0,512,512,0,0,heldout_patient_fold,aa2d72a2538f26976441e6d52c8c11ca964533e55b3978b8345a70a019d52638,ea81da4d34ee1570c8dd3460a4e44f8f247a0ba0f55b701dbf5093d392e32021,negative,0,0.0,0.0,[],[],[],0.0,0
1975,692845,1.2.392.200036.9116.2.6.1.44063.1811171443.1624509677.944500,/home/mahsa-nasehi/Desktop/IAAA/fracture/iaaa-contest-bct/Data/training/1975/1.2.392.200036.9116.2.6.1.44063.1811171443.1624509677.944500.dcm,2,43.0,512,512,0,0,heldout_patient_fold,aa2d72a2538f26976441e6d52c8c11ca964533e55b3978b8345a70a019d52638,ea81da4d34ee1570c8dd3460a4e44f8f247a0ba0f55b701dbf5093d392e32021,negative,0,0.0,0.0,[],[],[],0.0,0
1975,692845,1.2.392.200036.9116.2.6.1.44063.1811171443.1624509678.499367,/home/mahsa-nasehi/Desktop/IAAA/fracture/iaaa-contest-bct/Data/training/1975/1.2.392.200036.9116.2.6.1.44063.1811171443.1624509678.499367.dcm,3,48.0,512,512,0,0,heldout_patient_fold,aa2d72a2538f26976441e6d52c8c11ca964533e55b3978b8345a70a019d52638,ea81da4d34ee1570c8dd3460a4e44f8f247a0ba0f55b701dbf5093d392e32021,negative,0,0.0,0.0,[],"[[41.66666793823242, 0.0, 414.0, 208.6666717529297]]",[0.011688232421875],0.011688232421875,1
1975,692845,1.2.392.200036.9116.2.6.1.44063.1811171443.1624509679.537239,/home/mahsa-nasehi/Desktop/IAAA/fracture/iaaa-contest-bct/Data/training/1975/1.2.392.200036.9116.2.6.1.44063.1811171443.1624509679.537239.dcm,4,53.0,512,512,0,0,heldout_patient_fold,aa2d72a2538f26976441e6d52c8c11ca964533e55b3978b8345a70a019d52638,ea81da4d34ee1570c8dd3460a4e44f8f247a0ba0f55b701dbf5093d392e32021,negative,0,0.0,0.0,[],[],[],0.0,0
1975,692845,1.2.392.200036.9116.2.6.1.44063.1811171443.1624509680.293338,/home/mahsa-nasehi/Desktop/IAAA/fracture/iaaa-contest-bct/Data/training/1975/1.2.392.200036.9116.2.6.1.44063.1811171443.1624509680.293338.dcm,5,58.0,512,512,0,0,heldout_patient_fold,aa2d72a2538f26976441e6d52c8c11ca964533e55b3978b8345a70a019d52638,ea81da4d34ee1570c8dd3460a4e44f8f247a0ba0f55b701dbf5093d392e32021,negative,0,0.0,0.0,[],[],[],0.0,0
1975,692845,1.2.392.200036.9116.2.6.1.44063.1811171443.1624509680.973086,/home/mahsa-nasehi/Desktop/IAAA/fracture/iaaa-contest-bct/Data/training/1975/1.2.392.200036.9116.2.6.1.44063.1811171443.1624509680.973086.dcm,6,63.0,512,512,0,0,heldout_patient_fold,aa2d72a2538f26976441e6d52c8c11ca964533e55b3978b8345a70a019d52638,ea81da4d34ee1570c8dd3460a4e44f8f247a0ba0f55b701dbf5093d392e32021,negative,0,0.0,0.0,[],[],[],0.0,0
1975,692845,1.2.392.200036.9116.2.6.1.44063.1811171443.1624509681.926439,/home/mahsa-nasehi/Desktop/IAAA/fracture/iaaa-contest-bct/Data/training/1975/1.2.392.200036.9116.2.6.1.44063.1811171443.1624509681.926439.dcm,7,68.0,512,512,0,0,heldout_patient_fold,aa2d72a2538f26976441e6d52c8c11ca964533e55b3978b8345a70a019d52638,ea81da4d34ee1570c8dd3460a4e44f8f247a0ba0f55b701dbf5093d392e32021,negative,0,0.0,0.0,[],[],[],0.0,0
1975,692845,1.2.392.200036.9116.2.6.1.44063.1811171443.1624509682.586198,/home/mahsa-nasehi/Desktop/IAAA/fracture/iaaa-contest-bct/Data/training/1975/1.2.392.200036.9116.2.6.1.44063.1811171443.1624509682.586198.dcm,8,73.0,512,512,0,0,heldout_patient_fold,aa2d72a2538f26976441e6d52c8c11ca964533e55b3978b8345a70a019d52638,ea81da4d34ee1570c8dd3460a4e44f8f247a0ba0f55b701dbf5093d392e32021,negative,0,0.0,0.0,[],[],[],0.0,0
1975,692845,1.2.392.200036.9116.2.6.1.44063.1811171443.1624509683.139652,/home/mahsa-nasehi/Desktop/IAAA/fracture/iaaa-contest-bct/Data/training/1975/1.2.392.200036.9116.2.6.1.44063.1811171443.1624509683.139652.dcm,9,78.0,512,512,0,0,heldout_patient_fold,aa2d72a2538f26976441e6d52c8c11ca964533e55b3978b8345a70a019d52638,ea81da4d34ee1570c8dd3460a4e44f8f247a0ba0f55b701dbf5093d392e32021,negative,0,0.0,0.0,[],"[[374.0, 280.3333435058594, 408.66668701171875, 317.66668701171875]]",[0.070556640625],0.070556640625,1
1975,692845,1.2.392.200036.9116.2.6.1.44063.1811171443.1624509684.309454,/home/mahsa-nasehi/Desktop/IAAA/fracture/iaaa-contest-bct/Data/training/1975/1.2.392.200036.9116.2.6.1.44063.1811171443.1624509684.309454.dcm,10,83.0,512,512,0,0,heldout_patient_fold,aa2d72a2538f26976441e6d52c8c11ca964533e55b3978b8345a70a019d52638,ea81da4d34ee1570c8dd3460a4e44f8f247a0ba0f55b701dbf5093d392e32021,negative,0,0.0,0.0,[],"[[97.66667175292969, 168.83334350585938, 134.1666717529297, 204.5]]",[0.0142822265625],0.0142822265625,1
1975,692845,1.2.392.200036.9116.2.6.1.44063.1811171443.1624509684.859616,/home/mahsa-nasehi/Desktop/IAAA/fracture/iaaa-contest-bct/Data/training/1975/1.2.392.200036.9116.2.6.1.44063.1811171443.1624509684.859616.dcm,11,88.0,512,512,0,0,heldout_patient_fold,aa2d72a2538f26976441e6d52c8c11ca964533e55b3978b8345a70a019d52638,ea81da4d34ee1570c8dd3460a4e44f8f247a0ba0f55b701dbf5093d392e32021,negative,0,0.0,0.0,[],"[[92.0, 165.08334350585938, 128.6666717529297, 202.33334350585938], [92.08333587646484, 179.33334350585938, 128.75, 215.6666717529297]]","[0.1285400390625, 0.06463623046875]",0.1285400390625,2
1975,692845,1.2.392.200036.9116.2.6.1.44063.1811171443.1624509685.329385,/home/mahsa-nasehi/Desktop/IAAA/fracture/iaaa-contest-bct/Data/training/1975/1.2.392.200036.9116.2.6.1.44063.1811171443.1624509685.329385.dcm,12,93.0,512,512,0,0,heldout_patient_fold,aa2d72a2538f26976441e6d52c8c11ca964533e55b3978b8345a70a019d52638,ea81da4d34ee1570c8dd3460a4e44f8f247a0ba0f55b701dbf5093d392e32021,negative,0,0.0,0.0,[],"[[89.33333587646484, 174.0, 126.0, 210.0], [94.5, 182.0, 131.5, 218.0]]","[0.32080078125, 0.0199432373046875]",0.32080078125,2
1975,692845,1.2.392.200036.9116.2.6.1.44063.1811171443.1624509686.334639,/home/mahsa-nasehi/Desktop/IAAA/fracture/iaaa-contest-bct/Data/training/1975/1.2.392.200036.9116.2.6.1.44063.1811171443.1624509686.334639.dcm,13,98.0,512,512,0,0,heldout_patient_fold,aa2d72a2538f26976441e6d52c8c11ca964533e55b3978b8345a70a019d52638,ea81da4d34ee1570c8dd3460a4e44f8f247a0ba0f55b701dbf5093d392e32021,negative,0,0.0,0.0,[],"[[86.33333587646484, 179.5, 123.33333587646484, 214.83334350585938], [322.0, 118.0, 358.0, 154.33334350585938]]","[0.07806396484375, 0.018768310546875]",0.07806396484375,2
1975,692845,1.2.392.200036.9116.2.6.1.44063.1811171443.1624509686.978244,/home/mahsa-nasehi/Desktop/IAAA/fracture/iaaa-contest-bct/Data/training/1975/1.2.392.200036.9116.2.6.1.44063.1811171443.1624509686.978244.dcm,14,103.0,512,512,0,0,heldout_patient_fold,aa2d72a2538f26976441e6d52c8c11ca964533e55b3978b8345a70a019d52638,ea81da4d34ee1570c8dd3460a4e44f8f247a0ba0f55b701dbf5093d392e32021,negative,0,0.0,0.0,[],"[[83.70833587646484, 176.6666717529297, 120.66667175292969, 212.6666717529297]]",[0.0703125],0.0703125,1
1975,692845,1.2.392.200036.9116.2.6.1.44063.1811171443.1624509687.557318,/home/mahsa-nasehi/Desktop/IAAA/fracture/iaaa-contest-bct/Data/training/1975/1.2.392.200036.9116.2.6.1.44063.1811171443.1624509687.557318.dcm,15,108.0,512,512,0,0,heldout_patient_fold,aa2d72a2538f26976441e6d52c8c11ca964533e55b3978b8345a70a019d52638,ea81da4d34ee1570c8dd3460a4e44f8f247a0ba0f55b701dbf5093d392e32021,negative,0,0.0,0.0,[],"[[80.83333587646484, 173.6666717529297, 118.0, 209.33334350585938]]",[0.27197265625],0.27197265625,1
1975,692845,1.2.392.200036.9116.2.6.1.44063.1811171443.1624509687.618312,/home/mahsa-nasehi/Desktop/IAAA/fracture/iaaa-contest-bct/Data/training/1975/1.2.392.200036.9116.2.6.1.44063.1811171443.1624509687.618312.dcm,16,113.0,512,512,0,0,heldout_patient_fold,aa2d72a2538f26976441e6d52c8c11ca964533e55b3978b8345a70a019d52638,ea81da4d34ee1570c8dd3460a4e44f8f247a0ba0f55b701dbf5093d392e32021,negative,0,0.0,0.0,[],"[[83.75, 184.5, 120.75, 220.5], [81.33333587646484, 174.0, 118.0, 209.6666717529297]]","[0.060516357421875, 0.011962890625]",0.060516357421875,2
1975,692845,1.2.392.200036.9116.2.6.1.44063.1811171443.1624509689.256765,/home/mahsa-nasehi/Desktop/IAAA/fracture/iaaa-contest-bct/Data/training/1975/1.2.392.200036.9116.2.6.1.44063.1811171443.1624509689.256765.dcm,17,118.0,512,512,0,0,heldout_patient_fold,aa2d72a2538f26976441e6d52c8c11ca964533e55b3978b8345a70a019d52638,ea81da4d34ee1570c8dd3460a4e44f8f247a0ba0f55b701dbf5093d392e32021,negative,0,0.0,0.0,[],"[[86.16667175292969, 189.83334350585938, 123.16667175292969, 225.83334350585938], [86.16667175292969, 173.6666717529297, 123.5, 210.0], [74.79167175292969, 163.9166717529297, 140.1666717529297, 226.6666717529297]]","[0.05242919921875, 0.0232391357421875, 0.011199951171875]",0.05242919921875,3
1975,692845,1.2.392.200036.9116.2.6.1.44063.1811171443.1624509689.832943,/home/mahsa-nasehi/Desktop/IAAA/fracture/iaaa-contest-bct/Data/training/1975/1.2.392.200036.9116.2.6.1.44063.1811171443.1624509689.832943.dcm,18,123.0,512,512,0,0,heldout_patient_fold,aa2d72a2538f26976441e6d52c8c11ca964533e55b3978b8345a70a019d52638,ea81da4d34ee1570c8dd3460a4e44f8f247a0ba0f55b701dbf5093d392e32021,negative,0,0.0,0.0,[],"[[92.0, 174.0, 128.6666717529297, 210.0], [75.58333587646484, 164.25, 141.4166717529297, 225.6666717529297]]","[0.0247039794921875, 0.01433563232421875]",0.0247039794921875,2
1975,692845,1.2.392.200036.9116.2.6.1.44063.1811171443.1624509689.873385,/home/mahsa-nasehi/Desktop/IAAA/fracture/iaaa-contest-bct/Data/training/1975/1.2.392.200036.9116.2.6.1.44063.1811171443.1624509689.873385.dcm,19,128.0,512,512,0,0,heldout_patient_fold,aa2d72a2538f26976441e6d52c8c11ca964533e55b3978b8345a70a019d52638,ea81da4d34ee1570c8dd3460a4e44f8f247a0ba0f55b701dbf5093d392e32021,negative,0,0.0,0.0,[],[],[],0.0,0
1975,692845,1.2.392.200036.9116.2.6.1.44063.1811171443.1624509691.515020,/home/mahsa-nasehi/Desktop/IAAA/fracture/iaaa-contest-bct/Data/training/1975/1.2.392.200036.9116.2.6.1.44063.1811171443.1624509691.515020.dcm,20,133.0,512,512,0,0,heldout_patient_fold,aa2d72a2538f26976441e6d52c8c11ca964533e55b3978b8345a70a019d52638,ea81da4d34ee1570c8dd3460a4e44f8f247a0ba0f55b701dbf5093d392e32021,negative,0,0.0,0.0,[],"[[248.0, 51.0, 386.0, 218.33334350585938], [293.0, 110.66667175292969, 359.3333435058594, 175.0]]","[0.03594970703125, 0.011871337890625]",0.03594970703125,2
1975,692845,1.2.392.200036.9116.2.6.1.44063.1811171443.1624509692.62189,/home/mahsa-nasehi/Desktop/IAAA/fracture/iaaa-contest-bct/Data/training/1975/1.2.392.200036.9116.2.6.1.44063.1811171443.1624509692.62189.dcm,21,138.0,512,512,0,0,heldout_patient_fold,aa2d72a2538f26976441e6d52c8c11ca964533e55b3978b8345a70a019d52638,ea81da4d34ee1570c8dd3460a4e44f8f247a0ba0f55b701dbf5093d392e32021,negative,0,0.0,0.0,[],[],[],0.0,0
1975,692845,1.2.392.200036.9116.2.6.1.44063.1811171443.1624509692.100476,/home/mahsa-nasehi/Desktop/IAAA/fracture/iaaa-contest-bct/Data/training/1975/1.2.392.200036.9116.2.6.1.44063.1811171443.1624509692.100476.dcm,22,143.0,512,512,0,0,heldout_patient_fold,aa2d72a2538f26976441e6d52c8c11ca964533e55b3978b8345a70a019d52638,ea81da4d34ee1570c8dd3460a4e44f8f247a0ba0f55b701dbf5093d392e32021,negative,0,0.0,0.0,[],"[[109.83333587646484, 189.5, 147.1666717529297, 225.83334350585938]]",[0.0129241943359375],0.0129241943359375,1
1975,692845,1.2.392.200036.9116.2.6.1.44063.1811171443.1624509692.740844,/home/mahsa-nasehi/Desktop/IAAA/fracture/iaaa-contest-bct/Data/training/1975/1.2.392.200036.9116.2.6.1.44063.1811171443.1624509692.740844.dcm,23,148.0,512,512,0,0,heldout_patient_fold,aa2d72a2538f26976441e6d52c8c11ca964533e55b3978b8345a70a019d52638,ea81da4d34ee1570c8dd3460a4e44f8f247a0ba0f55b701dbf5093d392e32021,negative,0,0.0,0.0,[],"[[107.5, 170.58334350585938, 173.33334350585938, 231.33334350585938], [325.8333435058594, 243.33334350585938, 391.3333435058594, 306.0], [122.33333587646484, 181.33334350585938, 160.5, 218.0]]","[0.019866943359375, 0.017242431640625, 0.0170440673828125]",0.019866943359375,3
1975,692845,1.2.392.200036.9116.2.6.1.44063.1811171443.1624509694.325492,/home/mahsa-nasehi/Desktop/IAAA/fracture/iaaa-contest-bct/Data/training/1975/1.2.392.200036.9116.2.6.1.44063.1811171443.1624509694.325492.dcm,24,153.0,512,512,0,0,heldout_patient_fold,aa2d72a2538f26976441e6d52c8c11ca964533e55b3978b8345a70a019d52638,ea81da4d34ee1570c8dd3460a4e44f8f247a0ba0f55b701dbf5093d392e32021,negative,0,0.0,0.0,[],"[[118.33333587646484, 170.33334350585938, 186.33334350585938, 231.6666717529297], [137.0, 179.1666717529297, 174.1666717529297, 215.5], [314.3333435058594, 211.0, 381.0, 275.66668701171875]]","[0.245849609375, 0.040374755859375, 0.01751708984375]",0.245849609375,3
1975,692845,1.2.392.200036.9116.2.6.1.44063.1811171443.1624509695.76734,/home/mahsa-nasehi/Desktop/IAAA/fracture/iaaa-contest-bct/Data/training/1975/1.2.392.200036.9116.2.6.1.44063.1811171443.1624509695.76734.dcm,25,158.0,512,512,0,0,heldout_patient_fold,aa2d72a2538f26976441e6d52c8c11ca964533e55b3978b8345a70a019d52638,ea81da4d34ee1570c8dd3460a4e44f8f247a0ba0f55b701dbf5093d392e32021,negative,0,0.0,0.0,[],"[[139.58334350585938, 171.6666717529297, 206.33334350585938, 229.6666717529297], [298.3333435058594, 232.5, 365.0, 295.16668701171875]]","[0.09808349609375, 0.01282501220703125]",0.09808349609375,2
1975,692845,1.2.392.200036.9116.2.6.1.44063.1811171443.1624509695.462874,/home/mahsa-nasehi/Desktop/IAAA/fracture/iaaa-contest-bct/Data/training/1975/1.2.392.200036.9116.2.6.1.44063.1811171443.1624509695.462874.dcm,26,163.0,512,512,0,0,heldout_patient_fold,aa2d72a2538f26976441e6d52c8c11ca964533e55b3978b8345a70a019d52638,ea81da4d34ee1570c8dd3460a4e44f8f247a0ba0f55b701dbf5093d392e32021,negative,0,0.0,0.0,[],"[[278.0, 233.5, 345.3333435058594, 295.5]]",[0.0131683349609375],0.0131683349609375,1
1975,692845,1.2.392.200036.9116.2.6.1.44063.1811171443.1624509695.855341,/home/mahsa-nasehi/Desktop/IAAA/fracture/iaaa-contest-bct/Data/training/1975/1.2.392.200036.9116.2.6.1.44063.1811171443.1624509695.855341.dcm,27,168.0,512,512,0,0,heldout_patient_fold,aa2d72a2538f26976441e6d52c8c11ca964533e55b3978b8345a70a019d52638,ea81da4d34ee1570c8dd3460a4e44f8f247a0ba0f55b701dbf5093d392e32021,negative,0,0.0,0.0,[],[],[],0.0,0
1975,692845,1.2.392.200036.9116.2.6.1.44063.1811171443.1624509696.761002,/home/mahsa-nasehi/Desktop/IAAA/fracture/iaaa-contest-bct/Data/training/1975/1.2.392.200036.9116.2.6.1.44063.1811171443.1624509696.761002.dcm,28,173.0,512,512,0,0,heldout_patient_fold,aa2d72a2538f26976441e6d52c8c11ca964533e55b3978b8345a70a019d52638,ea81da4d34ee1570c8dd3460a4e44f8f247a0ba0f55b701dbf5093d392e32021,negative,0,0.0,0.0,[],[],[],0.0,0
1996,695481,1.2.392.200036.9116.2.6.1.44063.1811171443.1627309616.502092,/home/mahsa-nasehi/Desktop/IAAA/fracture/iaaa-contest-bct/Data/training/1996/1.2.392.200036.9116.2.6.1.44063.1811171443.1627309616.502092.dcm,0,-517.5,512,512,0,0,heldout_patient_fold,aa2d72a2538f26976441e6d52c8c11ca964533e55b3978b8345a70a019d52638,ea81da4d34ee1570c8dd3460a4e44f8f247a0ba0f55b701dbf5093d392e32021,negative,0,0.0,0.0,[],[],[],0.0,0
1996,695481,1.2.392.200036.9116.2.6.1.44063.1811171443.1627309617.484746,/home/mahsa-nasehi/Desktop/IAAA/fracture/iaaa-contest-bct/Data/training/1996/1.2.392.200036.9116.2.6.1.44063.1811171443.1627309617.484746.dcm,1,-512.5,512,512,0,0,heldout_patient_fold,aa2d72a2538f26976441e6d52c8c11ca964533e55b3978b8345a70a019d52638,ea81da4d34ee1570c8dd3460a4e44f8f247a0ba0f55b701dbf5093d392e32021,negative,0,0.0,0.0,[],[],[],0.0,0
1996,695481,1.2.392.200036.9116.2.6.1.44063.1811171443.1627309618.272257,/home/mahsa-nasehi/Desktop/IAAA/fracture/iaaa-contest-bct/Data/training/1996/1.2.392.200036.9116.2.6.1.44063.1811171443.1627309618.272257.dcm,2,-507.5,512,512,0,0,heldout_patient_fold,aa2d72a2538f26976441e6d52c8c11ca964533e55b3978b8345a70a019d52638,ea81da4d34ee1570c8dd3460a4e44f8f247a0ba0f55b701dbf5093d392e32021,negative,0,0.0,0.0,[],[],[],0.0,0
1996,695481,1.2.392.200036.9116.2.6.1.44063.1811171443.1627309618.788323,/home/mahsa-nasehi/Desktop/IAAA/fracture/iaaa-contest-bct/Data/training/1996/1.2.392.200036.9116.2.6.1.44063.1811171443.1627309618.788323.dcm,3,-502.5,512,512,0,0,heldout_patient_fold,aa2d72a2538f26976441e6d52c8c11ca964533e55b3978b8345a70a019d52638,ea81da4d34ee1570c8dd3460a4e44f8f247a0ba0f55b701dbf5093d392e32021,negative,0,0.0,0.0,[],[],[],0.0,0
1996,695481,1.2.392.200036.9116.2.6.1.44063.1811171443.1627309618.862217,/home/mahsa-nasehi/Desktop/IAAA/fracture/iaaa-contest-bct/Data/training/1996/1.2.392.200036.9116.2.6.1.44063.1811171443.1627309618.862217.dcm,4,-497.5,512,512,0,0,heldout_patient_fold,aa2d72a2538f26976441e6d52c8c11ca964533e55b3978b8345a70a019d52638,ea81da4d34ee1570c8dd3460a4e44f8f247a0ba0f55b701dbf5093d392e32021,negative,0,0.0,0.0,[],[],[],0.0,0
1996,695481,1.2.392.200036.9116.2.6.1.44063.1811171443.1627309619.623451,/home/mahsa-nasehi/Desktop/IAAA/fracture/iaaa-contest-bct/Data/training/1996/1.2.392.200036.9116.2.6.1.44063.1811171443.1627309619.623451.dcm,5,-492.5,512,512,0,0,heldout_patient_fold,aa2d72a2538f26976441e6d52c8c11ca964533e55b3978b8345a70a019d52638,ea81da4d34ee1570c8dd3460a4e44f8f247a0ba0f55b701dbf5093d392e32021,negative,0,0.0,0.0,[],[],[],0.0,0
1996,695481,1.2.392.200036.9116.2.6.1.44063.1811171443.1627309621.85151,/home/mahsa-nasehi/Desktop/IAAA/fracture/iaaa-contest-bct/Data/training/1996/1.2.392.200036.9116.2.6.1.44063.1811171443.1627309621.85151.dcm,6,-487.5,512,512,0,0,heldout_patient_fold,aa2d72a2538f26976441e6d52c8c11ca964533e55b3978b8345a70a019d52638,ea81da4d34ee1570c8dd3460a4e44f8f247a0ba0f55b701dbf5093d392e32021,negative,0,0.0,0.0,[],[],[],0.0,0
1996,695481,1.2.392.200036.9116.2.6.1.44063.1811171443.1627309622.202563,/home/mahsa-nasehi/Desktop/IAAA/fracture/iaaa-contest-bct/Data/training/1996/1.2.392.200036.9116.2.6.1.44063.1811171443.1627309622.202563.dcm,7,-482.5,512,512,0,0,heldout_patient_fold,aa2d72a2538f26976441e6d52c8c11ca964533e55b3978b8345a70a019d52638,ea81da4d34ee1570c8dd3460a4e44f8f247a0ba0f55b701dbf5093d392e32021,negative,0,0.0,0.0,[],"[[185.6666717529297, 0.0, 319.0, 132.75]]",[0.0169219970703125],0.0169219970703125,1
1996,695481,1.2.392.200036.9116.2.6.1.44063.1811171443.1627309622.919185,/home/mahsa-nasehi/Desktop/IAAA/fracture/iaaa-contest-bct/Data/training/1996/1.2.392.200036.9116.2.6.1.44063.1811171443.1627309622.919185.dcm,8,-477.5,512,512,0,0,heldout_patient_fold,aa2d72a2538f26976441e6d52c8c11ca964533e55b3978b8345a70a019d52638,ea81da4d34ee1570c8dd3460a4e44f8f247a0ba0f55b701dbf5093d392e32021,negative,0,0.0,0.0,[],[],[],0.0,0
1996,695481,1.2.392.200036.9116.2.6.1.44063.1811171443.1627309623.507629,/home/mahsa-nasehi/Desktop/IAAA/fracture/iaaa-contest-bct/Data/training/1996/1.2.392.200036.9116.2.6.1.44063.1811171443.1627309623.507629.dcm,9,-472.5,512,512,0,0,heldout_patient_fold,aa2d72a2538f26976441e6d52c8c11ca964533e55b3978b8345a70a019d52638,ea81da4d34ee1570c8dd3460a4e44f8f247a0ba0f55b701dbf5093d392e32021,negative,0,0.0,0.0,[],[],[],0.0,0
1996,695481,1.2.392.200036.9116.2.6.1.44063.1811171443.1627309624.506158,/home/mahsa-nasehi/Desktop/IAAA/fracture/iaaa-contest-bct/Data/training/1996/1.2.392.200036.9116.2.6.1.44063.1811171443.1627309624.506158.dcm,10,-467.5,512,512,0,0,heldout_patient_fold,aa2d72a2538f26976441e6d52c8c11ca964533e55b3978b8345a70a019d52638,ea81da4d34ee1570c8dd3460a4e44f8f247a0ba0f55b701dbf5093d392e32021,negative,0,0.0,0.0,[],[],[],0.0,0
1996,695481,1.2.392.200036.9116.2.6.1.44063.1811171443.1627309625.259688,/home/mahsa-nasehi/Desktop/IAAA/fracture/iaaa-contest-bct/Data/training/1996/1.2.392.200036.9116.2.6.1.44063.1811171443.1627309625.259688.dcm,11,-462.5,512,512,0,0,heldout_patient_fold,aa2d72a2538f26976441e6d52c8c11ca964533e55b3978b8345a70a019d52638,ea81da4d34ee1570c8dd3460a4e44f8f247a0ba0f55b701dbf5093d392e32021,negative,0,0.0,0.0,[],[],[],0.0,0
1996,695481,1.2.392.200036.9116.2.6.1.44063.1811171443.1627309625.742982,/home/mahsa-nasehi/Desktop/IAAA/fracture/iaaa-contest-bct/Data/training/1996/1.2.392.200036.9116.2.6.1.44063.1811171443.1627309625.742982.dcm,12,-457.5,512,512,0,0,heldout_patient_fold,aa2d72a2538f26976441e6d52c8c11ca964533e55b3978b8345a70a019d52638,ea81da4d34ee1570c8dd3460a4e44f8f247a0ba0f55b701dbf5093d392e32021,negative,0,0.0,0.0,[],"[[349.3333435058594, 82.375, 385.3333435058594, 120.33333587646484]]",[0.011962890625],0.011962890625,1
1996,695481,1.2.392.200036.9116.2.6.1.44063.1811171443.1627309625.817107,/home/mahsa-nasehi/Desktop/IAAA/fracture/iaaa-contest-bct/Data/training/1996/1.2.392.200036.9116.2.6.1.44063.1811171443.1627309625.817107.dcm,13,-452.5,512,512,0,0,heldout_patient_fold,aa2d72a2538f26976441e6d52c8c11ca964533e55b3978b8345a70a019d52638,ea81da4d34ee1570c8dd3460a4e44f8f247a0ba0f55b701dbf5093d392e32021,negative,0,0.0,0.0,[],[],[],0.0,0
1996,695481,1.2.392.200036.9116.2.6.1.44063.1811171443.1627309627.350067,/home/mahsa-nasehi/Desktop/IAAA/fracture/iaaa-contest-bct/Data/training/1996/1.2.392.200036.9116.2.6.1.44063.1811171443.1627309627.350067.dcm,14,-447.5,512,512,0,0,heldout_patient_fold,aa2d72a2538f26976441e6d52c8c11ca964533e55b3978b8345a70a019d52638,ea81da4d34ee1570c8dd3460a4e44f8f247a0ba0f55b701dbf5093d392e32021,negative,0,0.0,0.0,[],[],[],0.0,0
1996,695481,1.2.392.200036.9116.2.6.1.44063.1811171443.1627309627.915011,/home/mahsa-nasehi/Desktop/IAAA/fracture/iaaa-contest-bct/Data/training/1996/1.2.392.200036.9116.2.6.1.44063.1811171443.1627309627.915011.dcm,15,-442.5,512,512,0,0,heldout_patient_fold,aa2d72a2538f26976441e6d52c8c11ca964533e55b3978b8345a70a019d52638,ea81da4d34ee1570c8dd3460a4e44f8f247a0ba0f55b701dbf5093d392e32021,negative,0,0.0,0.0,[],[],[],0.0,0
1996,695481,1.2.392.200036.9116.2.6.1.44063.1811171443.1627309627.965412,/home/mahsa-nasehi/Desktop/IAAA/fracture/iaaa-contest-bct/Data/training/1996/1.2.392.200036.9116.2.6.1.44063.1811171443.1627309627.965412.dcm,16,-437.5,512,512,0,0,heldout_patient_fold,aa2d72a2538f26976441e6d52c8c11ca964533e55b3978b8345a70a019d52638,ea81da4d34ee1570c8dd3460a4e44f8f247a0ba0f55b701dbf5093d392e32021,negative,0,0.0,0.0,[],"[[72.91667175292969, 238.0, 110.08333587646484, 274.0]]",[0.025177001953125],0.025177001953125,1
1996,695481,1.2.392.200036.9116.2.6.1.44063.1811171443.1627309628.600572,/home/mahsa-nasehi/Desktop/IAAA/fracture/iaaa-contest-bct/Data/training/1996/1.2.392.200036.9116.2.6.1.44063.1811171443.1627309628.600572.dcm,17,-432.5,512,512,0,0,heldout_patient_fold,aa2d72a2538f26976441e6d52c8c11ca964533e55b3978b8345a70a019d52638,ea81da4d34ee1570c8dd3460a4e44f8f247a0ba0f55b701dbf5093d392e32021,negative,0,0.0,0.0,[],[],[],0.0,0
1996,695481,1.2.392.200036.9116.2.6.1.44063.1811171443.1627309630.210884,/home/mahsa-nasehi/Desktop/IAAA/fracture/iaaa-contest-bct/Data/training/1996/1.2.392.200036.9116.2.6.1.44063.1811171443.1627309630.210884.dcm,18,-427.5,512,512,0,0,heldout_patient_fold,aa2d72a2538f26976441e6d52c8c11ca964533e55b3978b8345a70a019d52638,ea81da4d34ee1570c8dd3460a4e44f8f247a0ba0f55b701dbf5093d392e32021,negative,0,0.0,0.0,[],"[[353.3333435058594, 152.6666717529297, 390.0, 188.6666717529297]]",[0.0163421630859375],0.0163421630859375,1
1996,695481,1.2.392.200036.9116.2.6.1.44063.1811171443.1627309631.241656,/home/mahsa-nasehi/Desktop/IAAA/fracture/iaaa-contest-bct/Data/training/1996/1.2.392.200036.9116.2.6.1.44063.1811171443.1627309631.241656.dcm,19,-422.5,512,512,0,0,heldout_patient_fold,aa2d72a2538f26976441e6d52c8c11ca964533e55b3978b8345a70a019d52638,ea81da4d34ee1570c8dd3460a4e44f8f247a0ba0f55b701dbf5093d392e32021,negative,0,0.0,0.0,[],"[[350.66668701171875, 154.83334350585938, 388.0, 191.83334350585938]]",[0.010406494140625],0.010406494140625,1
1996,695481,1.2.392.200036.9116.2.6.1.44063.1811171443.1627309631.875695,/home/mahsa-nasehi/Desktop/IAAA/fracture/iaaa-contest-bct/Data/training/1996/1.2.392.200036.9116.2.6.1.44063.1811171443.1627309631.875695.dcm,20,-417.5,512,512,0,0,heldout_patient_fold,aa2d72a2538f26976441e6d52c8c11ca964533e55b3978b8345a70a019d52638,ea81da4d34ee1570c8dd3460a4e44f8f247a0ba0f55b701dbf5093d392e32021,negative,0,0.0,0.0,[],[],[],0.0,0
1996,695481,1.2.392.200036.9116.2.6.1.44063.1811171443.1627309632.456784,/home/mahsa-nasehi/Desktop/IAAA/fracture/iaaa-contest-bct/Data/training/1996/1.2.392.200036.9116.2.6.1.44063.1811171443.1627309632.456784.dcm,21,-412.5,512,512,0,0,heldout_patient_fold,aa2d72a2538f26976441e6d52c8c11ca964533e55b3978b8345a70a019d52638,ea81da4d34ee1570c8dd3460a4e44f8f247a0ba0f55b701dbf5093d392e32021,negative,0,0.0,0.0,[],"[[360.66668701171875, 278.0, 398.0, 313.66668701171875]]",[0.06256103515625],0.06256103515625,1
1996,695481,1.2.392.200036.9116.2.6.1.44063.1811171443.1627309633.510456,/home/mahsa-nasehi/Desktop/IAAA/fracture/iaaa-contest-bct/Data/training/1996/1.2.392.200036.9116.2.6.1.44063.1811171443.1627309633.510456.dcm,22,-407.5,512,512,0,0,heldout_patient_fold,aa2d72a2538f26976441e6d52c8c11ca964533e55b3978b8345a70a019d52638,ea81da4d34ee1570c8dd3460a4e44f8f247a0ba0f55b701dbf5093d392e32021,negative,0,0.0,0.0,[],"[[337.16668701171875, 260.16668701171875, 402.66668701171875, 322.16668701171875]]",[0.010528564453125],0.010528564453125,1
1996,695481,1.2.392.200036.9116.2.6.1.44063.1811171443.1627309634.140560,/home/mahsa-nasehi/Desktop/IAAA/fracture/iaaa-contest-bct/Data/training/1996/1.2.392.200036.9116.2.6.1.44063.1811171443.1627309634.140560.dcm,23,-402.5,512,512,0,0,heldout_patient_fold,aa2d72a2538f26976441e6d52c8c11ca964533e55b3978b8345a70a019d52638,ea81da4d34ee1570c8dd3460a4e44f8f247a0ba0f55b701dbf5093d392e32021,negative,0,0.0,0.0,[],[],[],0.0,0
1996,695481,1.2.392.200036.9116.2.6.1.44063.1811171443.1627309634.682231,/home/mahsa-nasehi/Desktop/IAAA/fracture/iaaa-contest-bct/Data/training/1996/1.2.392.200036.9116.2.6.1.44063.1811171443.1627309634.682231.dcm,24,-397.5,512,512,0,0,heldout_patient_fold,aa2d72a2538f26976441e6d52c8c11ca964533e55b3978b8345a70a019d52638,ea81da4d34ee1570c8dd3460a4e44f8f247a0ba0f55b701dbf5093d392e32021,negative,0,0.0,0.0,[],[],[],0.0,0
1996,695481,1.2.392.200036.9116.2.6.1.44063.1811171443.1627309635.675888,/home/mahsa-nasehi/Desktop/IAAA/fracture/iaaa-contest-bct/Data/training/1996/1.2.392.200036.9116.2.6.1.44063.1811171443.1627309635.675888.dcm,25,-392.5,512,512,0,0,heldout_patient_fold,aa2d72a2538f26976441e6d52c8c11ca964533e55b3978b8345a70a019d52638,ea81da4d34ee1570c8dd3460a4e44f8f247a0ba0f55b701dbf5093d392e32021,negative,0,0.0,0.0,[],[],[],0.0,0
1996,695481,1.2.392.200036.9116.2.6.1.44063.1811171443.1627309636.298456,/home/mahsa-nasehi/Desktop/IAAA/fracture/iaaa-contest-bct/Data/training/1996/1.2.392.200036.9116.2.6.1.44063.1811171443.1627309636.298456.dcm,26,-387.5,512,512,0,0,heldout_patient_fold,aa2d72a2538f26976441e6d52c8c11ca964533e55b3978b8345a70a019d52638,ea81da4d34ee1570c8dd3460a4e44f8f247a0ba0f55b701dbf5093d392e32021,negative,0,0.0,0.0,[],[],[],0.0,0
1996,695481,1.2.392.200036.9116.2.6.1.44063.1811171443.1627309636.772325,/home/mahsa-nasehi/Desktop/IAAA/fracture/iaaa-contest-bct/Data/training/1996/1.2.392.200036.9116.2.6.1.44063.1811171443.1627309636.772325.dcm,27,-382.5,512,512,0,0,heldout_patient_fold,aa2d72a2538f26976441e6d52c8c11ca964533e55b3978b8345a70a019d52638,ea81da4d34ee1570c8dd3460a4e44f8f247a0ba0f55b701dbf5093d392e32021,negative,0,0.0,0.0,[],[],[],0.0,0
1996,695481,1.2.392.200036.9116.2.6.1.44063.1811171443.1627309637.390536,/home/mahsa-nasehi/Desktop/IAAA/fracture/iaaa-contest-bct/Data/training/1996/1.2.392.200036.9116.2.6.1.44063.1811171443.1627309637.390536.dcm,28,-377.5,512,512,0,0,heldout_patient_fold,aa2d72a2538f26976441e6d52c8c11ca964533e55b3978b8345a70a019d52638,ea81da4d34ee1570c8dd3460a4e44f8f247a0ba0f55b701dbf5093d392e32021,negative,0,0.0,0.0,[],[],[],0.0,0
1996,695481,1.2.392.200036.9116.2.6.1.44063.1811171443.1627309637.783704,/home/mahsa-nasehi/Desktop/IAAA/fracture/iaaa-contest-bct/Data/training/1996/1.2.392.200036.9116.2.6.1.44063.1811171443.1627309637.783704.dcm,29,-372.5,512,512,0,0,heldout_patient_fold,aa2d72a2538f26976441e6d52c8c11ca964533e55b3978b8345a70a019d52638,ea81da4d34ee1570c8dd3460a4e44f8f247a0ba0f55b701dbf5093d392e32021,negative,0,0.0,0.0,[],[],[],0.0,0
1996,695481,1.2.392.200036.9116.2.6.1.44063.1811171443.1627309638.440199,/home/mahsa-nasehi/Desktop/IAAA/fracture/iaaa-contest-bct/Data/training/1996/1.2.392.200036.9116.2.6.1.44063.1811171443.1627309638.440199.dcm,30,-367.5,512,512,0,0,heldout_patient_fold,aa2d72a2538f26976441e6d52c8c11ca964533e55b3978b8345a70a019d52638,ea81da4d34ee1570c8dd3460a4e44f8f247a0ba0f55b701dbf5093d392e32021,negative,0,0.0,0.0,[],[],[],0.0,0
1997,695481,1.2.392.200036.9116.2.6.1.44063.1811171443.1627344843.744636,/home/mahsa-nasehi/Desktop/IAAA/fracture/iaaa-contest-bct/Data/training/1997/1.2.392.200036.9116.2.6.1.44063.1811171443.1627344843.744636.dcm,0,-545.5,512,512,0,0,heldout_patient_fold,aa2d72a2538f26976441e6d52c8c11ca964533e55b3978b8345a70a019d52638,ea81da4d34ee1570c8dd3460a4e44f8f247a0ba0f55b701dbf5093d392e32021,negative,0,0.0,0.0,[],[],[],0.0,0
1997,695481,1.2.392.200036.9116.2.6.1.44063.1811171443.1627344845.771495,/home/mahsa-nasehi/Desktop/IAAA/fracture/iaaa-contest-bct/Data/training/1997/1.2.392.200036.9116.2.6.1.44063.1811171443.1627344845.771495.dcm,1,-540.5,512,512,0,0,heldout_patient_fold,aa2d72a2538f26976441e6d52c8c11ca964533e55b3978b8345a70a019d52638,ea81da4d34ee1570c8dd3460a4e44f8f247a0ba0f55b701dbf5093d392e32021,negative,0,0.0,0.0,[],[],[],0.0,0
1997,695481,1.2.392.200036.9116.2.6.1.44063.1811171443.1627344846.561423,/home/mahsa-nasehi/Desktop/IAAA/fracture/iaaa-contest-bct/Data/training/1997/1.2.392.200036.9116.2.6.1.44063.1811171443.1627344846.561423.dcm,2,-535.5,512,512,0,0,heldout_patient_fold,aa2d72a2538f26976441e6d52c8c11ca964533e55b3978b8345a70a019d52638,ea81da4d34ee1570c8dd3460a4e44f8f247a0ba0f55b701dbf5093d392e32021,negative,0,0.0,0.0,[],[],[],0.0,0
1997,695481,1.2.392.200036.9116.2.6.1.44063.1811171443.1627344847.72444,/home/mahsa-nasehi/Desktop/IAAA/fracture/iaaa-contest-bct/Data/training/1997/1.2.392.200036.9116.2.6.1.44063.1811171443.1627344847.72444.dcm,3,-530.5,512,512,0,0,heldout_patient_fold,aa2d72a2538f26976441e6d52c8c11ca964533e55b3978b8345a70a019d52638,ea81da4d34ee1570c8dd3460a4e44f8f247a0ba0f55b701dbf5093d392e32021,negative,0,0.0,0.0,[],[],[],0.0,0
1997,695481,1.2.392.200036.9116.2.6.1.44063.1811171443.1627344848.233849,/home/mahsa-nasehi/Desktop/IAAA/fracture/iaaa-contest-bct/Data/training/1997/1.2.392.200036.9116.2.6.1.44063.1811171443.1627344848.233849.dcm,4,-525.5,512,512,0,0,heldout_patient_fold,aa2d72a2538f26976441e6d52c8c11ca964533e55b3978b8345a70a019d52638,ea81da4d34ee1570c8dd3460a4e44f8f247a0ba0f55b701dbf5093d392e32021,negative,0,0.0,0.0,[],"[[206.33334350585938, 184.6666717529297, 341.3333435058594, 349.3333435058594]]",[0.0135345458984375],0.0135345458984375,1
1997,695481,1.2.392.200036.9116.2.6.1.44063.1811171443.1627344848.877014,/home/mahsa-nasehi/Desktop/IAAA/fracture/iaaa-contest-bct/Data/training/1997/1.2.392.200036.9116.2.6.1.44063.1811171443.1627344848.877014.dcm,5,-520.5,512,512,0,0,heldout_patient_fold,aa2d72a2538f26976441e6d52c8c11ca964533e55b3978b8345a70a019d52638,ea81da4d34ee1570c8dd3460a4e44f8f247a0ba0f55b701dbf5093d392e32021,negative,0,0.0,0.0,[],[],[],0.0,0
1997,695481,1.2.392.200036.9116.2.6.1.44063.1811171443.1627344849.487043,/home/mahsa-nasehi/Desktop/IAAA/fracture/iaaa-contest-bct/Data/training/1997/1.2.392.200036.9116.2.6.1.44063.1811171443.1627344849.487043.dcm,6,-515.5,512,512,0,0,heldout_patient_fold,aa2d72a2538f26976441e6d52c8c11ca964533e55b3978b8345a70a019d52638,ea81da4d34ee1570c8dd3460a4e44f8f247a0ba0f55b701dbf5093d392e32021,negative,0,0.0,0.0,[],"[[154.6666717529297, 9.541666984558105, 287.3333435058594, 173.1666717529297]]",[0.01406097412109375],0.01406097412109375,1
1997,695481,1.2.392.200036.9116.2.6.1.44063.1811171443.1627344850.529633,/home/mahsa-nasehi/Desktop/IAAA/fracture/iaaa-contest-bct/Data/training/1997/1.2.392.200036.9116.2.6.1.44063.1811171443.1627344850.529633.dcm,7,-510.5,512,512,0,0,heldout_patient_fold,aa2d72a2538f26976441e6d52c8c11ca964533e55b3978b8345a70a019d52638,ea81da4d34ee1570c8dd3460a4e44f8f247a0ba0f55b701dbf5093d392e32021,negative,0,0.0,0.0,[],[],[],0.0,0
1997,695481,1.2.392.200036.9116.2.6.1.44063.1811171443.1627344851.167462,/home/mahsa-nasehi/Desktop/IAAA/fracture/iaaa-contest-bct/Data/training/1997/1.2.392.200036.9116.2.6.1.44063.1811171443.1627344851.167462.dcm,8,-505.5,512,512,0,0,heldout_patient_fold,aa2d72a2538f26976441e6d52c8c11ca964533e55b3978b8345a70a019d52638,ea81da4d34ee1570c8dd3460a4e44f8f247a0ba0f55b701dbf5093d392e32021,negative,0,0.0,0.0,[],[],[],0.0,0
1997,695481,1.2.392.200036.9116.2.6.1.44063.1811171443.1627344851.703998,/home/mahsa-nasehi/Desktop/IAAA/fracture/iaaa-contest-bct/Data/training/1997/1.2.392.200036.9116.2.6.1.44063.1811171443.1627344851.703998.dcm,9,-500.5,512,512,0,0,heldout_patient_fold,aa2d72a2538f26976441e6d52c8c11ca964533e55b3978b8345a70a019d52638,ea81da4d34ee1570c8dd3460a4e44f8f247a0ba0f55b701dbf5093d392e32021,negative,0,0.0,0.0,[],[],[],0.0,0
1997,695481,1.2.392.200036.9116.2.6.1.44063.1811171443.1627344852.644231,/home/mahsa-nasehi/Desktop/IAAA/fracture/iaaa-contest-bct/Data/training/1997/1.2.392.200036.9116.2.6.1.44063.1811171443.1627344852.644231.dcm,10,-495.5,512,512,0,0,heldout_patient_fold,aa2d72a2538f26976441e6d52c8c11ca964533e55b3978b8345a70a019d52638,ea81da4d34ee1570c8dd3460a4e44f8f247a0ba0f55b701dbf5093d392e32021,negative,0,0.0,0.0,[],[],[],0.0,0
1997,695481,1.2.392.200036.9116.2.6.1.44063.1811171443.1627344853.286437,/home/mahsa-nasehi/Desktop/IAAA/fracture/iaaa-contest-bct/Data/training/1997/1.2.392.200036.9116.2.6.1.44063.1811171443.1627344853.286437.dcm,11,-490.5,512,512,0,0,heldout_patient_fold,aa2d72a2538f26976441e6d52c8c11ca964533e55b3978b8345a70a019d52638,ea81da4d34ee1570c8dd3460a4e44f8f247a0ba0f55b701dbf5093d392e32021,negative,0,0.0,0.0,[],"[[121.66667175292969, 185.0, 158.0, 220.33334350585938]]",[0.0164642333984375],0.0164642333984375,1
1997,695481,1.2.392.200036.9116.2.6.1.44063.1811171443.1627344853.914070,/home/mahsa-nasehi/Desktop/IAAA/fracture/iaaa-contest-bct/Data/training/1997/1.2.392.200036.9116.2.6.1.44063.1811171443.1627344853.914070.dcm,12,-485.5,512,512,0,0,heldout_patient_fold,aa2d72a2538f26976441e6d52c8c11ca964533e55b3978b8345a70a019d52638,ea81da4d34ee1570c8dd3460a4e44f8f247a0ba0f55b701dbf5093d392e32021,negative,0,0.0,0.0,[],[],[],0.0,0
1997,695481,1.2.392.200036.9116.2.6.1.44063.1811171443.1627344854.963855,/home/mahsa-nasehi/Desktop/IAAA/fracture/iaaa-contest-bct/Data/training/1997/1.2.392.200036.9116.2.6.1.44063.1811171443.1627344854.963855.dcm,13,-480.5,512,512,0,0,heldout_patient_fold,aa2d72a2538f26976441e6d52c8c11ca964533e55b3978b8345a70a019d52638,ea81da4d34ee1570c8dd3460a4e44f8f247a0ba0f55b701dbf5093d392e32021,negative,0,0.0,0.0,[],[],[],0.0,0
1997,695481,1.2.392.200036.9116.2.6.1.44063.1811171443.1627344855.583814,/home/mahsa-nasehi/Desktop/IAAA/fracture/iaaa-contest-bct/Data/training/1997/1.2.392.200036.9116.2.6.1.44063.1811171443.1627344855.583814.dcm,14,-475.5,512,512,0,0,heldout_patient_fold,aa2d72a2538f26976441e6d52c8c11ca964533e55b3978b8345a70a019d52638,ea81da4d34ee1570c8dd3460a4e44f8f247a0ba0f55b701dbf5093d392e32021,negative,0,0.0,0.0,[],"[[115.91667175292969, 187.33334350585938, 152.75, 223.33334350585938]]",[0.014556884765625],0.014556884765625,1
1997,695481,1.2.392.200036.9116.2.6.1.44063.1811171443.1627344856.153445,/home/mahsa-nasehi/Desktop/IAAA/fracture/iaaa-contest-bct/Data/training/1997/1.2.392.200036.9116.2.6.1.44063.1811171443.1627344856.153445.dcm,15,-470.5,512,512,0,0,heldout_patient_fold,aa2d72a2538f26976441e6d52c8c11ca964533e55b3978b8345a70a019d52638,ea81da4d34ee1570c8dd3460a4e44f8f247a0ba0f55b701dbf5093d392e32021,negative,0,0.0,0.0,[],"[[115.83333587646484, 187.33334350585938, 152.83334350585938, 223.33334350585938]]",[0.026763916015625],0.026763916015625,1
1997,695481,1.2.392.200036.9116.2.6.1.44063.1811171443.1627344857.211032,/home/mahsa-nasehi/Desktop/IAAA/fracture/iaaa-contest-bct/Data/training/1997/1.2.392.200036.9116.2.6.1.44063.1811171443.1627344857.211032.dcm,16,-465.5,512,512,0,0,heldout_patient_fold,aa2d72a2538f26976441e6d52c8c11ca964533e55b3978b8345a70a019d52638,ea81da4d34ee1570c8dd3460a4e44f8f247a0ba0f55b701dbf5093d392e32021,negative,0,0.0,0.0,[],"[[115.0, 189.83334350585938, 152.6666717529297, 225.5]]",[0.0323486328125],0.0323486328125,1
1997,695481,1.2.392.200036.9116.2.6.1.44063.1811171443.1627344857.854657,/home/mahsa-nasehi/Desktop/IAAA/fracture/iaaa-contest-bct/Data/training/1997/1.2.392.200036.9116.2.6.1.44063.1811171443.1627344857.854657.dcm,17,-460.5,512,512,0,0,heldout_patient_fold,aa2d72a2538f26976441e6d52c8c11ca964533e55b3978b8345a70a019d52638,ea81da4d34ee1570c8dd3460a4e44f8f247a0ba0f55b701dbf5093d392e32021,negative,0,0.0,0.0,[],[],[],0.0,0
1997,695481,1.2.392.200036.9116.2.6.1.44063.1811171443.1627344858.461177,/home/mahsa-nasehi/Desktop/IAAA/fracture/iaaa-contest-bct/Data/training/1997/1.2.392.200036.9116.2.6.1.44063.1811171443.1627344858.461177.dcm,18,-455.5,512,512,0,0,heldout_patient_fold,aa2d72a2538f26976441e6d52c8c11ca964533e55b3978b8345a70a019d52638,ea81da4d34ee1570c8dd3460a4e44f8f247a0ba0f55b701dbf5093d392e32021,negative,0,0.0,0.0,[],[],[],0.0,0
1997,695481,1.2.392.200036.9116.2.6.1.44063.1811171443.1627344859.401416,/home/mahsa-nasehi/Desktop/IAAA/fracture/iaaa-contest-bct/Data/training/1997/1.2.392.200036.9116.2.6.1.44063.1811171443.1627344859.401416.dcm,19,-450.5,512,512,0,0,heldout_patient_fold,aa2d72a2538f26976441e6d52c8c11ca964533e55b3978b8345a70a019d52638,ea81da4d34ee1570c8dd3460a4e44f8f247a0ba0f55b701dbf5093d392e32021,negative,0,0.0,0.0,[],[],[],0.0,0
1997,695481,1.2.392.200036.9116.2.6.1.44063.1811171443.1627344859.965474,/home/mahsa-nasehi/Desktop/IAAA/fracture/iaaa-contest-bct/Data/training/1997/1.2.392.200036.9116.2.6.1.44063.1811171443.1627344859.965474.dcm,20,-445.5,512,512,0,0,heldout_patient_fold,aa2d72a2538f26976441e6d52c8c11ca964533e55b3978b8345a70a019d52638,ea81da4d34ee1570c8dd3460a4e44f8f247a0ba0f55b701dbf5093d392e32021,negative,0,0.0,0.0,[],[],[],0.0,0
1997,695481,1.2.392.200036.9116.2.6.1.44063.1811171443.1627344860.485769,/home/mahsa-nasehi/Desktop/IAAA/fracture/iaaa-contest-bct/Data/training/1997/1.2.392.200036.9116.2.6.1.44063.1811171443.1627344860.485769.dcm,21,-440.5,512,512,0,0,heldout_patient_fold,aa2d72a2538f26976441e6d52c8c11ca964533e55b3978b8345a70a019d52638,ea81da4d34ee1570c8dd3460a4e44f8f247a0ba0f55b701dbf5093d392e32021,negative,0,0.0,0.0,[],[],[],0.0,0
1997,695481,1.2.392.200036.9116.2.6.1.44063.1811171443.1627344861.345649,/home/mahsa-nasehi/Desktop/IAAA/fracture/iaaa-contest-bct/Data/training/1997/1.2.392.200036.9116.2.6.1.44063.1811171443.1627344861.345649.dcm,22,-435.5,512,512,0,0,heldout_patient_fold,aa2d72a2538f26976441e6d52c8c11ca964533e55b3978b8345a70a019d52638,ea81da4d34ee1570c8dd3460a4e44f8f247a0ba0f55b701dbf5093d392e32021,negative,0,0.0,0.0,[],[],[],0.0,0
1997,695481,1.2.392.200036.9116.2.6.1.44063.1811171443.1627344861.791253,/home/mahsa-nasehi/Desktop/IAAA/fracture/iaaa-contest-bct/Data/training/1997/1.2.392.200036.9116.2.6.1.44063.1811171443.1627344861.791253.dcm,23,-430.5,512,512,0,0,heldout_patient_fold,aa2d72a2538f26976441e6d52c8c11ca964533e55b3978b8345a70a019d52638,ea81da4d34ee1570c8dd3460a4e44f8f247a0ba0f55b701dbf5093d392e32021,negative,0,0.0,0.0,[],[],[],0.0,0
1997,695481,1.2.392.200036.9116.2.6.1.44063.1811171443.1627344862.179432,/home/mahsa-nasehi/Desktop/IAAA/fracture/iaaa-contest-bct/Data/training/1997/1.2.392.200036.9116.2.6.1.44063.1811171443.1627344862.179432.dcm,24,-425.5,512,512,0,0,heldout_patient_fold,aa2d72a2538f26976441e6d52c8c11ca964533e55b3978b8345a70a019d52638,ea81da4d34ee1570c8dd3460a4e44f8f247a0ba0f55b701dbf5093d392e32021,negative,0,0.0,0.0,[],[],[],0.0,0
1997,695481,1.2.392.200036.9116.2.6.1.44063.1811171443.1627344862.805447,/home/mahsa-nasehi/Desktop/IAAA/fracture/iaaa-contest-bct/Data/training/1997/1.2.392.200036.9116.2.6.1.44063.1811171443.1627344862.805447.dcm,25,-420.5,512,512,0,0,heldout_patient_fold,aa2d72a2538f26976441e6d52c8c11ca964533e55b3978b8345a70a019d52638,ea81da4d34ee1570c8dd3460a4e44f8f247a0ba0f55b701dbf5093d392e32021,negative,0,0.0,0.0,[],[],[],0.0,0
1997,695481,1.2.392.200036.9116.2.6.1.44063.1811171443.1627344863.210746,/home/mahsa-nasehi/Desktop/IAAA/fracture/iaaa-contest-bct/Data/training/1997/1.2.392.200036.9116.2.6.1.44063.1811171443.1627344863.210746.dcm,26,-415.5,512,512,0,0,heldout_patient_fold,aa2d72a2538f26976441e6d52c8c11ca964533e55b3978b8345a70a019d52638,ea81da4d34ee1570c8dd3460a4e44f8f247a0ba0f55b701dbf5093d392e32021,negative,0,0.0,0.0,[],[],[],0.0,0
1999,695481,1.2.392.200036.9116.2.6.1.44063.1811171443.1627781486.104707,/home/mahsa-nasehi/Desktop/IAAA/fracture/iaaa-contest-bct/Data/training/1999/1.2.392.200036.9116.2.6.1.44063.1811171443.1627781486.104707.dcm,0,132.5,512,512,0,0,heldout_patient_fold,aa2d72a2538f26976441e6d52c8c11ca964533e55b3978b8345a70a019d52638,ea81da4d34ee1570c8dd3460a4e44f8f247a0ba0f55b701dbf5093d392e32021,negative,0,0.0,0.0,[],[],[],0.0,0
1999,695481,1.2.392.200036.9116.2.6.1.44063.1811171443.1627781487.207787,/home/mahsa-nasehi/Desktop/IAAA/fracture/iaaa-contest-bct/Data/training/1999/1.2.392.200036.9116.2.6.1.44063.1811171443.1627781487.207787.dcm,1,137.5,512,512,0,0,heldout_patient_fold,aa2d72a2538f26976441e6d52c8c11ca964533e55b3978b8345a70a019d52638,ea81da4d34ee1570c8dd3460a4e44f8f247a0ba0f55b701dbf5093d392e32021,negative,0,0.0,0.0,[],[],[],0.0,0
1999,695481,1.2.392.200036.9116.2.6.1.44063.1811171443.1627781487.853755,/home/mahsa-nasehi/Desktop/IAAA/fracture/iaaa-contest-bct/Data/training/1999/1.2.392.200036.9116.2.6.1.44063.1811171443.1627781487.853755.dcm,2,142.5,512,512,0,0,heldout_patient_fold,aa2d72a2538f26976441e6d52c8c11ca964533e55b3978b8345a70a019d52638,ea81da4d34ee1570c8dd3460a4e44f8f247a0ba0f55b701dbf5093d392e32021,negative,0,0.0,0.0,[],[],[],0.0,0
1999,695481,1.2.392.200036.9116.2.6.1.44063.1811171443.1627781489.525882,/home/mahsa-nasehi/Desktop/IAAA/fracture/iaaa-contest-bct/Data/training/1999/1.2.392.200036.9116.2.6.1.44063.1811171443.1627781489.525882.dcm,3,147.5,512,512,0,0,heldout_patient_fold,aa2d72a2538f26976441e6d52c8c11ca964533e55b3978b8345a70a019d52638,ea81da4d34ee1570c8dd3460a4e44f8f247a0ba0f55b701dbf5093d392e32021,negative,0,0.0,0.0,[],[],[],0.0,0
1999,695481,1.2.392.200036.9116.2.6.1.44063.1811171443.1627781489.604891,/home/mahsa-nasehi/Desktop/IAAA/fracture/iaaa-contest-bct/Data/training/1999/1.2.392.200036.9116.2.6.1.44063.1811171443.1627781489.604891.dcm,4,152.5,512,512,0,0,heldout_patient_fold,aa2d72a2538f26976441e6d52c8c11ca964533e55b3978b8345a70a019d52638,ea81da4d34ee1570c8dd3460a4e44f8f247a0ba0f55b701dbf5093d392e32021,negative,0,0.0,0.0,[],[],[],0.0,0
1999,695481,1.2.392.200036.9116.2.6.1.44063.1811171443.1627781490.131397,/home/mahsa-nasehi/Desktop/IAAA/fracture/iaaa-contest-bct/Data/training/1999/1.2.392.200036.9116.2.6.1.44063.1811171443.1627781490.131397.dcm,5,157.5,512,512,0,0,heldout_patient_fold,aa2d72a2538f26976441e6d52c8c11ca964533e55b3978b8345a70a019d52638,ea81da4d34ee1570c8dd3460a4e44f8f247a0ba0f55b701dbf5093d392e32021,negative,0,0.0,0.0,[],[],[],0.0,0
1999,695481,1.2.392.200036.9116.2.6.1.44063.1811171443.1627781490.956860,/home/mahsa-nasehi/Desktop/IAAA/fracture/iaaa-contest-bct/Data/training/1999/1.2.392.200036.9116.2.6.1.44063.1811171443.1627781490.956860.dcm,6,162.5,512,512,0,0,heldout_patient_fold,aa2d72a2538f26976441e6d52c8c11ca964533e55b3978b8345a70a019d52638,ea81da4d34ee1570c8dd3460a4e44f8f247a0ba0f55b701dbf5093d392e32021,negative,0,0.0,0.0,[],[],[],0.0,0
1999,695481,1.2.392.200036.9116.2.6.1.44063.1811171443.1627781491.923080,/home/mahsa-nasehi/Desktop/IAAA/fracture/iaaa-contest-bct/Data/training/1999/1.2.392.200036.9116.2.6.1.44063.1811171443.1627781491.923080.dcm,7,167.5,512,512,0,0,heldout_patient_fold,aa2d72a2538f26976441e6d52c8c11ca964533e55b3978b8345a70a019d52638,ea81da4d34ee1570c8dd3460a4e44f8f247a0ba0f55b701dbf5093d392e32021,negative,0,0.0,0.0,[],"[[354.0, 271.66668701171875, 390.0, 309.0]]",[0.020965576171875],0.020965576171875,1
1999,695481,1.2.392.200036.9116.2.6.1.44063.1811171443.1627781492.553928,/home/mahsa-nasehi/Desktop/IAAA/fracture/iaaa-contest-bct/Data/training/1999/1.2.392.200036.9116.2.6.1.44063.1811171443.1627781492.553928.dcm,8,172.5,512,512,0,0,heldout_patient_fold,aa2d72a2538f26976441e6d52c8c11ca964533e55b3978b8345a70a019d52638,ea81da4d34ee1570c8dd3460a4e44f8f247a0ba0f55b701dbf5093d392e32021,negative,0,0.0,0.0,[],[],[],0.0,0
1999,695481,1.2.392.200036.9116.2.6.1.44063.1811171443.1627781493.112366,/home/mahsa-nasehi/Desktop/IAAA/fracture/iaaa-contest-bct/Data/training/1999/1.2.392.200036.9116.2.6.1.44063.1811171443.1627781493.112366.dcm,9,177.5,512,512,0,0,heldout_patient_fold,aa2d72a2538f26976441e6d52c8c11ca964533e55b3978b8345a70a019d52638,ea81da4d34ee1570c8dd3460a4e44f8f247a0ba0f55b701dbf5093d392e32021,negative,0,0.0,0.0,[],[],[],0.0,0
1999,695481,1.2.392.200036.9116.2.6.1.44063.1811171443.1627781494.205517,/home/mahsa-nasehi/Desktop/IAAA/fracture/iaaa-contest-bct/Data/training/1999/1.2.392.200036.9116.2.6.1.44063.1811171443.1627781494.205517.dcm,10,182.5,512,512,0,0,heldout_patient_fold,aa2d72a2538f26976441e6d52c8c11ca964533e55b3978b8345a70a019d52638,ea81da4d34ee1570c8dd3460a4e44f8f247a0ba0f55b701dbf5093d392e32021,negative,0,0.0,0.0,[],[],[],0.0,0
1999,695481,1.2.392.200036.9116.2.6.1.44063.1811171443.1627781494.875349,/home/mahsa-nasehi/Desktop/IAAA/fracture/iaaa-contest-bct/Data/training/1999/1.2.392.200036.9116.2.6.1.44063.1811171443.1627781494.875349.dcm,11,187.5,512,512,0,0,heldout_patient_fold,aa2d72a2538f26976441e6d52c8c11ca964533e55b3978b8345a70a019d52638,ea81da4d34ee1570c8dd3460a4e44f8f247a0ba0f55b701dbf5093d392e32021,negative,0,0.0,0.0,[],[],[],0.0,0
1999,695481,1.2.392.200036.9116.2.6.1.44063.1811171443.1627781495.400169,/home/mahsa-nasehi/Desktop/IAAA/fracture/iaaa-contest-bct/Data/training/1999/1.2.392.200036.9116.2.6.1.44063.1811171443.1627781495.400169.dcm,12,192.5,512,512,0,0,heldout_patient_fold,aa2d72a2538f26976441e6d52c8c11ca964533e55b3978b8345a70a019d52638,ea81da4d34ee1570c8dd3460a4e44f8f247a0ba0f55b701dbf5093d392e32021,negative,0,0.0,0.0,[],[],[],0.0,0
1999,695481,1.2.392.200036.9116.2.6.1.44063.1811171443.1627781496.342002,/home/mahsa-nasehi/Desktop/IAAA/fracture/iaaa-contest-bct/Data/training/1999/1.2.392.200036.9116.2.6.1.44063.1811171443.1627781496.342002.dcm,13,197.5,512,512,0,0,heldout_patient_fold,aa2d72a2538f26976441e6d52c8c11ca964533e55b3978b8345a70a019d52638,ea81da4d34ee1570c8dd3460a4e44f8f247a0ba0f55b701dbf5093d392e32021,negative,0,0.0,0.0,[],[],[],0.0,0
1999,695481,1.2.392.200036.9116.2.6.1.44063.1811171443.1627781496.990415,/home/mahsa-nasehi/Desktop/IAAA/fracture/iaaa-contest-bct/Data/training/1999/1.2.392.200036.9116.2.6.1.44063.1811171443.1627781496.990415.dcm,14,202.5,512,512,0,0,heldout_patient_fold,aa2d72a2538f26976441e6d52c8c11ca964533e55b3978b8345a70a019d52638,ea81da4d34ee1570c8dd3460a4e44f8f247a0ba0f55b701dbf5093d392e32021,negative,0,0.0,0.0,[],[],[],0.0,0
1999,695481,1.2.392.200036.9116.2.6.1.44063.1811171443.1627781497.600987,/home/mahsa-nasehi/Desktop/IAAA/fracture/iaaa-contest-bct/Data/training/1999/1.2.392.200036.9116.2.6.1.44063.1811171443.1627781497.600987.dcm,15,207.5,512,512,0,0,heldout_patient_fold,aa2d72a2538f26976441e6d52c8c11ca964533e55b3978b8345a70a019d52638,ea81da4d34ee1570c8dd3460a4e44f8f247a0ba0f55b701dbf5093d392e32021,negative,0,0.0,0.0,[],[],[],0.0,0
1999,695481,1.2.392.200036.9116.2.6.1.44063.1811171443.1627781498.627356,/home/mahsa-nasehi/Desktop/IAAA/fracture/iaaa-contest-bct/Data/training/1999/1.2.392.200036.9116.2.6.1.44063.1811171443.1627781498.627356.dcm,16,212.5,512,512,0,0,heldout_patient_fold,aa2d72a2538f26976441e6d52c8c11ca964533e55b3978b8345a70a019d52638,ea81da4d34ee1570c8dd3460a4e44f8f247a0ba0f55b701dbf5093d392e32021,negative,0,0.0,0.0,[],[],[],0.0,0
1999,695481,1.2.392.200036.9116.2.6.1.44063.1811171443.1627781499.272089,/home/mahsa-nasehi/Desktop/IAAA/fracture/iaaa-contest-bct/Data/training/1999/1.2.392.200036.9116.2.6.1.44063.1811171443.1627781499.272089.dcm,17,217.5,512,512,0,0,heldout_patient_fold,aa2d72a2538f26976441e6d52c8c11ca964533e55b3978b8345a70a019d52638,ea81da4d34ee1570c8dd3460a4e44f8f247a0ba0f55b701dbf5093d392e32021,negative,0,0.0,0.0,[],[],[],0.0,0
1999,695481,1.2.392.200036.9116.2.6.1.44063.1811171443.1627781499.900441,/home/mahsa-nasehi/Desktop/IAAA/fracture/iaaa-contest-bct/Data/training/1999/1.2.392.200036.9116.2.6.1.44063.1811171443.1627781499.900441.dcm,18,222.5,512,512,0,0,heldout_patient_fold,aa2d72a2538f26976441e6d52c8c11ca964533e55b3978b8345a70a019d52638,ea81da4d34ee1570c8dd3460a4e44f8f247a0ba0f55b701dbf5093d392e32021,negative,0,0.0,0.0,[],"[[343.0, 187.0, 379.66668701171875, 223.6666717529297]]",[0.01302337646484375],0.01302337646484375,1
1999,695481,1.2.392.200036.9116.2.6.1.44063.1811171443.1627781500.901032,/home/mahsa-nasehi/Desktop/IAAA/fracture/iaaa-contest-bct/Data/training/1999/1.2.392.200036.9116.2.6.1.44063.1811171443.1627781500.901032.dcm,19,227.5,512,512,0,0,heldout_patient_fold,aa2d72a2538f26976441e6d52c8c11ca964533e55b3978b8345a70a019d52638,ea81da4d34ee1570c8dd3460a4e44f8f247a0ba0f55b701dbf5093d392e32021,negative,0,0.0,0.0,[],[],[],0.0,0
1999,695481,1.2.392.200036.9116.2.6.1.44063.1811171443.1627781501.553136,/home/mahsa-nasehi/Desktop/IAAA/fracture/iaaa-contest-bct/Data/training/1999/1.2.392.200036.9116.2.6.1.44063.1811171443.1627781501.553136.dcm,20,232.5,512,512,0,0,heldout_patient_fold,aa2d72a2538f26976441e6d52c8c11ca964533e55b3978b8345a70a019d52638,ea81da4d34ee1570c8dd3460a4e44f8f247a0ba0f55b701dbf5093d392e32021,negative,0,0.0,0.0,[],[],[],0.0,0
1999,695481,1.2.392.200036.9116.2.6.1.44063.1811171443.1627781502.134715,/home/mahsa-nasehi/Desktop/IAAA/fracture/iaaa-contest-bct/Data/training/1999/1.2.392.200036.9116.2.6.1.44063.1811171443.1627781502.134715.dcm,21,237.5,512,512,0,0,heldout_patient_fold,aa2d72a2538f26976441e6d52c8c11ca964533e55b3978b8345a70a019d52638,ea81da4d34ee1570c8dd3460a4e44f8f247a0ba0f55b701dbf5093d392e32021,negative,0,0.0,0.0,[],"[[356.66668701171875, 291.66668701171875, 392.66668701171875, 327.66668701171875]]",[0.0110321044921875],0.0110321044921875,1
1999,695481,1.2.392.200036.9116.2.6.1.44063.1811171443.1627781503.384937,/home/mahsa-nasehi/Desktop/IAAA/fracture/iaaa-contest-bct/Data/training/1999/1.2.392.200036.9116.2.6.1.44063.1811171443.1627781503.384937.dcm,22,242.5,512,512,0,0,heldout_patient_fold,aa2d72a2538f26976441e6d52c8c11ca964533e55b3978b8345a70a019d52638,ea81da4d34ee1570c8dd3460a4e44f8f247a0ba0f55b701dbf5093d392e32021,negative,0,0.0,0.0,[],[],[],0.0,0
1999,695481,1.2.392.200036.9116.2.6.1.44063.1811171443.1627781503.767925,/home/mahsa-nasehi/Desktop/IAAA/fracture/iaaa-contest-bct/Data/training/1999/1.2.392.200036.9116.2.6.1.44063.1811171443.1627781503.767925.dcm,23,247.5,512,512,0,0,heldout_patient_fold,aa2d72a2538f26976441e6d52c8c11ca964533e55b3978b8345a70a019d52638,ea81da4d34ee1570c8dd3460a4e44f8f247a0ba0f55b701dbf5093d392e32021,negative,0,0.0,0.0,[],[],[],0.0,0
1999,695481,1.2.392.200036.9116.2.6.1.44063.1811171443.1627781504.339607,/home/mahsa-nasehi/Desktop/IAAA/fracture/iaaa-contest-bct/Data/training/1999/1.2.392.200036.9116.2.6.1.44063.1811171443.1627781504.339607.dcm,24,252.5,512,512,0,0,heldout_patient_fold,aa2d72a2538f26976441e6d52c8c11ca964533e55b3978b8345a70a019d52638,ea81da4d34ee1570c8dd3460a4e44f8f247a0ba0f55b701dbf5093d392e32021,negative,0,0.0,0.0,[],[],[],0.0,0
1999,695481,1.2.392.200036.9116.2.6.1.44063.1811171443.1627781505.138225,/home/mahsa-nasehi/Desktop/IAAA/fracture/iaaa-contest-bct/Data/training/1999/1.2.392.200036.9116.2.6.1.44063.1811171443.1627781505.138225.dcm,25,257.5,512,512,0,0,heldout_patient_fold,aa2d72a2538f26976441e6d52c8c11ca964533e55b3978b8345a70a019d52638,ea81da4d34ee1570c8dd3460a4e44f8f247a0ba0f55b701dbf5093d392e32021,negative,0,0.0,0.0,[],[],[],0.0,0
1999,695481,1.2.392.200036.9116.2.6.1.44063.1811171443.1627781506.525870,/home/mahsa-nasehi/Desktop/IAAA/fracture/iaaa-contest-bct/Data/training/1999/1.2.392.200036.9116.2.6.1.44063.1811171443.1627781506.525870.dcm,26,262.5,512,512,0,0,heldout_patient_fold,aa2d72a2538f26976441e6d52c8c11ca964533e55b3978b8345a70a019d52638,ea81da4d34ee1570c8dd3460a4e44f8f247a0ba0f55b701dbf5093d392e32021,negative,0,0.0,0.0,[],[],[],0.0,0
1999,695481,1.2.392.200036.9116.2.6.1.44063.1811171443.1627781506.884949,/home/mahsa-nasehi/Desktop/IAAA/fracture/iaaa-contest-bct/Data/training/1999/1.2.392.200036.9116.2.6.1.44063.1811171443.1627781506.884949.dcm,27,267.5,512,512,0,0,heldout_patient_fold,aa2d72a2538f26976441e6d52c8c11ca964533e55b3978b8345a70a019d52638,ea81da4d34ee1570c8dd3460a4e44f8f247a0ba0f55b701dbf5093d392e32021,negative,0,0.0,0.0,[],[],[],0.0,0
1999,695481,1.2.392.200036.9116.2.6.1.44063.1811171443.1627781507.810758,/home/mahsa-nasehi/Desktop/IAAA/fracture/iaaa-contest-bct/Data/training/1999/1.2.392.200036.9116.2.6.1.44063.1811171443.1627781507.810758.dcm,28,272.5,512,512,0,0,heldout_patient_fold,aa2d72a2538f26976441e6d52c8c11ca964533e55b3978b8345a70a019d52638,ea81da4d34ee1570c8dd3460a4e44f8f247a0ba0f55b701dbf5093d392e32021,negative,0,0.0,0.0,[],[],[],0.0,0
2034,702023,1.2.392.200036.9116.2.6.1.44063.1811171443.1634526865.500763,/home/mahsa-nasehi/Desktop/IAAA/fracture/iaaa-contest-bct/Data/training/2034/1.2.392.200036.9116.2.6.1.44063.1811171443.1634526865.500763.dcm,0,-392.5,512,512,0,0,heldout_patient_fold,aa2d72a2538f26976441e6d52c8c11ca964533e55b3978b8345a70a019d52638,ea81da4d34ee1570c8dd3460a4e44f8f247a0ba0f55b701dbf5093d392e32021,negative,0,0.0,0.0,[],[],[],0.0,0
2034,702023,1.2.392.200036.9116.2.6.1.44063.1811171443.1634526865.585559,/home/mahsa-nasehi/Desktop/IAAA/fracture/iaaa-contest-bct/Data/training/2034/1.2.392.200036.9116.2.6.1.44063.1811171443.1634526865.585559.dcm,1,-387.5,512,512,0,0,heldout_patient_fold,aa2d72a2538f26976441e6d52c8c11ca964533e55b3978b8345a70a019d52638,ea81da4d34ee1570c8dd3460a4e44f8f247a0ba0f55b701dbf5093d392e32021,negative,0,0.0,0.0,[],[],[],0.0,0
2034,702023,1.2.392.200036.9116.2.6.1.44063.1811171443.1634526867.335537,/home/mahsa-nasehi/Desktop/IAAA/fracture/iaaa-contest-bct/Data/training/2034/1.2.392.200036.9116.2.6.1.44063.1811171443.1634526867.335537.dcm,2,-382.5,512,512,0,0,heldout_patient_fold,aa2d72a2538f26976441e6d52c8c11ca964533e55b3978b8345a70a019d52638,ea81da4d34ee1570c8dd3460a4e44f8f247a0ba0f55b701dbf5093d392e32021,negative,0,0.0,0.0,[],[],[],0.0,0
2034,702023,1.2.392.200036.9116.2.6.1.44063.1811171443.1634526868.49410,/home/mahsa-nasehi/Desktop/IAAA/fracture/iaaa-contest-bct/Data/training/2034/1.2.392.200036.9116.2.6.1.44063.1811171443.1634526868.49410.dcm,3,-377.5,512,512,0,0,heldout_patient_fold,aa2d72a2538f26976441e6d52c8c11ca964533e55b3978b8345a70a019d52638,ea81da4d34ee1570c8dd3460a4e44f8f247a0ba0f55b701dbf5093d392e32021,negative,0,0.0,0.0,[],"[[237.6666717529297, 153.0, 373.0, 315.66668701171875]]",[0.01384735107421875],0.01384735107421875,1
2034,702023,1.2.392.200036.9116.2.6.1.44063.1811171443.1634526868.893538,/home/mahsa-nasehi/Desktop/IAAA/fracture/iaaa-contest-bct/Data/training/2034/1.2.392.200036.9116.2.6.1.44063.1811171443.1634526868.893538.dcm,4,-372.5,512,512,0,0,heldout_patient_fold,aa2d72a2538f26976441e6d52c8c11ca964533e55b3978b8345a70a019d52638,ea81da4d34ee1570c8dd3460a4e44f8f247a0ba0f55b701dbf5093d392e32021,negative,0,0.0,0.0,[],[],[],0.0,0
2034,702023,1.2.392.200036.9116.2.6.1.44063.1811171443.1634526869.512149,/home/mahsa-nasehi/Desktop/IAAA/fracture/iaaa-contest-bct/Data/training/2034/1.2.392.200036.9116.2.6.1.44063.1811171443.1634526869.512149.dcm,5,-367.5,512,512,0,0,heldout_patient_fold,aa2d72a2538f26976441e6d52c8c11ca964533e55b3978b8345a70a019d52638,ea81da4d34ee1570c8dd3460a4e44f8f247a0ba0f55b701dbf5093d392e32021,negative,0,0.0,0.0,[],[],[],0.0,0
2034,702023,1.2.392.200036.9116.2.6.1.44063.1811171443.1634526870.128462,/home/mahsa-nasehi/Desktop/IAAA/fracture/iaaa-contest-bct/Data/training/2034/1.2.392.200036.9116.2.6.1.44063.1811171443.1634526870.128462.dcm,6,-362.5,512,512,0,0,heldout_patient_fold,aa2d72a2538f26976441e6d52c8c11ca964533e55b3978b8345a70a019d52638,ea81da4d34ee1570c8dd3460a4e44f8f247a0ba0f55b701dbf5093d392e32021,negative,0,0.0,0.0,[],[],[],0.0,0
2034,702023,1.2.392.200036.9116.2.6.1.44063.1811171443.1634526871.304897,/home/mahsa-nasehi/Desktop/IAAA/fracture/iaaa-contest-bct/Data/training/2034/1.2.392.200036.9116.2.6.1.44063.1811171443.1634526871.304897.dcm,7,-357.5,512,512,0,0,heldout_patient_fold,aa2d72a2538f26976441e6d52c8c11ca964533e55b3978b8345a70a019d52638,ea81da4d34ee1570c8dd3460a4e44f8f247a0ba0f55b701dbf5093d392e32021,negative,0,0.0,0.0,[],[],[],0.0,0
2034,702023,1.2.392.200036.9116.2.6.1.44063.1811171443.1634526871.881773,/home/mahsa-nasehi/Desktop/IAAA/fracture/iaaa-contest-bct/Data/training/2034/1.2.392.200036.9116.2.6.1.44063.1811171443.1634526871.881773.dcm,8,-352.5,512,512,0,0,heldout_patient_fold,aa2d72a2538f26976441e6d52c8c11ca964533e55b3978b8345a70a019d52638,ea81da4d34ee1570c8dd3460a4e44f8f247a0ba0f55b701dbf5093d392e32021,negative,0,0.0,0.0,[],"[[125.66667175292969, 200.33334350585938, 163.33334350585938, 236.33334350585938]]",[0.018402099609375],0.018402099609375,1
2034,702023,1.2.392.200036.9116.2.6.1.44063.1811171443.1634526872.496173,/home/mahsa-nasehi/Desktop/IAAA/fracture/iaaa-contest-bct/Data/training/2034/1.2.392.200036.9116.2.6.1.44063.1811171443.1634526872.496173.dcm,9,-347.5,512,512,0,0,heldout_patient_fold,aa2d72a2538f26976441e6d52c8c11ca964533e55b3978b8345a70a019d52638,ea81da4d34ee1570c8dd3460a4e44f8f247a0ba0f55b701dbf5093d392e32021,negative,0,0.0,0.0,[],"[[382.66668701171875, 109.83333587646484, 419.3333435058594, 146.1666717529297]]",[0.01751708984375],0.01751708984375,1
2034,702023,1.2.392.200036.9116.2.6.1.44063.1811171443.1634526873.495256,/home/mahsa-nasehi/Desktop/IAAA/fracture/iaaa-contest-bct/Data/training/2034/1.2.392.200036.9116.2.6.1.44063.1811171443.1634526873.495256.dcm,10,-342.5,512,512,0,0,heldout_patient_fold,aa2d72a2538f26976441e6d52c8c11ca964533e55b3978b8345a70a019d52638,ea81da4d34ee1570c8dd3460a4e44f8f247a0ba0f55b701dbf5093d392e32021,negative,0,0.0,0.0,[],"[[410.66668701171875, 232.33334350585938, 446.66668701171875, 269.66668701171875], [145.5, 107.33333587646484, 182.1666717529297, 143.6666717529297]]","[0.0416259765625, 0.01146697998046875]",0.0416259765625,2
2034,702023,1.2.392.200036.9116.2.6.1.44063.1811171443.1634526874.176530,/home/mahsa-nasehi/Desktop/IAAA/fracture/iaaa-contest-bct/Data/training/2034/1.2.392.200036.9116.2.6.1.44063.1811171443.1634526874.176530.dcm,11,-337.5,512,512,0,0,heldout_patient_fold,aa2d72a2538f26976441e6d52c8c11ca964533e55b3978b8345a70a019d52638,ea81da4d34ee1570c8dd3460a4e44f8f247a0ba0f55b701dbf5093d392e32021,negative,0,0.0,0.0,[],"[[140.33334350585938, 107.25, 176.6666717529297, 143.58334350585938], [128.1666717529297, 95.66667175292969, 195.5, 156.6666717529297], [413.0, 232.83334350585938, 449.0, 269.8333435058594], [396.0, 131.33334350585938, 432.66668701171875, 167.6666717529297]]","[0.2017822265625, 0.039794921875, 0.0200958251953125, 0.0103302001953125]",0.2017822265625,4
2034,702023,1.2.392.200036.9116.2.6.1.44063.1811171443.1634526874.759563,/home/mahsa-nasehi/Desktop/IAAA/fracture/iaaa-contest-bct/Data/training/2034/1.2.392.200036.9116.2.6.1.44063.1811171443.1634526874.759563.dcm,12,-332.5,512,512,0,0,heldout_patient_fold,aa2d72a2538f26976441e6d52c8c11ca964533e55b3978b8345a70a019d52638,ea81da4d34ee1570c8dd3460a4e44f8f247a0ba0f55b701dbf5093d392e32021,negative,0,0.0,0.0,[],"[[137.0, 112.83333587646484, 174.1666717529297, 148.0], [118.66667175292969, 101.0, 186.33334350585938, 161.5], [402.0, 131.58334350585938, 438.0, 167.58334350585938], [415.3333435058594, 232.6666717529297, 451.3333435058594, 269.3333435058594], [384.66668701171875, 122.5, 451.3333435058594, 182.33334350585938]]","[0.383056640625, 0.184814453125, 0.1602783203125, 0.04083251953125, 0.0384521484375]",0.383056640625,5
2034,702023,1.2.392.200036.9116.2.6.1.44063.1811171443.1634526874.793661,/home/mahsa-nasehi/Desktop/IAAA/fracture/iaaa-contest-bct/Data/training/2034/1.2.392.200036.9116.2.6.1.44063.1811171443.1634526874.793661.dcm,13,-327.5,512,512,0,0,heldout_patient_fold,aa2d72a2538f26976441e6d52c8c11ca964533e55b3978b8345a70a019d52638,ea81da4d34ee1570c8dd3460a4e44f8f247a0ba0f55b701dbf5093d392e32021,negative,0,0.0,0.0,[],"[[129.33334350585938, 120.66667175292969, 166.0, 156.6666717529297], [406.66668701171875, 136.83334350585938, 443.3333435058594, 172.5], [114.66667175292969, 109.5, 180.83334350585938, 169.5], [390.66668701171875, 123.5, 456.0, 182.5]]","[0.482421875, 0.08270263671875, 0.03607177734375, 0.013275146484375]",0.482421875,4
2034,702023,1.2.392.200036.9116.2.6.1.44063.1811171443.1634526876.466343,/home/mahsa-nasehi/Desktop/IAAA/fracture/iaaa-contest-bct/Data/training/2034/1.2.392.200036.9116.2.6.1.44063.1811171443.1634526876.466343.dcm,14,-322.5,512,512,0,0,heldout_patient_fold,aa2d72a2538f26976441e6d52c8c11ca964533e55b3978b8345a70a019d52638,ea81da4d34ee1570c8dd3460a4e44f8f247a0ba0f55b701dbf5093d392e32021,negative,0,0.0,0.0,[],"[[407.66668701171875, 138.6666717529297, 443.66668701171875, 176.33334350585938]]",[0.015716552734375],0.015716552734375,1
2034,702023,1.2.392.200036.9116.2.6.1.44063.1811171443.1634526877.1270,/home/mahsa-nasehi/Desktop/IAAA/fracture/iaaa-contest-bct/Data/training/2034/1.2.392.200036.9116.2.6.1.44063.1811171443.1634526877.1270.dcm,15,-317.5,512,512,0,0,heldout_patient_fold,aa2d72a2538f26976441e6d52c8c11ca964533e55b3978b8345a70a019d52638,ea81da4d34ee1570c8dd3460a4e44f8f247a0ba0f55b701dbf5093d392e32021,negative,0,0.0,0.0,[],[],[],0.0,0
2034,702023,1.2.392.200036.9116.2.6.1.44063.1811171443.1634526877.955829,/home/mahsa-nasehi/Desktop/IAAA/fracture/iaaa-contest-bct/Data/training/2034/1.2.392.200036.9116.2.6.1.44063.1811171443.1634526877.955829.dcm,16,-312.5,512,512,0,0,heldout_patient_fold,aa2d72a2538f26976441e6d52c8c11ca964533e55b3978b8345a70a019d52638,ea81da4d34ee1570c8dd3460a4e44f8f247a0ba0f55b701dbf5093d392e32021,negative,0,0.0,0.0,[],[],[],0.0,0
2034,702023,1.2.392.200036.9116.2.6.1.44063.1811171443.1634526878.662409,/home/mahsa-nasehi/Desktop/IAAA/fracture/iaaa-contest-bct/Data/training/2034/1.2.392.200036.9116.2.6.1.44063.1811171443.1634526878.662409.dcm,17,-307.5,512,512,0,0,heldout_patient_fold,aa2d72a2538f26976441e6d52c8c11ca964533e55b3978b8345a70a019d52638,ea81da4d34ee1570c8dd3460a4e44f8f247a0ba0f55b701dbf5093d392e32021,negative,0,0.0,0.0,[],[],[],0.0,0
2034,702023,1.2.392.200036.9116.2.6.1.44063.1811171443.1634526879.141017,/home/mahsa-nasehi/Desktop/IAAA/fracture/iaaa-contest-bct/Data/training/2034/1.2.392.200036.9116.2.6.1.44063.1811171443.1634526879.141017.dcm,18,-302.5,512,512,0,0,heldout_patient_fold,aa2d72a2538f26976441e6d52c8c11ca964533e55b3978b8345a70a019d52638,ea81da4d34ee1570c8dd3460a4e44f8f247a0ba0f55b701dbf5093d392e32021,negative,0,0.0,0.0,[],[],[],0.0,0
2034,702023,1.2.392.200036.9116.2.6.1.44063.1811171443.1634526880.181359,/home/mahsa-nasehi/Desktop/IAAA/fracture/iaaa-contest-bct/Data/training/2034/1.2.392.200036.9116.2.6.1.44063.1811171443.1634526880.181359.dcm,19,-297.5,512,512,0,0,heldout_patient_fold,aa2d72a2538f26976441e6d52c8c11ca964533e55b3978b8345a70a019d52638,ea81da4d34ee1570c8dd3460a4e44f8f247a0ba0f55b701dbf5093d392e32021,negative,0,0.0,0.0,[],"[[380.66668701171875, 310.3333435058594, 416.66668701171875, 347.0]]",[0.01094818115234375],0.01094818115234375,1
2034,702023,1.2.392.200036.9116.2.6.1.44063.1811171443.1634526880.833784,/home/mahsa-nasehi/Desktop/IAAA/fracture/iaaa-contest-bct/Data/training/2034/1.2.392.200036.9116.2.6.1.44063.1811171443.1634526880.833784.dcm,20,-292.5,512,512,0,0,heldout_patient_fold,aa2d72a2538f26976441e6d52c8c11ca964533e55b3978b8345a70a019d52638,ea81da4d34ee1570c8dd3460a4e44f8f247a0ba0f55b701dbf5093d392e32021,negative,0,0.0,0.0,[],"[[380.66668701171875, 307.3333435058594, 416.66668701171875, 344.0]]",[0.015777587890625],0.015777587890625,1
2034,702023,1.2.392.200036.9116.2.6.1.44063.1811171443.1634526881.399318,/home/mahsa-nasehi/Desktop/IAAA/fracture/iaaa-contest-bct/Data/training/2034/1.2.392.200036.9116.2.6.1.44063.1811171443.1634526881.399318.dcm,21,-287.5,512,512,0,0,heldout_patient_fold,aa2d72a2538f26976441e6d52c8c11ca964533e55b3978b8345a70a019d52638,ea81da4d34ee1570c8dd3460a4e44f8f247a0ba0f55b701dbf5093d392e32021,negative,0,0.0,0.0,[],[],[],0.0,0
2034,702023,1.2.392.200036.9116.2.6.1.44063.1811171443.1634526883.127172,/home/mahsa-nasehi/Desktop/IAAA/fracture/iaaa-contest-bct/Data/training/2034/1.2.392.200036.9116.2.6.1.44063.1811171443.1634526883.127172.dcm,22,-282.5,512,512,0,0,heldout_patient_fold,aa2d72a2538f26976441e6d52c8c11ca964533e55b3978b8345a70a019d52638,ea81da4d34ee1570c8dd3460a4e44f8f247a0ba0f55b701dbf5093d392e32021,negative,0,0.0,0.0,[],"[[386.0, 141.83334350585938, 422.0, 178.6666717529297], [311.0, 50.0, 453.66668701171875, 220.6666717529297], [369.0, 133.0, 436.3333435058594, 193.6666717529297]]","[0.029876708984375, 0.012725830078125, 0.0102081298828125]",0.029876708984375,3
2034,702023,1.2.392.200036.9116.2.6.1.44063.1811171443.1634526883.152630,/home/mahsa-nasehi/Desktop/IAAA/fracture/iaaa-contest-bct/Data/training/2034/1.2.392.200036.9116.2.6.1.44063.1811171443.1634526883.152630.dcm,23,-277.5,512,512,0,0,heldout_patient_fold,aa2d72a2538f26976441e6d52c8c11ca964533e55b3978b8345a70a019d52638,ea81da4d34ee1570c8dd3460a4e44f8f247a0ba0f55b701dbf5093d392e32021,negative,0,0.0,0.0,[],"[[362.66668701171875, 132.0, 428.66668701171875, 193.6666717529297], [394.0, 222.1666717529297, 430.0, 258.5], [388.0, 187.33334350585938, 424.66668701171875, 223.33334350585938]]","[0.01214599609375, 0.011688232421875, 0.0112457275390625]",0.01214599609375,3
2034,702023,1.2.392.200036.9116.2.6.1.44063.1811171443.1634526883.642900,/home/mahsa-nasehi/Desktop/IAAA/fracture/iaaa-contest-bct/Data/training/2034/1.2.392.200036.9116.2.6.1.44063.1811171443.1634526883.642900.dcm,24,-272.5,512,512,0,0,heldout_patient_fold,aa2d72a2538f26976441e6d52c8c11ca964533e55b3978b8345a70a019d52638,ea81da4d34ee1570c8dd3460a4e44f8f247a0ba0f55b701dbf5093d392e32021,negative,0,0.0,0.0,[],"[[379.3333435058594, 198.0, 416.66668701171875, 234.0], [383.3333435058594, 219.33334350585938, 419.3333435058594, 255.33334350585938], [367.3333435058594, 199.0, 434.0, 265.66668701171875]]","[0.073974609375, 0.02288818359375, 0.0160980224609375]",0.073974609375,3
2034,702023,1.2.392.200036.9116.2.6.1.44063.1811171443.1634526883.653291,/home/mahsa-nasehi/Desktop/IAAA/fracture/iaaa-contest-bct/Data/training/2034/1.2.392.200036.9116.2.6.1.44063.1811171443.1634526883.653291.dcm,25,-267.5,512,512,0,0,heldout_patient_fold,aa2d72a2538f26976441e6d52c8c11ca964533e55b3978b8345a70a019d52638,ea81da4d34ee1570c8dd3460a4e44f8f247a0ba0f55b701dbf5093d392e32021,negative,0,0.0,0.0,[],"[[374.66668701171875, 198.0, 411.3333435058594, 234.0], [357.66668701171875, 185.0, 425.66668701171875, 248.33334350585938], [337.66668701171875, 133.0, 403.66668701171875, 193.33334350585938]]","[0.070068359375, 0.04400634765625, 0.012725830078125]",0.070068359375,3
2034,702023,1.2.392.200036.9116.2.6.1.44063.1811171443.1634526885.311849,/home/mahsa-nasehi/Desktop/IAAA/fracture/iaaa-contest-bct/Data/training/2034/1.2.392.200036.9116.2.6.1.44063.1811171443.1634526885.311849.dcm,26,-262.5,512,512,0,0,heldout_patient_fold,aa2d72a2538f26976441e6d52c8c11ca964533e55b3978b8345a70a019d52638,ea81da4d34ee1570c8dd3460a4e44f8f247a0ba0f55b701dbf5093d392e32021,negative,0,0.0,0.0,[],[],[],0.0,0
2034,702023,1.2.392.200036.9116.2.6.1.44063.1811171443.1634526885.804261,/home/mahsa-nasehi/Desktop/IAAA/fracture/iaaa-contest-bct/Data/training/2034/1.2.392.200036.9116.2.6.1.44063.1811171443.1634526885.804261.dcm,27,-257.5,512,512,0,0,heldout_patient_fold,aa2d72a2538f26976441e6d52c8c11ca964533e55b3978b8345a70a019d52638,ea81da4d34ee1570c8dd3460a4e44f8f247a0ba0f55b701dbf5093d392e32021,negative,0,0.0,0.0,[],[],[],0.0,0
2034,702023,1.2.392.200036.9116.2.6.1.44063.1811171443.1634526886.595214,/home/mahsa-nasehi/Desktop/IAAA/fracture/iaaa-contest-bct/Data/training/2034/1.2.392.200036.9116.2.6.1.44063.1811171443.1634526886.595214.dcm,28,-252.5,512,512,0,0,heldout_patient_fold,aa2d72a2538f26976441e6d52c8c11ca964533e55b3978b8345a70a019d52638,ea81da4d34ee1570c8dd3460a4e44f8f247a0ba0f55b701dbf5093d392e32021,negative,0,0.0,0.0,[],"[[299.3333435058594, 226.83334350585938, 366.66668701171875, 290.16668701171875]]",[0.018829345703125],0.018829345703125,1
2034,702023,1.2.392.200036.9116.2.6.1.44063.1811171443.1634526886.950427,/home/mahsa-nasehi/Desktop/IAAA/fracture/iaaa-contest-bct/Data/training/2034/1.2.392.200036.9116.2.6.1.44063.1811171443.1634526886.950427.dcm,29,-247.5,512,512,0,0,heldout_patient_fold,aa2d72a2538f26976441e6d52c8c11ca964533e55b3978b8345a70a019d52638,ea81da4d34ee1570c8dd3460a4e44f8f247a0ba0f55b701dbf5093d392e32021,negative,0,0.0,0.0,[],[],[],0.0,0
2034,702023,1.2.392.200036.9116.2.6.1.44063.1811171443.1634526887.344141,/home/mahsa-nasehi/Desktop/IAAA/fracture/iaaa-contest-bct/Data/training/2034/1.2.392.200036.9116.2.6.1.44063.1811171443.1634526887.344141.dcm,30,-242.5,512,512,0,0,heldout_patient_fold,aa2d72a2538f26976441e6d52c8c11ca964533e55b3978b8345a70a019d52638,ea81da4d34ee1570c8dd3460a4e44f8f247a0ba0f55b701dbf5093d392e32021,negative,0,0.0,0.0,[],[],[],0.0,0
2034,702023,1.2.392.200036.9116.2.6.1.44063.1811171443.1634526888.244961,/home/mahsa-nasehi/Desktop/IAAA/fracture/iaaa-contest-bct/Data/training/2034/1.2.392.200036.9116.2.6.1.44063.1811171443.1634526888.244961.dcm,31,-237.5,512,512,0,0,heldout_patient_fold,aa2d72a2538f26976441e6d52c8c11ca964533e55b3978b8345a70a019d52638,ea81da4d34ee1570c8dd3460a4e44f8f247a0ba0f55b701dbf5093d392e32021,negative,0,0.0,0.0,[],[],[],0.0,0
2046,705206,1.2.392.200036.9116.2.6.1.48.1211476691.1459743941.553090,/home/mahsa-nasehi/Desktop/IAAA/fracture/iaaa-contest-bct/Data/training/2046/1.2.392.200036.9116.2.6.1.48.1211476691.1459743941.553090.dcm,0,-570.0,512,512,0,0,heldout_patient_fold,aa2d72a2538f26976441e6d52c8c11ca964533e55b3978b8345a70a019d52638,ea81da4d34ee1570c8dd3460a4e44f8f247a0ba0f55b701dbf5093d392e32021,negative,0,0.0,0.0,[],"[[135.83334350585938, 293.66668701171875, 171.5, 330.3333435058594]]",[0.01116180419921875],0.01116180419921875,1
2046,705206,1.2.392.200036.9116.2.6.1.48.1211476691.1459743941.809482,/home/mahsa-nasehi/Desktop/IAAA/fracture/iaaa-contest-bct/Data/training/2046/1.2.392.200036.9116.2.6.1.48.1211476691.1459743941.809482.dcm,1,-562.0,512,512,0,0,heldout_patient_fold,aa2d72a2538f26976441e6d52c8c11ca964533e55b3978b8345a70a019d52638,ea81da4d34ee1570c8dd3460a4e44f8f247a0ba0f55b701dbf5093d392e32021,negative,0,0.0,0.0,[],[],[],0.0,0
2046,705206,1.2.392.200036.9116.2.6.1.48.1211476691.1459743942.95065,/home/mahsa-nasehi/Desktop/IAAA/fracture/iaaa-contest-bct/Data/training/2046/1.2.392.200036.9116.2.6.1.48.1211476691.1459743942.95065.dcm,2,-554.0,512,512,0,0,heldout_patient_fold,aa2d72a2538f26976441e6d52c8c11ca964533e55b3978b8345a70a019d52638,ea81da4d34ee1570c8dd3460a4e44f8f247a0ba0f55b701dbf5093d392e32021,negative,0,0.0,0.0,[],[],[],0.0,0
2046,705206,1.2.392.200036.9116.2.6.1.48.1211476691.1459743942.331906,/home/mahsa-nasehi/Desktop/IAAA/fracture/iaaa-contest-bct/Data/training/2046/1.2.392.200036.9116.2.6.1.48.1211476691.1459743942.331906.dcm,3,-546.0,512,512,0,0,heldout_patient_fold,aa2d72a2538f26976441e6d52c8c11ca964533e55b3978b8345a70a019d52638,ea81da4d34ee1570c8dd3460a4e44f8f247a0ba0f55b701dbf5093d392e32021,negative,0,0.0,0.0,[],"[[333.3333435058594, 365.66668701171875, 368.66668701171875, 403.0], [319.8333435058594, 354.3333435058594, 386.66668701171875, 419.66668701171875]]","[0.06585693359375, 0.010406494140625]",0.06585693359375,2
2046,705206,1.2.392.200036.9116.2.6.1.48.1211476691.1459743944.631190,/home/mahsa-nasehi/Desktop/IAAA/fracture/iaaa-contest-bct/Data/training/2046/1.2.392.200036.9116.2.6.1.48.1211476691.1459743944.631190.dcm,4,-538.0,512,512,0,0,heldout_patient_fold,aa2d72a2538f26976441e6d52c8c11ca964533e55b3978b8345a70a019d52638,ea81da4d34ee1570c8dd3460a4e44f8f247a0ba0f55b701dbf5093d392e32021,negative,0,0.0,0.0,[],"[[81.20833587646484, 286.0, 118.16667175292969, 322.0]]",[0.0104522705078125],0.0104522705078125,1
2046,705206,1.2.392.200036.9116.2.6.1.48.1211476691.1459743944.890329,/home/mahsa-nasehi/Desktop/IAAA/fracture/iaaa-contest-bct/Data/training/2046/1.2.392.200036.9116.2.6.1.48.1211476691.1459743944.890329.dcm,5,-530.0,512,512,0,0,heldout_patient_fold,aa2d72a2538f26976441e6d52c8c11ca964533e55b3978b8345a70a019d52638,ea81da4d34ee1570c8dd3460a4e44f8f247a0ba0f55b701dbf5093d392e32021,negative,0,0.0,0.0,[],[],[],0.0,0
2046,705206,1.2.392.200036.9116.2.6.1.48.1211476691.1459743945.155492,/home/mahsa-nasehi/Desktop/IAAA/fracture/iaaa-contest-bct/Data/training/2046/1.2.392.200036.9116.2.6.1.48.1211476691.1459743945.155492.dcm,6,-522.0,512,512,0,0,heldout_patient_fold,aa2d72a2538f26976441e6d52c8c11ca964533e55b3978b8345a70a019d52638,ea81da4d34ee1570c8dd3460a4e44f8f247a0ba0f55b701dbf5093d392e32021,negative,0,0.0,0.0,[],[],[],0.0,0
2046,705206,1.2.392.200036.9116.2.6.1.48.1211476691.1459743945.413307,/home/mahsa-nasehi/Desktop/IAAA/fracture/iaaa-contest-bct/Data/training/2046/1.2.392.200036.9116.2.6.1.48.1211476691.1459743945.413307.dcm,7,-514.0,512,512,0,0,heldout_patient_fold,aa2d72a2538f26976441e6d52c8c11ca964533e55b3978b8345a70a019d52638,ea81da4d34ee1570c8dd3460a4e44f8f247a0ba0f55b701dbf5093d392e32021,negative,0,0.0,0.0,[],[],[],0.0,0
2046,705206,1.2.392.200036.9116.2.6.1.48.1211476691.1459743947.714010,/home/mahsa-nasehi/Desktop/IAAA/fracture/iaaa-contest-bct/Data/training/2046/1.2.392.200036.9116.2.6.1.48.1211476691.1459743947.714010.dcm,8,-506.0,512,512,0,0,heldout_patient_fold,aa2d72a2538f26976441e6d52c8c11ca964533e55b3978b8345a70a019d52638,ea81da4d34ee1570c8dd3460a4e44f8f247a0ba0f55b701dbf5093d392e32021,negative,0,0.0,0.0,[],[],[],0.0,0
2046,705206,1.2.392.200036.9116.2.6.1.48.1211476691.1459743947.971682,/home/mahsa-nasehi/Desktop/IAAA/fracture/iaaa-contest-bct/Data/training/2046/1.2.392.200036.9116.2.6.1.48.1211476691.1459743947.971682.dcm,9,-498.0,512,512,0,0,heldout_patient_fold,aa2d72a2538f26976441e6d52c8c11ca964533e55b3978b8345a70a019d52638,ea81da4d34ee1570c8dd3460a4e44f8f247a0ba0f55b701dbf5093d392e32021,negative,0,0.0,0.0,[],[],[],0.0,0
2046,705206,1.2.392.200036.9116.2.6.1.48.1211476691.1459743948.239691,/home/mahsa-nasehi/Desktop/IAAA/fracture/iaaa-contest-bct/Data/training/2046/1.2.392.200036.9116.2.6.1.48.1211476691.1459743948.239691.dcm,10,-490.0,512,512,0,0,heldout_patient_fold,aa2d72a2538f26976441e6d52c8c11ca964533e55b3978b8345a70a019d52638,ea81da4d34ee1570c8dd3460a4e44f8f247a0ba0f55b701dbf5093d392e32021,negative,0,0.0,0.0,[],[],[],0.0,0
2046,705206,1.2.392.200036.9116.2.6.1.48.1211476691.1459743948.497329,/home/mahsa-nasehi/Desktop/IAAA/fracture/iaaa-contest-bct/Data/training/2046/1.2.392.200036.9116.2.6.1.48.1211476691.1459743948.497329.dcm,11,-482.0,512,512,0,0,heldout_patient_fold,aa2d72a2538f26976441e6d52c8c11ca964533e55b3978b8345a70a019d52638,ea81da4d34ee1570c8dd3460a4e44f8f247a0ba0f55b701dbf5093d392e32021,negative,0,0.0,0.0,[],[],[],0.0,0
2046,705206,1.2.392.200036.9116.2.6.1.48.1211476691.1459743950.818011,/home/mahsa-nasehi/Desktop/IAAA/fracture/iaaa-contest-bct/Data/training/2046/1.2.392.200036.9116.2.6.1.48.1211476691.1459743950.818011.dcm,12,-474.0,512,512,0,0,heldout_patient_fold,aa2d72a2538f26976441e6d52c8c11ca964533e55b3978b8345a70a019d52638,ea81da4d34ee1570c8dd3460a4e44f8f247a0ba0f55b701dbf5093d392e32021,negative,0,0.0,0.0,[],"[[320.3333435058594, 222.33334350585938, 386.3333435058594, 285.0]]",[0.0115509033203125],0.0115509033203125,1
2046,705206,1.2.392.200036.9116.2.6.1.48.1211476691.1459743951.115034,/home/mahsa-nasehi/Desktop/IAAA/fracture/iaaa-contest-bct/Data/training/2046/1.2.392.200036.9116.2.6.1.48.1211476691.1459743951.115034.dcm,13,-466.0,512,512,0,0,heldout_patient_fold,aa2d72a2538f26976441e6d52c8c11ca964533e55b3978b8345a70a019d52638,ea81da4d34ee1570c8dd3460a4e44f8f247a0ba0f55b701dbf5093d392e32021,negative,0,0.0,0.0,[],[],[],0.0,0
2046,705206,1.2.392.200036.9116.2.6.1.48.1211476691.1459743951.335415,/home/mahsa-nasehi/Desktop/IAAA/fracture/iaaa-contest-bct/Data/training/2046/1.2.392.200036.9116.2.6.1.48.1211476691.1459743951.335415.dcm,14,-458.0,512,512,0,0,heldout_patient_fold,aa2d72a2538f26976441e6d52c8c11ca964533e55b3978b8345a70a019d52638,ea81da4d34ee1570c8dd3460a4e44f8f247a0ba0f55b701dbf5093d392e32021,negative,0,0.0,0.0,[],[],[],0.0,0
2046,705206,1.2.392.200036.9116.2.6.1.48.1211476691.1459743951.610715,/home/mahsa-nasehi/Desktop/IAAA/fracture/iaaa-contest-bct/Data/training/2046/1.2.392.200036.9116.2.6.1.48.1211476691.1459743951.610715.dcm,15,-450.0,512,512,0,0,heldout_patient_fold,aa2d72a2538f26976441e6d52c8c11ca964533e55b3978b8345a70a019d52638,ea81da4d34ee1570c8dd3460a4e44f8f247a0ba0f55b701dbf5093d392e32021,negative,0,0.0,0.0,[],[],[],0.0,0
2265,765202,1.2.392.200036.9116.2.6.1.48.1211476691.1459317408.563507,/home/mahsa-nasehi/Desktop/IAAA/fracture/iaaa-contest-bct/Data/training/2265/1.2.392.200036.9116.2.6.1.48.1211476691.1459317408.563507.dcm,0,-579.725120248,512,512,1,0,heldout_patient_fold,aa2d72a2538f26976441e6d52c8c11ca964533e55b3978b8345a70a019d52638,ea81da4d34ee1570c8dd3460a4e44f8f247a0ba0f55b701dbf5093d392e32021,negative,0,0.0,0.0,[],[],[],0.0,0
2265,765202,1.2.392.200036.9116.2.6.1.48.1211476691.1459317408.808149,/home/mahsa-nasehi/Desktop/IAAA/fracture/iaaa-contest-bct/Data/training/2265/1.2.392.200036.9116.2.6.1.48.1211476691.1459317408.808149.dcm,1,-571.7260939480001,512,512,1,0,heldout_patient_fold,aa2d72a2538f26976441e6d52c8c11ca964533e55b3978b8345a70a019d52638,ea81da4d34ee1570c8dd3460a4e44f8f247a0ba0f55b701dbf5093d392e32021,negative,0,0.0,0.0,[],"[[83.66667175292969, 244.33334350585938, 457.3333435058594, 463.66668701171875]]",[0.0191192626953125],0.0191192626953125,1
2265,765202,1.2.392.200036.9116.2.6.1.48.1211476691.1459317409.74602,/home/mahsa-nasehi/Desktop/IAAA/fracture/iaaa-contest-bct/Data/training/2265/1.2.392.200036.9116.2.6.1.48.1211476691.1459317409.74602.dcm,2,-563.717081348,512,512,1,0,heldout_patient_fold,aa2d72a2538f26976441e6d52c8c11ca964533e55b3978b8345a70a019d52638,ea81da4d34ee1570c8dd3460a4e44f8f247a0ba0f55b701dbf5093d392e32021,negative,0,0.0,0.0,[],[],[],0.0,0
2265,765202,1.2.392.200036.9116.2.6.1.48.1211476691.1459317409.335801,/home/mahsa-nasehi/Desktop/IAAA/fracture/iaaa-contest-bct/Data/training/2265/1.2.392.200036.9116.2.6.1.48.1211476691.1459317409.335801.dcm,3,-555.718055048,512,512,1,0,heldout_patient_fold,aa2d72a2538f26976441e6d52c8c11ca964533e55b3978b8345a70a019d52638,ea81da4d34ee1570c8dd3460a4e44f8f247a0ba0f55b701dbf5093d392e32021,negative,0,0.0,0.0,[],[],[],0.0,0
2265,765202,1.2.392.200036.9116.2.6.1.48.1211476691.1459317412.115559,/home/mahsa-nasehi/Desktop/IAAA/fracture/iaaa-contest-bct/Data/training/2265/1.2.392.200036.9116.2.6.1.48.1211476691.1459317412.115559.dcm,4,-547.7689602480001,512,512,1,0,heldout_patient_fold,aa2d72a2538f26976441e6d52c8c11ca964533e55b3978b8345a70a019d52638,ea81da4d34ee1570c8dd3460a4e44f8f247a0ba0f55b701dbf5093d392e32021,negative,0,0.0,0.0,[],[],[],0.0,0
2265,765202,1.2.392.200036.9116.2.6.1.48.1211476691.1459317412.377575,/home/mahsa-nasehi/Desktop/IAAA/fracture/iaaa-contest-bct/Data/training/2265/1.2.392.200036.9116.2.6.1.48.1211476691.1459317412.377575.dcm,5,-539.769933948,512,512,1,0,heldout_patient_fold,aa2d72a2538f26976441e6d52c8c11ca964533e55b3978b8345a70a019d52638,ea81da4d34ee1570c8dd3460a4e44f8f247a0ba0f55b701dbf5093d392e32021,negative,0,0.0,0.0,[],"[[142.83334350585938, 299.5, 179.33334350585938, 335.5]]",[0.0147857666015625],0.0147857666015625,1
2265,765202,1.2.392.200036.9116.2.6.1.48.1211476691.1459317412.641126,/home/mahsa-nasehi/Desktop/IAAA/fracture/iaaa-contest-bct/Data/training/2265/1.2.392.200036.9116.2.6.1.48.1211476691.1459317412.641126.dcm,6,-531.760921348,512,512,1,0,heldout_patient_fold,aa2d72a2538f26976441e6d52c8c11ca964533e55b3978b8345a70a019d52638,ea81da4d34ee1570c8dd3460a4e44f8f247a0ba0f55b701dbf5093d392e32021,negative,0,0.0,0.0,[],[],[],0.0,0
2265,765202,1.2.392.200036.9116.2.6.1.48.1211476691.1459317412.897377,/home/mahsa-nasehi/Desktop/IAAA/fracture/iaaa-contest-bct/Data/training/2265/1.2.392.200036.9116.2.6.1.48.1211476691.1459317412.897377.dcm,7,-523.7618950479999,512,512,1,0,heldout_patient_fold,aa2d72a2538f26976441e6d52c8c11ca964533e55b3978b8345a70a019d52638,ea81da4d34ee1570c8dd3460a4e44f8f247a0ba0f55b701dbf5093d392e32021,positive,1,2214.0,2214.0,"[[153.0, 202.0, 194.0, 256.0]]",[],[],0.0,0
2265,765202,1.2.392.200036.9116.2.6.1.48.1211476691.1459317415.664103,/home/mahsa-nasehi/Desktop/IAAA/fracture/iaaa-contest-bct/Data/training/2265/1.2.392.200036.9116.2.6.1.48.1211476691.1459317415.664103.dcm,8,-515.812900111,512,512,1,0,heldout_patient_fold,aa2d72a2538f26976441e6d52c8c11ca964533e55b3978b8345a70a019d52638,ea81da4d34ee1570c8dd3460a4e44f8f247a0ba0f55b701dbf5093d392e32021,positive,2,2268.0,3740.0,"[[213.0, 85.0, 268.0, 153.0], [146.0, 225.0, 188.0, 279.0]]","[[148.1666717529297, 229.0, 185.0, 267.0], [134.33334350585938, 217.6666717529297, 200.33334350585938, 278.3333435058594], [198.33334350585938, 76.16667175292969, 263.66668701171875, 142.83334350585938]]","[0.273681640625, 0.07501220703125, 0.0321044921875]",0.273681640625,3
2265,765202,1.2.392.200036.9116.2.6.1.48.1211476691.1459317415.921442,/home/mahsa-nasehi/Desktop/IAAA/fracture/iaaa-contest-bct/Data/training/2265/1.2.392.200036.9116.2.6.1.48.1211476691.1459317415.921442.dcm,9,-507.813873811,512,512,1,0,heldout_patient_fold,aa2d72a2538f26976441e6d52c8c11ca964533e55b3978b8345a70a019d52638,ea81da4d34ee1570c8dd3460a4e44f8f247a0ba0f55b701dbf5093d392e32021,positive,2,1287.0,4148.0,"[[212.0, 89.0, 273.0, 157.0], [150.0, 237.0, 189.0, 270.0]]","[[151.1666717529297, 230.0, 187.5, 266.3333435058594], [214.33334350585938, 87.33333587646484, 281.0, 154.6666717529297], [341.3333435058594, 113.83333587646484, 408.0, 178.5], [133.1666717529297, 216.0, 199.1666717529297, 280.0], [165.58334350585938, 141.25, 232.33334350585938, 204.0]]","[0.216064453125, 0.0472412109375, 0.0147857666015625, 0.01422882080078125, 0.01177978515625]",0.216064453125,5
2265,765202,1.2.392.200036.9116.2.6.1.48.1211476691.1459317416.189949,/home/mahsa-nasehi/Desktop/IAAA/fracture/iaaa-contest-bct/Data/training/2265/1.2.392.200036.9116.2.6.1.48.1211476691.1459317416.189949.dcm,10,-499.804761348,512,512,1,0,heldout_patient_fold,aa2d72a2538f26976441e6d52c8c11ca964533e55b3978b8345a70a019d52638,ea81da4d34ee1570c8dd3460a4e44f8f247a0ba0f55b701dbf5093d392e32021,positive,2,1755.0,4368.0,"[[216.0, 97.0, 272.0, 175.0], [148.0, 229.0, 193.0, 268.0]]","[[175.83334350585938, 141.5, 242.83334350585938, 205.5], [214.33334350585938, 89.66667175292969, 283.0, 153.0], [358.0, 143.83334350585938, 424.66668701171875, 204.1666717529297], [300.0, 105.33333587646484, 366.66668701171875, 167.33334350585938]]","[0.041473388671875, 0.038604736328125, 0.0136871337890625, 0.01337432861328125]",0.041473388671875,4
2265,765202,1.2.392.200036.9116.2.6.1.48.1211476691.1459317416.447416,/home/mahsa-nasehi/Desktop/IAAA/fracture/iaaa-contest-bct/Data/training/2265/1.2.392.200036.9116.2.6.1.48.1211476691.1459317416.447416.dcm,11,-491.80583491100003,512,512,1,0,heldout_patient_fold,aa2d72a2538f26976441e6d52c8c11ca964533e55b3978b8345a70a019d52638,ea81da4d34ee1570c8dd3460a4e44f8f247a0ba0f55b701dbf5093d392e32021,positive,1,4233.0,4233.0,"[[210.0, 120.0, 261.0, 203.0]]","[[176.5, 142.58334350585938, 243.1666717529297, 206.6666717529297], [202.6666717529297, 109.5, 270.0, 174.83334350585938], [191.33334350585938, 157.75, 227.33334350585938, 194.33334350585938], [364.0, 169.08334350585938, 430.66668701171875, 232.33334350585938], [412.0, 259.3333435058594, 448.66668701171875, 295.3333435058594], [322.66668701171875, 113.25, 459.3333435058594, 280.66668701171875], [163.58334350585938, 72.66667175292969, 297.0, 238.1666717529297]]","[0.276611328125, 0.056640625, 0.026763916015625, 0.0199432373046875, 0.01242828369140625, 0.0116424560546875, 0.010650634765625]",0.276611328125,7
2265,765202,1.2.392.200036.9116.2.6.1.48.1211476691.1459317419.399150,/home/mahsa-nasehi/Desktop/IAAA/fracture/iaaa-contest-bct/Data/training/2265/1.2.392.200036.9116.2.6.1.48.1211476691.1459317419.399150.dcm,12,-483.856640248,512,512,1,0,heldout_patient_fold,aa2d72a2538f26976441e6d52c8c11ca964533e55b3978b8345a70a019d52638,ea81da4d34ee1570c8dd3460a4e44f8f247a0ba0f55b701dbf5093d392e32021,positive,1,1240.0,1240.0,"[[213.0, 147.0, 244.0, 187.0]]","[[197.0, 136.83334350585938, 263.66668701171875, 199.83334350585938]]",[0.0227203369140625],0.0227203369140625,1
2265,765202,1.2.392.200036.9116.2.6.1.48.1211476691.1459317419.651129,/home/mahsa-nasehi/Desktop/IAAA/fracture/iaaa-contest-bct/Data/training/2265/1.2.392.200036.9116.2.6.1.48.1211476691.1459317419.651129.dcm,13,-475.857713811,512,512,1,0,heldout_patient_fold,aa2d72a2538f26976441e6d52c8c11ca964533e55b3978b8345a70a019d52638,ea81da4d34ee1570c8dd3460a4e44f8f247a0ba0f55b701dbf5093d392e32021,negative,0,0.0,0.0,[],"[[368.66668701171875, 224.0, 435.3333435058594, 284.3333435058594]]",[0.043701171875],0.043701171875,1
2265,765202,1.2.392.200036.9116.2.6.1.48.1211476691.1459317419.917023,/home/mahsa-nasehi/Desktop/IAAA/fracture/iaaa-contest-bct/Data/training/2265/1.2.392.200036.9116.2.6.1.48.1211476691.1459317419.917023.dcm,14,-467.84860134800005,512,512,1,0,heldout_patient_fold,aa2d72a2538f26976441e6d52c8c11ca964533e55b3978b8345a70a019d52638,ea81da4d34ee1570c8dd3460a4e44f8f247a0ba0f55b701dbf5093d392e32021,negative,0,0.0,0.0,[],[],[],0.0,0
2265,765202,1.2.392.200036.9116.2.6.1.48.1211476691.1459317420.829794,/home/mahsa-nasehi/Desktop/IAAA/fracture/iaaa-contest-bct/Data/training/2265/1.2.392.200036.9116.2.6.1.48.1211476691.1459317420.829794.dcm,15,-459.849674911,512,512,1,0,heldout_patient_fold,aa2d72a2538f26976441e6d52c8c11ca964533e55b3978b8345a70a019d52638,ea81da4d34ee1570c8dd3460a4e44f8f247a0ba0f55b701dbf5093d392e32021,negative,0,0.0,0.0,[],[],[],0.0,0
2336,767131,1.2.392.200036.9116.2.6.1.48.1211476691.1458602672.73938,/home/mahsa-nasehi/Desktop/IAAA/fracture/iaaa-contest-bct/Data/training/2336/1.2.392.200036.9116.2.6.1.48.1211476691.1458602672.73938.dcm,0,-607.0,512,512,0,0,heldout_patient_fold,aa2d72a2538f26976441e6d52c8c11ca964533e55b3978b8345a70a019d52638,ea81da4d34ee1570c8dd3460a4e44f8f247a0ba0f55b701dbf5093d392e32021,negative,0,0.0,0.0,[],"[[321.66668701171875, 269.0, 357.66668701171875, 306.3333435058594]]",[0.01233673095703125],0.01233673095703125,1
2336,767131,1.2.392.200036.9116.2.6.1.48.1211476691.1458602672.327456,/home/mahsa-nasehi/Desktop/IAAA/fracture/iaaa-contest-bct/Data/training/2336/1.2.392.200036.9116.2.6.1.48.1211476691.1458602672.327456.dcm,1,-599.0,512,512,0,0,heldout_patient_fold,aa2d72a2538f26976441e6d52c8c11ca964533e55b3978b8345a70a019d52638,ea81da4d34ee1570c8dd3460a4e44f8f247a0ba0f55b701dbf5093d392e32021,negative,0,0.0,0.0,[],"[[372.66668701171875, 347.3333435058594, 408.66668701171875, 384.0]]",[0.03790283203125],0.03790283203125,1
2336,767131,1.2.392.200036.9116.2.6.1.48.1211476691.1458602672.591138,/home/mahsa-nasehi/Desktop/IAAA/fracture/iaaa-contest-bct/Data/training/2336/1.2.392.200036.9116.2.6.1.48.1211476691.1458602672.591138.dcm,2,-591.0,512,512,0,0,heldout_patient_fold,aa2d72a2538f26976441e6d52c8c11ca964533e55b3978b8345a70a019d52638,ea81da4d34ee1570c8dd3460a4e44f8f247a0ba0f55b701dbf5093d392e32021,negative,0,0.0,0.0,[],"[[145.6666717529297, 368.66668701171875, 181.6666717529297, 404.66668701171875]]",[0.0216217041015625],0.0216217041015625,1
2336,767131,1.2.392.200036.9116.2.6.1.48.1211476691.1458602672.849288,/home/mahsa-nasehi/Desktop/IAAA/fracture/iaaa-contest-bct/Data/training/2336/1.2.392.200036.9116.2.6.1.48.1211476691.1458602672.849288.dcm,3,-583.0,512,512,0,0,heldout_patient_fold,aa2d72a2538f26976441e6d52c8c11ca964533e55b3978b8345a70a019d52638,ea81da4d34ee1570c8dd3460a4e44f8f247a0ba0f55b701dbf5093d392e32021,negative,0,0.0,0.0,[],"[[127.08333587646484, 174.0, 163.4166717529297, 210.0], [108.5, 164.33334350585938, 173.83334350585938, 224.33334350585938]]","[0.042083740234375, 0.03173828125]",0.042083740234375,2
2336,767131,1.2.392.200036.9116.2.6.1.48.1211476691.1458602675.153291,/home/mahsa-nasehi/Desktop/IAAA/fracture/iaaa-contest-bct/Data/training/2336/1.2.392.200036.9116.2.6.1.48.1211476691.1458602675.153291.dcm,4,-575.0,512,512,0,0,heldout_patient_fold,aa2d72a2538f26976441e6d52c8c11ca964533e55b3978b8345a70a019d52638,ea81da4d34ee1570c8dd3460a4e44f8f247a0ba0f55b701dbf5093d392e32021,negative,0,0.0,0.0,[],"[[143.0, 369.0, 179.33334350585938, 405.0], [113.16667175292969, 286.0, 150.0, 322.0], [119.41667175292969, 302.0, 155.4166717529297, 338.66668701171875]]","[0.037200927734375, 0.01073455810546875, 0.0103302001953125]",0.037200927734375,3
2336,767131,1.2.392.200036.9116.2.6.1.48.1211476691.1458602675.396063,/home/mahsa-nasehi/Desktop/IAAA/fracture/iaaa-contest-bct/Data/training/2336/1.2.392.200036.9116.2.6.1.48.1211476691.1458602675.396063.dcm,5,-567.0,512,512,0,0,heldout_patient_fold,aa2d72a2538f26976441e6d52c8c11ca964533e55b3978b8345a70a019d52638,ea81da4d34ee1570c8dd3460a4e44f8f247a0ba0f55b701dbf5093d392e32021,negative,0,0.0,0.0,[],"[[115.83333587646484, 182.0, 152.83334350585938, 218.0], [121.25, 168.83334350585938, 158.08334350585938, 204.5]]","[0.090087890625, 0.0390625]",0.090087890625,2
2336,767131,1.2.392.200036.9116.2.6.1.48.1211476691.1458602675.657373,/home/mahsa-nasehi/Desktop/IAAA/fracture/iaaa-contest-bct/Data/training/2336/1.2.392.200036.9116.2.6.1.48.1211476691.1458602675.657373.dcm,6,-559.0,512,512,0,0,heldout_patient_fold,aa2d72a2538f26976441e6d52c8c11ca964533e55b3978b8345a70a019d52638,ea81da4d34ee1570c8dd3460a4e44f8f247a0ba0f55b701dbf5093d392e32021,negative,0,0.0,0.0,[],[],[],0.0,0
2336,767131,1.2.392.200036.9116.2.6.1.48.1211476691.1458602675.917287,/home/mahsa-nasehi/Desktop/IAAA/fracture/iaaa-contest-bct/Data/training/2336/1.2.392.200036.9116.2.6.1.48.1211476691.1458602675.917287.dcm,7,-551.0,512,512,0,0,heldout_patient_fold,aa2d72a2538f26976441e6d52c8c11ca964533e55b3978b8345a70a019d52638,ea81da4d34ee1570c8dd3460a4e44f8f247a0ba0f55b701dbf5093d392e32021,negative,0,0.0,0.0,[],[],[],0.0,0
2336,767131,1.2.392.200036.9116.2.6.1.48.1211476691.1458602678.200103,/home/mahsa-nasehi/Desktop/IAAA/fracture/iaaa-contest-bct/Data/training/2336/1.2.392.200036.9116.2.6.1.48.1211476691.1458602678.200103.dcm,8,-543.0,512,512,0,0,heldout_patient_fold,aa2d72a2538f26976441e6d52c8c11ca964533e55b3978b8345a70a019d52638,ea81da4d34ee1570c8dd3460a4e44f8f247a0ba0f55b701dbf5093d392e32021,negative,0,0.0,0.0,[],[],[],0.0,0
2336,767131,1.2.392.200036.9116.2.6.1.48.1211476691.1458602678.459941,/home/mahsa-nasehi/Desktop/IAAA/fracture/iaaa-contest-bct/Data/training/2336/1.2.392.200036.9116.2.6.1.48.1211476691.1458602678.459941.dcm,9,-535.0,512,512,0,0,heldout_patient_fold,aa2d72a2538f26976441e6d52c8c11ca964533e55b3978b8345a70a019d52638,ea81da4d34ee1570c8dd3460a4e44f8f247a0ba0f55b701dbf5093d392e32021,negative,0,0.0,0.0,[],[],[],0.0,0
2336,767131,1.2.392.200036.9116.2.6.1.48.1211476691.1458602678.726642,/home/mahsa-nasehi/Desktop/IAAA/fracture/iaaa-contest-bct/Data/training/2336/1.2.392.200036.9116.2.6.1.48.1211476691.1458602678.726642.dcm,10,-527.0,512,512,0,0,heldout_patient_fold,aa2d72a2538f26976441e6d52c8c11ca964533e55b3978b8345a70a019d52638,ea81da4d34ee1570c8dd3460a4e44f8f247a0ba0f55b701dbf5093d392e32021,negative,0,0.0,0.0,[],"[[399.3333435058594, 272.5, 435.3333435058594, 308.8333435058594]]",[0.0177764892578125],0.0177764892578125,1
2336,767131,1.2.392.200036.9116.2.6.1.48.1211476691.1458602678.980913,/home/mahsa-nasehi/Desktop/IAAA/fracture/iaaa-contest-bct/Data/training/2336/1.2.392.200036.9116.2.6.1.48.1211476691.1458602678.980913.dcm,11,-519.0,512,512,0,0,heldout_patient_fold,aa2d72a2538f26976441e6d52c8c11ca964533e55b3978b8345a70a019d52638,ea81da4d34ee1570c8dd3460a4e44f8f247a0ba0f55b701dbf5093d392e32021,negative,0,0.0,0.0,[],"[[301.16668701171875, 103.75, 444.0, 274.3333435058594]]",[0.01384735107421875],0.01384735107421875,1
2336,767131,1.2.392.200036.9116.2.6.1.48.1211476691.1458602681.278820,/home/mahsa-nasehi/Desktop/IAAA/fracture/iaaa-contest-bct/Data/training/2336/1.2.392.200036.9116.2.6.1.48.1211476691.1458602681.278820.dcm,12,-511.0,512,512,0,0,heldout_patient_fold,aa2d72a2538f26976441e6d52c8c11ca964533e55b3978b8345a70a019d52638,ea81da4d34ee1570c8dd3460a4e44f8f247a0ba0f55b701dbf5093d392e32021,negative,0,0.0,0.0,[],"[[283.3333435058594, 96.25, 414.66668701171875, 258.3333435058594]]",[0.011688232421875],0.011688232421875,1
2336,767131,1.2.392.200036.9116.2.6.1.48.1211476691.1458602681.524494,/home/mahsa-nasehi/Desktop/IAAA/fracture/iaaa-contest-bct/Data/training/2336/1.2.392.200036.9116.2.6.1.48.1211476691.1458602681.524494.dcm,13,-503.0,512,512,0,0,heldout_patient_fold,aa2d72a2538f26976441e6d52c8c11ca964533e55b3978b8345a70a019d52638,ea81da4d34ee1570c8dd3460a4e44f8f247a0ba0f55b701dbf5093d392e32021,negative,0,0.0,0.0,[],"[[299.3333435058594, 154.0, 366.66668701171875, 215.6666717529297]]",[0.029083251953125],0.029083251953125,1
2336,767131,1.2.392.200036.9116.2.6.1.48.1211476691.1458602681.786705,/home/mahsa-nasehi/Desktop/IAAA/fracture/iaaa-contest-bct/Data/training/2336/1.2.392.200036.9116.2.6.1.48.1211476691.1458602681.786705.dcm,14,-495.0,512,512,0,0,heldout_patient_fold,aa2d72a2538f26976441e6d52c8c11ca964533e55b3978b8345a70a019d52638,ea81da4d34ee1570c8dd3460a4e44f8f247a0ba0f55b701dbf5093d392e32021,negative,0,0.0,0.0,[],[],[],0.0,0
2336,767131,1.2.392.200036.9116.2.6.1.48.1211476691.1458602682.40920,/home/mahsa-nasehi/Desktop/IAAA/fracture/iaaa-contest-bct/Data/training/2336/1.2.392.200036.9116.2.6.1.48.1211476691.1458602682.40920.dcm,15,-487.0,512,512,0,0,heldout_patient_fold,aa2d72a2538f26976441e6d52c8c11ca964533e55b3978b8345a70a019d52638,ea81da4d34ee1570c8dd3460a4e44f8f247a0ba0f55b701dbf5093d392e32021,negative,0,0.0,0.0,[],"[[257.3333435058594, 170.6666717529297, 322.66668701171875, 232.6666717529297]]",[0.0284423828125],0.0284423828125,1
2368,767281,1.2.392.200036.9116.2.6.1.48.1211476691.1458706061.800174,/home/mahsa-nasehi/Desktop/IAAA/fracture/iaaa-contest-bct/Data/training/2368/1.2.392.200036.9116.2.6.1.48.1211476691.1458706061.800174.dcm,0,-524.0,512,512,0,0,heldout_patient_fold,aa2d72a2538f26976441e6d52c8c11ca964533e55b3978b8345a70a019d52638,ea81da4d34ee1570c8dd3460a4e44f8f247a0ba0f55b701dbf5093d392e32021,negative,0,0.0,0.0,[],[],[],0.0,0
2368,767281,1.2.392.200036.9116.2.6.1.48.1211476691.1458706062.53400,/home/mahsa-nasehi/Desktop/IAAA/fracture/iaaa-contest-bct/Data/training/2368/1.2.392.200036.9116.2.6.1.48.1211476691.1458706062.53400.dcm,1,-516.0,512,512,0,0,heldout_patient_fold,aa2d72a2538f26976441e6d52c8c11ca964533e55b3978b8345a70a019d52638,ea81da4d34ee1570c8dd3460a4e44f8f247a0ba0f55b701dbf5093d392e32021,negative,0,0.0,0.0,[],[],[],0.0,0
2368,767281,1.2.392.200036.9116.2.6.1.48.1211476691.1458706062.325484,/home/mahsa-nasehi/Desktop/IAAA/fracture/iaaa-contest-bct/Data/training/2368/1.2.392.200036.9116.2.6.1.48.1211476691.1458706062.325484.dcm,2,-508.0,512,512,0,0,heldout_patient_fold,aa2d72a2538f26976441e6d52c8c11ca964533e55b3978b8345a70a019d52638,ea81da4d34ee1570c8dd3460a4e44f8f247a0ba0f55b701dbf5093d392e32021,negative,0,0.0,0.0,[],[],[],0.0,0
2368,767281,1.2.392.200036.9116.2.6.1.48.1211476691.1458706062.582361,/home/mahsa-nasehi/Desktop/IAAA/fracture/iaaa-contest-bct/Data/training/2368/1.2.392.200036.9116.2.6.1.48.1211476691.1458706062.582361.dcm,3,-500.0,512,512,0,0,heldout_patient_fold,aa2d72a2538f26976441e6d52c8c11ca964533e55b3978b8345a70a019d52638,ea81da4d34ee1570c8dd3460a4e44f8f247a0ba0f55b701dbf5093d392e32021,negative,0,0.0,0.0,[],[],[],0.0,0
2368,767281,1.2.392.200036.9116.2.6.1.48.1211476691.1458706064.925863,/home/mahsa-nasehi/Desktop/IAAA/fracture/iaaa-contest-bct/Data/training/2368/1.2.392.200036.9116.2.6.1.48.1211476691.1458706064.925863.dcm,4,-492.0,512,512,0,0,heldout_patient_fold,aa2d72a2538f26976441e6d52c8c11ca964533e55b3978b8345a70a019d52638,ea81da4d34ee1570c8dd3460a4e44f8f247a0ba0f55b701dbf5093d392e32021,negative,0,0.0,0.0,[],[],[],0.0,0
2368,767281,1.2.392.200036.9116.2.6.1.48.1211476691.1458706065.149337,/home/mahsa-nasehi/Desktop/IAAA/fracture/iaaa-contest-bct/Data/training/2368/1.2.392.200036.9116.2.6.1.48.1211476691.1458706065.149337.dcm,5,-484.0,512,512,0,0,heldout_patient_fold,aa2d72a2538f26976441e6d52c8c11ca964533e55b3978b8345a70a019d52638,ea81da4d34ee1570c8dd3460a4e44f8f247a0ba0f55b701dbf5093d392e32021,negative,0,0.0,0.0,[],"[[329.3333435058594, 158.33334350585938, 366.0, 194.0], [82.5, 206.1666717529297, 118.0, 242.83334350585938], [70.91667175292969, 190.6666717529297, 135.9166717529297, 252.33334350585938]]","[0.020172119140625, 0.014617919921875, 0.01358795166015625]",0.020172119140625,3
2368,767281,1.2.392.200036.9116.2.6.1.48.1211476691.1458706065.415579,/home/mahsa-nasehi/Desktop/IAAA/fracture/iaaa-contest-bct/Data/training/2368/1.2.392.200036.9116.2.6.1.48.1211476691.1458706065.415579.dcm,6,-476.0,512,512,0,0,heldout_patient_fold,aa2d72a2538f26976441e6d52c8c11ca964533e55b3978b8345a70a019d52638,ea81da4d34ee1570c8dd3460a4e44f8f247a0ba0f55b701dbf5093d392e32021,negative,0,0.0,0.0,[],"[[80.95833587646484, 206.33334350585938, 118.0, 241.6666717529297]]",[0.044189453125],0.044189453125,1
2368,767281,1.2.392.200036.9116.2.6.1.48.1211476691.1458706065.678485,/home/mahsa-nasehi/Desktop/IAAA/fracture/iaaa-contest-bct/Data/training/2368/1.2.392.200036.9116.2.6.1.48.1211476691.1458706065.678485.dcm,7,-468.0,512,512,0,0,heldout_patient_fold,aa2d72a2538f26976441e6d52c8c11ca964533e55b3978b8345a70a019d52638,ea81da4d34ee1570c8dd3460a4e44f8f247a0ba0f55b701dbf5093d392e32021,negative,0,0.0,0.0,[],[],[],0.0,0
2368,767281,1.2.392.200036.9116.2.6.1.48.1211476691.1458706068.7714,/home/mahsa-nasehi/Desktop/IAAA/fracture/iaaa-contest-bct/Data/training/2368/1.2.392.200036.9116.2.6.1.48.1211476691.1458706068.7714.dcm,8,-460.0,512,512,0,0,heldout_patient_fold,aa2d72a2538f26976441e6d52c8c11ca964533e55b3978b8345a70a019d52638,ea81da4d34ee1570c8dd3460a4e44f8f247a0ba0f55b701dbf5093d392e32021,negative,0,0.0,0.0,[],[],[],0.0,0
2368,767281,1.2.392.200036.9116.2.6.1.48.1211476691.1458706068.263448,/home/mahsa-nasehi/Desktop/IAAA/fracture/iaaa-contest-bct/Data/training/2368/1.2.392.200036.9116.2.6.1.48.1211476691.1458706068.263448.dcm,9,-452.0,512,512,0,0,heldout_patient_fold,aa2d72a2538f26976441e6d52c8c11ca964533e55b3978b8345a70a019d52638,ea81da4d34ee1570c8dd3460a4e44f8f247a0ba0f55b701dbf5093d392e32021,negative,0,0.0,0.0,[],[],[],0.0,0
2368,767281,1.2.392.200036.9116.2.6.1.48.1211476691.1458706068.529160,/home/mahsa-nasehi/Desktop/IAAA/fracture/iaaa-contest-bct/Data/training/2368/1.2.392.200036.9116.2.6.1.48.1211476691.1458706068.529160.dcm,10,-444.0,512,512,0,0,heldout_patient_fold,aa2d72a2538f26976441e6d52c8c11ca964533e55b3978b8345a70a019d52638,ea81da4d34ee1570c8dd3460a4e44f8f247a0ba0f55b701dbf5093d392e32021,negative,0,0.0,0.0,[],[],[],0.0,0
2368,767281,1.2.392.200036.9116.2.6.1.48.1211476691.1458706068.787195,/home/mahsa-nasehi/Desktop/IAAA/fracture/iaaa-contest-bct/Data/training/2368/1.2.392.200036.9116.2.6.1.48.1211476691.1458706068.787195.dcm,11,-436.0,512,512,0,0,heldout_patient_fold,aa2d72a2538f26976441e6d52c8c11ca964533e55b3978b8345a70a019d52638,ea81da4d34ee1570c8dd3460a4e44f8f247a0ba0f55b701dbf5093d392e32021,negative,0,0.0,0.0,[],[],[],0.0,0
2368,767281,1.2.392.200036.9116.2.6.1.48.1211476691.1458706071.111741,/home/mahsa-nasehi/Desktop/IAAA/fracture/iaaa-contest-bct/Data/training/2368/1.2.392.200036.9116.2.6.1.48.1211476691.1458706071.111741.dcm,12,-428.0,512,512,0,0,heldout_patient_fold,aa2d72a2538f26976441e6d52c8c11ca964533e55b3978b8345a70a019d52638,ea81da4d34ee1570c8dd3460a4e44f8f247a0ba0f55b701dbf5093d392e32021,negative,0,0.0,0.0,[],"[[273.3333435058594, 128.1666717529297, 340.66668701171875, 187.1666717529297]]",[0.01242828369140625],0.01242828369140625,1
2368,767281,1.2.392.200036.9116.2.6.1.48.1211476691.1458706071.367739,/home/mahsa-nasehi/Desktop/IAAA/fracture/iaaa-contest-bct/Data/training/2368/1.2.392.200036.9116.2.6.1.48.1211476691.1458706071.367739.dcm,13,-420.0,512,512,0,0,heldout_patient_fold,aa2d72a2538f26976441e6d52c8c11ca964533e55b3978b8345a70a019d52638,ea81da4d34ee1570c8dd3460a4e44f8f247a0ba0f55b701dbf5093d392e32021,negative,0,0.0,0.0,[],"[[260.3333435058594, 116.25, 400.3333435058594, 285.0]]",[0.01107025146484375],0.01107025146484375,1
2368,767281,1.2.392.200036.9116.2.6.1.48.1211476691.1458706071.626795,/home/mahsa-nasehi/Desktop/IAAA/fracture/iaaa-contest-bct/Data/training/2368/1.2.392.200036.9116.2.6.1.48.1211476691.1458706071.626795.dcm,14,-412.0,512,512,0,0,heldout_patient_fold,aa2d72a2538f26976441e6d52c8c11ca964533e55b3978b8345a70a019d52638,ea81da4d34ee1570c8dd3460a4e44f8f247a0ba0f55b701dbf5093d392e32021,negative,0,0.0,0.0,[],[],[],0.0,0
2368,767281,1.2.392.200036.9116.2.6.1.48.1211476691.1458706071.887704,/home/mahsa-nasehi/Desktop/IAAA/fracture/iaaa-contest-bct/Data/training/2368/1.2.392.200036.9116.2.6.1.48.1211476691.1458706071.887704.dcm,15,-404.0,512,512,0,0,heldout_patient_fold,aa2d72a2538f26976441e6d52c8c11ca964533e55b3978b8345a70a019d52638,ea81da4d34ee1570c8dd3460a4e44f8f247a0ba0f55b701dbf5093d392e32021,negative,0,0.0,0.0,[],[],[],0.0,0
2408,767432,1.2.392.200036.9116.2.6.1.48.1211476691.1458799219.282748,/home/mahsa-nasehi/Desktop/IAAA/fracture/iaaa-contest-bct/Data/training/2408/1.2.392.200036.9116.2.6.1.48.1211476691.1458799219.282748.dcm,0,-661.5,512,512,0,0,heldout_patient_fold,aa2d72a2538f26976441e6d52c8c11ca964533e55b3978b8345a70a019d52638,ea81da4d34ee1570c8dd3460a4e44f8f247a0ba0f55b701dbf5093d392e32021,negative,0,0.0,0.0,[],[],[],0.0,0
2408,767432,1.2.392.200036.9116.2.6.1.48.1211476691.1458799219.534078,/home/mahsa-nasehi/Desktop/IAAA/fracture/iaaa-contest-bct/Data/training/2408/1.2.392.200036.9116.2.6.1.48.1211476691.1458799219.534078.dcm,1,-653.5,512,512,0,0,heldout_patient_fold,aa2d72a2538f26976441e6d52c8c11ca964533e55b3978b8345a70a019d52638,ea81da4d34ee1570c8dd3460a4e44f8f247a0ba0f55b701dbf5093d392e32021,negative,0,0.0,0.0,[],[],[],0.0,0
2408,767432,1.2.392.200036.9116.2.6.1.48.1211476691.1458799219.797999,/home/mahsa-nasehi/Desktop/IAAA/fracture/iaaa-contest-bct/Data/training/2408/1.2.392.200036.9116.2.6.1.48.1211476691.1458799219.797999.dcm,2,-645.5,512,512,0,0,heldout_patient_fold,aa2d72a2538f26976441e6d52c8c11ca964533e55b3978b8345a70a019d52638,ea81da4d34ee1570c8dd3460a4e44f8f247a0ba0f55b701dbf5093d392e32021,negative,0,0.0,0.0,[],[],[],0.0,0
2408,767432,1.2.392.200036.9116.2.6.1.48.1211476691.1458799220.53925,/home/mahsa-nasehi/Desktop/IAAA/fracture/iaaa-contest-bct/Data/training/2408/1.2.392.200036.9116.2.6.1.48.1211476691.1458799220.53925.dcm,3,-637.5,512,512,0,0,heldout_patient_fold,aa2d72a2538f26976441e6d52c8c11ca964533e55b3978b8345a70a019d52638,ea81da4d34ee1570c8dd3460a4e44f8f247a0ba0f55b701dbf5093d392e32021,negative,0,0.0,0.0,[],"[[122.66667175292969, 153.0, 190.0, 215.0]]",[0.0455322265625],0.0455322265625,1
2408,767432,1.2.392.200036.9116.2.6.1.48.1211476691.1458799222.361708,/home/mahsa-nasehi/Desktop/IAAA/fracture/iaaa-contest-bct/Data/training/2408/1.2.392.200036.9116.2.6.1.48.1211476691.1458799222.361708.dcm,4,-629.5,512,512,0,0,heldout_patient_fold,aa2d72a2538f26976441e6d52c8c11ca964533e55b3978b8345a70a019d52638,ea81da4d34ee1570c8dd3460a4e44f8f247a0ba0f55b701dbf5093d392e32021,negative,0,0.0,0.0,[],[],[],0.0,0
2408,767432,1.2.392.200036.9116.2.6.1.48.1211476691.1458799222.608890,/home/mahsa-nasehi/Desktop/IAAA/fracture/iaaa-contest-bct/Data/training/2408/1.2.392.200036.9116.2.6.1.48.1211476691.1458799222.608890.dcm,5,-621.5,512,512,0,0,heldout_patient_fold,aa2d72a2538f26976441e6d52c8c11ca964533e55b3978b8345a70a019d52638,ea81da4d34ee1570c8dd3460a4e44f8f247a0ba0f55b701dbf5093d392e32021,negative,0,0.0,0.0,[],[],[],0.0,0
2408,767432,1.2.392.200036.9116.2.6.1.48.1211476691.1458799222.873523,/home/mahsa-nasehi/Desktop/IAAA/fracture/iaaa-contest-bct/Data/training/2408/1.2.392.200036.9116.2.6.1.48.1211476691.1458799222.873523.dcm,6,-613.5,512,512,0,0,heldout_patient_fold,aa2d72a2538f26976441e6d52c8c11ca964533e55b3978b8345a70a019d52638,ea81da4d34ee1570c8dd3460a4e44f8f247a0ba0f55b701dbf5093d392e32021,negative,0,0.0,0.0,[],[],[],0.0,0
2408,767432,1.2.392.200036.9116.2.6.1.48.1211476691.1458799223.134262,/home/mahsa-nasehi/Desktop/IAAA/fracture/iaaa-contest-bct/Data/training/2408/1.2.392.200036.9116.2.6.1.48.1211476691.1458799223.134262.dcm,7,-605.5,512,512,0,0,heldout_patient_fold,aa2d72a2538f26976441e6d52c8c11ca964533e55b3978b8345a70a019d52638,ea81da4d34ee1570c8dd3460a4e44f8f247a0ba0f55b701dbf5093d392e32021,negative,0,0.0,0.0,[],[],[],0.0,0
2408,767432,1.2.392.200036.9116.2.6.1.48.1211476691.1458799225.425948,/home/mahsa-nasehi/Desktop/IAAA/fracture/iaaa-contest-bct/Data/training/2408/1.2.392.200036.9116.2.6.1.48.1211476691.1458799225.425948.dcm,8,-597.5,512,512,0,0,heldout_patient_fold,aa2d72a2538f26976441e6d52c8c11ca964533e55b3978b8345a70a019d52638,ea81da4d34ee1570c8dd3460a4e44f8f247a0ba0f55b701dbf5093d392e32021,negative,0,0.0,0.0,[],[],[],0.0,0
2408,767432,1.2.392.200036.9116.2.6.1.48.1211476691.1458799225.679298,/home/mahsa-nasehi/Desktop/IAAA/fracture/iaaa-contest-bct/Data/training/2408/1.2.392.200036.9116.2.6.1.48.1211476691.1458799225.679298.dcm,9,-589.5,512,512,0,0,heldout_patient_fold,aa2d72a2538f26976441e6d52c8c11ca964533e55b3978b8345a70a019d52638,ea81da4d34ee1570c8dd3460a4e44f8f247a0ba0f55b701dbf5093d392e32021,negative,0,0.0,0.0,[],[],[],0.0,0
2408,767432,1.2.392.200036.9116.2.6.1.48.1211476691.1458799225.945380,/home/mahsa-nasehi/Desktop/IAAA/fracture/iaaa-contest-bct/Data/training/2408/1.2.392.200036.9116.2.6.1.48.1211476691.1458799225.945380.dcm,10,-581.5,512,512,0,0,heldout_patient_fold,aa2d72a2538f26976441e6d52c8c11ca964533e55b3978b8345a70a019d52638,ea81da4d34ee1570c8dd3460a4e44f8f247a0ba0f55b701dbf5093d392e32021,negative,0,0.0,0.0,[],[],[],0.0,0
2408,767432,1.2.392.200036.9116.2.6.1.48.1211476691.1458799226.204906,/home/mahsa-nasehi/Desktop/IAAA/fracture/iaaa-contest-bct/Data/training/2408/1.2.392.200036.9116.2.6.1.48.1211476691.1458799226.204906.dcm,11,-573.5,512,512,0,0,heldout_patient_fold,aa2d72a2538f26976441e6d52c8c11ca964533e55b3978b8345a70a019d52638,ea81da4d34ee1570c8dd3460a4e44f8f247a0ba0f55b701dbf5093d392e32021,negative,0,0.0,0.0,[],"[[292.66668701171875, 106.41667175292969, 430.0, 274.3333435058594], [300.0, 133.5, 366.0, 193.0], [278.3333435058594, 121.0, 345.3333435058594, 182.6666717529297]]","[0.017303466796875, 0.01678466796875, 0.01056671142578125]",0.017303466796875,3
2408,767432,1.2.392.200036.9116.2.6.1.48.1211476691.1458799228.837697,/home/mahsa-nasehi/Desktop/IAAA/fracture/iaaa-contest-bct/Data/training/2408/1.2.392.200036.9116.2.6.1.48.1211476691.1458799228.837697.dcm,12,-565.5,512,512,0,0,heldout_patient_fold,aa2d72a2538f26976441e6d52c8c11ca964533e55b3978b8345a70a019d52638,ea81da4d34ee1570c8dd3460a4e44f8f247a0ba0f55b701dbf5093d392e32021,negative,0,0.0,0.0,[],"[[282.66668701171875, 117.41667175292969, 416.0, 281.3333435058594], [278.66668701171875, 144.1666717529297, 346.0, 202.83334350585938]]","[0.014617919921875, 0.0143890380859375]",0.014617919921875,2
2408,767432,1.2.392.200036.9116.2.6.1.48.1211476691.1458799229.258056,/home/mahsa-nasehi/Desktop/IAAA/fracture/iaaa-contest-bct/Data/training/2408/1.2.392.200036.9116.2.6.1.48.1211476691.1458799229.258056.dcm,13,-557.5,512,512,0,0,heldout_patient_fold,aa2d72a2538f26976441e6d52c8c11ca964533e55b3978b8345a70a019d52638,ea81da4d34ee1570c8dd3460a4e44f8f247a0ba0f55b701dbf5093d392e32021,negative,0,0.0,0.0,[],[],[],0.0,0
2408,767432,1.2.392.200036.9116.2.6.1.48.1211476691.1458799229.537291,/home/mahsa-nasehi/Desktop/IAAA/fracture/iaaa-contest-bct/Data/training/2408/1.2.392.200036.9116.2.6.1.48.1211476691.1458799229.537291.dcm,14,-549.5,512,512,0,0,heldout_patient_fold,aa2d72a2538f26976441e6d52c8c11ca964533e55b3978b8345a70a019d52638,ea81da4d34ee1570c8dd3460a4e44f8f247a0ba0f55b701dbf5093d392e32021,negative,0,0.0,0.0,[],[],[],0.0,0
2408,767432,1.2.392.200036.9116.2.6.1.48.1211476691.1458799229.909997,/home/mahsa-nasehi/Desktop/IAAA/fracture/iaaa-contest-bct/Data/training/2408/1.2.392.200036.9116.2.6.1.48.1211476691.1458799229.909997.dcm,15,-541.5,512,512,0,0,heldout_patient_fold,aa2d72a2538f26976441e6d52c8c11ca964533e55b3978b8345a70a019d52638,ea81da4d34ee1570c8dd3460a4e44f8f247a0ba0f55b701dbf5093d392e32021,negative,0,0.0,0.0,[],[],[],0.0,0
2437,767504,1.2.392.200036.9116.2.6.1.48.1211476691.1458835252.152748,/home/mahsa-nasehi/Desktop/IAAA/fracture/iaaa-contest-bct/Data/training/2437/1.2.392.200036.9116.2.6.1.48.1211476691.1458835252.152748.dcm,0,-590.7860319480001,512,512,0,0,heldout_patient_fold,aa2d72a2538f26976441e6d52c8c11ca964533e55b3978b8345a70a019d52638,ea81da4d34ee1570c8dd3460a4e44f8f247a0ba0f55b701dbf5093d392e32021,negative,0,0.0,0.0,[],[],[],0.0,0
2437,767504,1.2.392.200036.9116.2.6.1.48.1211476691.1458835252.410173,/home/mahsa-nasehi/Desktop/IAAA/fracture/iaaa-contest-bct/Data/training/2437/1.2.392.200036.9116.2.6.1.48.1211476691.1458835252.410173.dcm,1,-582.785742948,512,512,0,0,heldout_patient_fold,aa2d72a2538f26976441e6d52c8c11ca964533e55b3978b8345a70a019d52638,ea81da4d34ee1570c8dd3460a4e44f8f247a0ba0f55b701dbf5093d392e32021,negative,0,0.0,0.0,[],[],[],0.0,0
2437,767504,1.2.392.200036.9116.2.6.1.48.1211476691.1458835252.673981,/home/mahsa-nasehi/Desktop/IAAA/fracture/iaaa-contest-bct/Data/training/2437/1.2.392.200036.9116.2.6.1.48.1211476691.1458835252.673981.dcm,2,-574.7854539479999,512,512,0,0,heldout_patient_fold,aa2d72a2538f26976441e6d52c8c11ca964533e55b3978b8345a70a019d52638,ea81da4d34ee1570c8dd3460a4e44f8f247a0ba0f55b701dbf5093d392e32021,negative,0,0.0,0.0,[],[],[],0.0,0
2437,767504,1.2.392.200036.9116.2.6.1.48.1211476691.1458835252.931668,/home/mahsa-nasehi/Desktop/IAAA/fracture/iaaa-contest-bct/Data/training/2437/1.2.392.200036.9116.2.6.1.48.1211476691.1458835252.931668.dcm,3,-566.785164948,512,512,0,0,heldout_patient_fold,aa2d72a2538f26976441e6d52c8c11ca964533e55b3978b8345a70a019d52638,ea81da4d34ee1570c8dd3460a4e44f8f247a0ba0f55b701dbf5093d392e32021,negative,0,0.0,0.0,[],[],[],0.0,0
2437,767504,1.2.392.200036.9116.2.6.1.48.1211476691.1458835255.711239,/home/mahsa-nasehi/Desktop/IAAA/fracture/iaaa-contest-bct/Data/training/2437/1.2.392.200036.9116.2.6.1.48.1211476691.1458835255.711239.dcm,4,-559.179951948,512,512,0,0,heldout_patient_fold,aa2d72a2538f26976441e6d52c8c11ca964533e55b3978b8345a70a019d52638,ea81da4d34ee1570c8dd3460a4e44f8f247a0ba0f55b701dbf5093d392e32021,negative,0,0.0,0.0,[],"[[376.66668701171875, 352.0, 414.0, 389.3333435058594], [132.5, 376.3333435058594, 168.6666717529297, 413.0]]","[0.2147216796875, 0.0535888671875]",0.2147216796875,2
2437,767504,1.2.392.200036.9116.2.6.1.48.1211476691.1458835255.973388,/home/mahsa-nasehi/Desktop/IAAA/fracture/iaaa-contest-bct/Data/training/2437/1.2.392.200036.9116.2.6.1.48.1211476691.1458835255.973388.dcm,5,-551.179662948,512,512,0,0,heldout_patient_fold,aa2d72a2538f26976441e6d52c8c11ca964533e55b3978b8345a70a019d52638,ea81da4d34ee1570c8dd3460a4e44f8f247a0ba0f55b701dbf5093d392e32021,negative,0,0.0,0.0,[],"[[396.66668701171875, 299.3333435058594, 432.66668701171875, 335.66668701171875]]",[0.0156707763671875],0.0156707763671875,1
2437,767504,1.2.392.200036.9116.2.6.1.48.1211476691.1458835256.238836,/home/mahsa-nasehi/Desktop/IAAA/fracture/iaaa-contest-bct/Data/training/2437/1.2.392.200036.9116.2.6.1.48.1211476691.1458835256.238836.dcm,6,-543.1793739479999,512,512,0,0,heldout_patient_fold,aa2d72a2538f26976441e6d52c8c11ca964533e55b3978b8345a70a019d52638,ea81da4d34ee1570c8dd3460a4e44f8f247a0ba0f55b701dbf5093d392e32021,negative,0,0.0,0.0,[],[],[],0.0,0
2437,767504,1.2.392.200036.9116.2.6.1.48.1211476691.1458835256.500384,/home/mahsa-nasehi/Desktop/IAAA/fracture/iaaa-contest-bct/Data/training/2437/1.2.392.200036.9116.2.6.1.48.1211476691.1458835256.500384.dcm,7,-535.179084948,512,512,0,0,heldout_patient_fold,aa2d72a2538f26976441e6d52c8c11ca964533e55b3978b8345a70a019d52638,ea81da4d34ee1570c8dd3460a4e44f8f247a0ba0f55b701dbf5093d392e32021,negative,0,0.0,0.0,[],[],[],0.0,0
2437,767504,1.2.392.200036.9116.2.6.1.48.1211476691.1458835259.277361,/home/mahsa-nasehi/Desktop/IAAA/fracture/iaaa-contest-bct/Data/training/2437/1.2.392.200036.9116.2.6.1.48.1211476691.1458835259.277361.dcm,8,-527.573871948,512,512,0,0,heldout_patient_fold,aa2d72a2538f26976441e6d52c8c11ca964533e55b3978b8345a70a019d52638,ea81da4d34ee1570c8dd3460a4e44f8f247a0ba0f55b701dbf5093d392e32021,negative,0,0.0,0.0,[],[],[],0.0,0
2437,767504,1.2.392.200036.9116.2.6.1.48.1211476691.1458835259.536853,/home/mahsa-nasehi/Desktop/IAAA/fracture/iaaa-contest-bct/Data/training/2437/1.2.392.200036.9116.2.6.1.48.1211476691.1458835259.536853.dcm,9,-519.573582948,512,512,0,0,heldout_patient_fold,aa2d72a2538f26976441e6d52c8c11ca964533e55b3978b8345a70a019d52638,ea81da4d34ee1570c8dd3460a4e44f8f247a0ba0f55b701dbf5093d392e32021,negative,0,0.0,0.0,[],[],[],0.0,0
2437,767504,1.2.392.200036.9116.2.6.1.48.1211476691.1458835259.802908,/home/mahsa-nasehi/Desktop/IAAA/fracture/iaaa-contest-bct/Data/training/2437/1.2.392.200036.9116.2.6.1.48.1211476691.1458835259.802908.dcm,10,-511.57339271699993,512,512,0,0,heldout_patient_fold,aa2d72a2538f26976441e6d52c8c11ca964533e55b3978b8345a70a019d52638,ea81da4d34ee1570c8dd3460a4e44f8f247a0ba0f55b701dbf5093d392e32021,negative,0,0.0,0.0,[],[],[],0.0,0
2437,767504,1.2.392.200036.9116.2.6.1.48.1211476691.1458835260.63709,/home/mahsa-nasehi/Desktop/IAAA/fracture/iaaa-contest-bct/Data/training/2437/1.2.392.200036.9116.2.6.1.48.1211476691.1458835260.63709.dcm,11,-503.57300494799995,512,512,0,0,heldout_patient_fold,aa2d72a2538f26976441e6d52c8c11ca964533e55b3978b8345a70a019d52638,ea81da4d34ee1570c8dd3460a4e44f8f247a0ba0f55b701dbf5093d392e32021,negative,0,0.0,0.0,[],[],[],0.0,0
2437,767504,1.2.392.200036.9116.2.6.1.48.1211476691.1458835262.860379,/home/mahsa-nasehi/Desktop/IAAA/fracture/iaaa-contest-bct/Data/training/2437/1.2.392.200036.9116.2.6.1.48.1211476691.1458835262.860379.dcm,12,-495.96779194799996,512,512,0,0,heldout_patient_fold,aa2d72a2538f26976441e6d52c8c11ca964533e55b3978b8345a70a019d52638,ea81da4d34ee1570c8dd3460a4e44f8f247a0ba0f55b701dbf5093d392e32021,negative,0,0.0,0.0,[],"[[321.16668701171875, 168.25, 388.0, 232.33334350585938]]",[0.0129241943359375],0.0129241943359375,1
2437,767504,1.2.392.200036.9116.2.6.1.48.1211476691.1458835263.125262,/home/mahsa-nasehi/Desktop/IAAA/fracture/iaaa-contest-bct/Data/training/2437/1.2.392.200036.9116.2.6.1.48.1211476691.1458835263.125262.dcm,13,-487.967502948,512,512,0,0,heldout_patient_fold,aa2d72a2538f26976441e6d52c8c11ca964533e55b3978b8345a70a019d52638,ea81da4d34ee1570c8dd3460a4e44f8f247a0ba0f55b701dbf5093d392e32021,negative,0,0.0,0.0,[],[],[],0.0,0
2437,767504,1.2.392.200036.9116.2.6.1.48.1211476691.1458835263.396688,/home/mahsa-nasehi/Desktop/IAAA/fracture/iaaa-contest-bct/Data/training/2437/1.2.392.200036.9116.2.6.1.48.1211476691.1458835263.396688.dcm,14,-479.96731271699997,512,512,0,0,heldout_patient_fold,aa2d72a2538f26976441e6d52c8c11ca964533e55b3978b8345a70a019d52638,ea81da4d34ee1570c8dd3460a4e44f8f247a0ba0f55b701dbf5093d392e32021,negative,0,0.0,0.0,[],[],[],0.0,0
2437,767504,1.2.392.200036.9116.2.6.1.48.1211476691.1458835263.641377,/home/mahsa-nasehi/Desktop/IAAA/fracture/iaaa-contest-bct/Data/training/2437/1.2.392.200036.9116.2.6.1.48.1211476691.1458835263.641377.dcm,15,-471.9669249479999,512,512,0,0,heldout_patient_fold,aa2d72a2538f26976441e6d52c8c11ca964533e55b3978b8345a70a019d52638,ea81da4d34ee1570c8dd3460a4e44f8f247a0ba0f55b701dbf5093d392e32021,negative,0,0.0,0.0,[],[],[],0.0,0
2589,768104,1.2.392.200036.9116.2.6.1.48.1211476691.1459245762.938952,/home/mahsa-nasehi/Desktop/IAAA/fracture/iaaa-contest-bct/Data/training/2589/1.2.392.200036.9116.2.6.1.48.1211476691.1459245762.938952.dcm,0,-513.1176382259999,512,512,0,0,heldout_patient_fold,aa2d72a2538f26976441e6d52c8c11ca964533e55b3978b8345a70a019d52638,ea81da4d34ee1570c8dd3460a4e44f8f247a0ba0f55b701dbf5093d392e32021,negative,0,0.0,0.0,[],[],[],0.0,0
2589,768104,1.2.392.200036.9116.2.6.1.48.1211476691.1459245763.187296,/home/mahsa-nasehi/Desktop/IAAA/fracture/iaaa-contest-bct/Data/training/2589/1.2.392.200036.9116.2.6.1.48.1211476691.1459245763.187296.dcm,1,-505.117353726,512,512,0,0,heldout_patient_fold,aa2d72a2538f26976441e6d52c8c11ca964533e55b3978b8345a70a019d52638,ea81da4d34ee1570c8dd3460a4e44f8f247a0ba0f55b701dbf5093d392e32021,negative,0,0.0,0.0,[],[],[],0.0,0
2589,768104,1.2.392.200036.9116.2.6.1.48.1211476691.1459245763.453617,/home/mahsa-nasehi/Desktop/IAAA/fracture/iaaa-contest-bct/Data/training/2589/1.2.392.200036.9116.2.6.1.48.1211476691.1459245763.453617.dcm,2,-497.126885526,512,512,0,0,heldout_patient_fold,aa2d72a2538f26976441e6d52c8c11ca964533e55b3978b8345a70a019d52638,ea81da4d34ee1570c8dd3460a4e44f8f247a0ba0f55b701dbf5093d392e32021,negative,0,0.0,0.0,[],[],[],0.0,0
2589,768104,1.2.392.200036.9116.2.6.1.48.1211476691.1459245763.709063,/home/mahsa-nasehi/Desktop/IAAA/fracture/iaaa-contest-bct/Data/training/2589/1.2.392.200036.9116.2.6.1.48.1211476691.1459245763.709063.dcm,3,-489.126601026,512,512,0,0,heldout_patient_fold,aa2d72a2538f26976441e6d52c8c11ca964533e55b3978b8345a70a019d52638,ea81da4d34ee1570c8dd3460a4e44f8f247a0ba0f55b701dbf5093d392e32021,negative,0,0.0,0.0,[],[],[],0.0,0
2589,768104,1.2.392.200036.9116.2.6.1.48.1211476691.1459245766.524166,/home/mahsa-nasehi/Desktop/IAAA/fracture/iaaa-contest-bct/Data/training/2589/1.2.392.200036.9116.2.6.1.48.1211476691.1459245766.524166.dcm,4,-481.70547822599997,512,512,0,0,heldout_patient_fold,aa2d72a2538f26976441e6d52c8c11ca964533e55b3978b8345a70a019d52638,ea81da4d34ee1570c8dd3460a4e44f8f247a0ba0f55b701dbf5093d392e32021,negative,0,0.0,0.0,[],"[[127.0, 163.25, 163.33334350585938, 199.33334350585938]]",[0.026153564453125],0.026153564453125,1
2589,768104,1.2.392.200036.9116.2.6.1.48.1211476691.1459245766.787500,/home/mahsa-nasehi/Desktop/IAAA/fracture/iaaa-contest-bct/Data/training/2589/1.2.392.200036.9116.2.6.1.48.1211476691.1459245766.787500.dcm,5,-473.705193726,512,512,0,0,heldout_patient_fold,aa2d72a2538f26976441e6d52c8c11ca964533e55b3978b8345a70a019d52638,ea81da4d34ee1570c8dd3460a4e44f8f247a0ba0f55b701dbf5093d392e32021,negative,0,0.0,0.0,[],[],[],0.0,0
2589,768104,1.2.392.200036.9116.2.6.1.48.1211476691.1459245767.50521,/home/mahsa-nasehi/Desktop/IAAA/fracture/iaaa-contest-bct/Data/training/2589/1.2.392.200036.9116.2.6.1.48.1211476691.1459245767.50521.dcm,6,-465.714725526,512,512,0,0,heldout_patient_fold,aa2d72a2538f26976441e6d52c8c11ca964533e55b3978b8345a70a019d52638,ea81da4d34ee1570c8dd3460a4e44f8f247a0ba0f55b701dbf5093d392e32021,negative,0,0.0,0.0,[],[],[],0.0,0
2589,768104,1.2.392.200036.9116.2.6.1.48.1211476691.1459245767.309129,/home/mahsa-nasehi/Desktop/IAAA/fracture/iaaa-contest-bct/Data/training/2589/1.2.392.200036.9116.2.6.1.48.1211476691.1459245767.309129.dcm,7,-457.714441026,512,512,0,0,heldout_patient_fold,aa2d72a2538f26976441e6d52c8c11ca964533e55b3978b8345a70a019d52638,ea81da4d34ee1570c8dd3460a4e44f8f247a0ba0f55b701dbf5093d392e32021,negative,0,0.0,0.0,[],[],[],0.0,0
2589,768104,1.2.392.200036.9116.2.6.1.48.1211476691.1459245770.74751,/home/mahsa-nasehi/Desktop/IAAA/fracture/iaaa-contest-bct/Data/training/2589/1.2.392.200036.9116.2.6.1.48.1211476691.1459245770.74751.dcm,8,-450.293318226,512,512,0,0,heldout_patient_fold,aa2d72a2538f26976441e6d52c8c11ca964533e55b3978b8345a70a019d52638,ea81da4d34ee1570c8dd3460a4e44f8f247a0ba0f55b701dbf5093d392e32021,negative,0,0.0,0.0,[],"[[291.5, 40.208335876464844, 427.3333435058594, 205.5]]",[0.01971435546875],0.01971435546875,1
2589,768104,1.2.392.200036.9116.2.6.1.48.1211476691.1459245770.335730,/home/mahsa-nasehi/Desktop/IAAA/fracture/iaaa-contest-bct/Data/training/2589/1.2.392.200036.9116.2.6.1.48.1211476691.1459245770.335730.dcm,9,-442.293033726,512,512,0,0,heldout_patient_fold,aa2d72a2538f26976441e6d52c8c11ca964533e55b3978b8345a70a019d52638,ea81da4d34ee1570c8dd3460a4e44f8f247a0ba0f55b701dbf5093d392e32021,negative,0,0.0,0.0,[],"[[305.3333435058594, 82.33333587646484, 372.66668701171875, 146.1666717529297], [279.0, 48.79166793823242, 420.3333435058594, 218.5]]","[0.0203399658203125, 0.01262664794921875]",0.0203399658203125,2
2589,768104,1.2.392.200036.9116.2.6.1.48.1211476691.1459245770.603240,/home/mahsa-nasehi/Desktop/IAAA/fracture/iaaa-contest-bct/Data/training/2589/1.2.392.200036.9116.2.6.1.48.1211476691.1459245770.603240.dcm,10,-434.302565526,512,512,0,0,heldout_patient_fold,aa2d72a2538f26976441e6d52c8c11ca964533e55b3978b8345a70a019d52638,ea81da4d34ee1570c8dd3460a4e44f8f247a0ba0f55b701dbf5093d392e32021,negative,0,0.0,0.0,[],"[[299.3333435058594, 90.0, 366.66668701171875, 151.5], [269.3333435058594, 49.66666793823242, 406.66668701171875, 217.6666717529297]]","[0.022796630859375, 0.012054443359375]",0.022796630859375,2
2589,768104,1.2.392.200036.9116.2.6.1.48.1211476691.1459245770.860194,/home/mahsa-nasehi/Desktop/IAAA/fracture/iaaa-contest-bct/Data/training/2589/1.2.392.200036.9116.2.6.1.48.1211476691.1459245770.860194.dcm,11,-426.302281026,512,512,0,0,heldout_patient_fold,aa2d72a2538f26976441e6d52c8c11ca964533e55b3978b8345a70a019d52638,ea81da4d34ee1570c8dd3460a4e44f8f247a0ba0f55b701dbf5093d392e32021,negative,0,0.0,0.0,[],"[[294.66668701171875, 104.16667175292969, 362.0, 166.5], [367.0, 268.3333435058594, 433.66668701171875, 333.3333435058594]]","[0.0230712890625, 0.011688232421875]",0.0230712890625,2
2589,768104,1.2.392.200036.9116.2.6.1.48.1211476691.1459245774.142476,/home/mahsa-nasehi/Desktop/IAAA/fracture/iaaa-contest-bct/Data/training/2589/1.2.392.200036.9116.2.6.1.48.1211476691.1459245774.142476.dcm,12,-418.88115822599997,512,512,0,0,heldout_patient_fold,aa2d72a2538f26976441e6d52c8c11ca964533e55b3978b8345a70a019d52638,ea81da4d34ee1570c8dd3460a4e44f8f247a0ba0f55b701dbf5093d392e32021,negative,0,0.0,0.0,[],"[[376.66668701171875, 286.0, 414.0, 322.0], [358.3333435058594, 270.66668701171875, 425.0, 332.66668701171875]]","[0.043701171875, 0.02423095703125]",0.043701171875,2
2589,768104,1.2.392.200036.9116.2.6.1.48.1211476691.1459245774.509275,/home/mahsa-nasehi/Desktop/IAAA/fracture/iaaa-contest-bct/Data/training/2589/1.2.392.200036.9116.2.6.1.48.1211476691.1459245774.509275.dcm,13,-410.880873726,512,512,0,0,heldout_patient_fold,aa2d72a2538f26976441e6d52c8c11ca964533e55b3978b8345a70a019d52638,ea81da4d34ee1570c8dd3460a4e44f8f247a0ba0f55b701dbf5093d392e32021,negative,0,0.0,0.0,[],[],[],0.0,0
2589,768104,1.2.392.200036.9116.2.6.1.48.1211476691.1459245774.612996,/home/mahsa-nasehi/Desktop/IAAA/fracture/iaaa-contest-bct/Data/training/2589/1.2.392.200036.9116.2.6.1.48.1211476691.1459245774.612996.dcm,14,-402.890405526,512,512,0,0,heldout_patient_fold,aa2d72a2538f26976441e6d52c8c11ca964533e55b3978b8345a70a019d52638,ea81da4d34ee1570c8dd3460a4e44f8f247a0ba0f55b701dbf5093d392e32021,negative,0,0.0,0.0,[],[],[],0.0,0
2589,768104,1.2.392.200036.9116.2.6.1.48.1211476691.1459245774.805502,/home/mahsa-nasehi/Desktop/IAAA/fracture/iaaa-contest-bct/Data/training/2589/1.2.392.200036.9116.2.6.1.48.1211476691.1459245774.805502.dcm,15,-394.890121026,512,512,0,0,heldout_patient_fold,aa2d72a2538f26976441e6d52c8c11ca964533e55b3978b8345a70a019d52638,ea81da4d34ee1570c8dd3460a4e44f8f247a0ba0f55b701dbf5093d392e32021,negative,0,0.0,0.0,[],[],[],0.0,0
270818,5e14e35deb5f2d63ad55ac4e358a0243224b92e2925a97dca1d07f5bb94f9476,ID_79307bccf,/home/mahsa-nasehi/Desktop/IAAA/fracture/iaaa-contest-bct/Data/training/270818/ID_79307bccf.dcm,0,134.27812091898718,512,512,0,0,heldout_patient_fold,aa2d72a2538f26976441e6d52c8c11ca964533e55b3978b8345a70a019d52638,ea81da4d34ee1570c8dd3460a4e44f8f247a0ba0f55b701dbf5093d392e32021,negative,0,0.0,0.0,[],[],[],0.0,0
270818,5e14e35deb5f2d63ad55ac4e358a0243224b92e2925a97dca1d07f5bb94f9476,ID_90900b489,/home/mahsa-nasehi/Desktop/IAAA/fracture/iaaa-contest-bct/Data/training/270818/ID_90900b489.dcm,1,139.2892626809962,512,512,0,0,heldout_patient_fold,aa2d72a2538f26976441e6d52c8c11ca964533e55b3978b8345a70a019d52638,ea81da4d34ee1570c8dd3460a4e44f8f247a0ba0f55b701dbf5093d392e32021,negative,0,0.0,0.0,[],[],[],0.0,0
270818,5e14e35deb5f2d63ad55ac4e358a0243224b92e2925a97dca1d07f5bb94f9476,ID_87e96a45a,/home/mahsa-nasehi/Desktop/IAAA/fracture/iaaa-contest-bct/Data/training/270818/ID_87e96a45a.dcm,2,144.27221444127775,512,512,0,0,heldout_patient_fold,aa2d72a2538f26976441e6d52c8c11ca964533e55b3978b8345a70a019d52638,ea81da4d34ee1570c8dd3460a4e44f8f247a0ba0f55b701dbf5093d392e32021,negative,0,0.0,0.0,[],[],[],0.0,0
270818,5e14e35deb5f2d63ad55ac4e358a0243224b92e2925a97dca1d07f5bb94f9476,ID_12c95e11f,/home/mahsa-nasehi/Desktop/IAAA/fracture/iaaa-contest-bct/Data/training/270818/ID_12c95e11f.dcm,3,149.28335620328676,512,512,0,0,heldout_patient_fold,aa2d72a2538f26976441e6d52c8c11ca964533e55b3978b8345a70a019d52638,ea81da4d34ee1570c8dd3460a4e44f8f247a0ba0f55b701dbf5093d392e32021,negative,0,0.0,0.0,[],[],[],0.0,0
270818,5e14e35deb5f2d63ad55ac4e358a0243224b92e2925a97dca1d07f5bb94f9476,ID_acffff10a,/home/mahsa-nasehi/Desktop/IAAA/fracture/iaaa-contest-bct/Data/training/270818/ID_acffff10a.dcm,4,154.26630796356832,512,512,0,0,heldout_patient_fold,aa2d72a2538f26976441e6d52c8c11ca964533e55b3978b8345a70a019d52638,ea81da4d34ee1570c8dd3460a4e44f8f247a0ba0f55b701dbf5093d392e32021,negative,0,0.0,0.0,[],"[[228.33334350585938, 86.83333587646484, 363.66668701171875, 250.33334350585938], [248.33334350585938, 161.33334350585938, 383.3333435058594, 327.0], [206.0, 0.0, 340.3333435058594, 132.33334350585938]]","[0.033477783203125, 0.01312255859375, 0.01262664794921875]",0.033477783203125,3
270818,5e14e35deb5f2d63ad55ac4e358a0243224b92e2925a97dca1d07f5bb94f9476,ID_dfc51901e,/home/mahsa-nasehi/Desktop/IAAA/fracture/iaaa-contest-bct/Data/training/270818/ID_dfc51901e.dcm,5,159.27744972557733,512,512,0,0,heldout_patient_fold,aa2d72a2538f26976441e6d52c8c11ca964533e55b3978b8345a70a019d52638,ea81da4d34ee1570c8dd3460a4e44f8f247a0ba0f55b701dbf5093d392e32021,negative,0,0.0,0.0,[],[],[],0.0,0
270818,5e14e35deb5f2d63ad55ac4e358a0243224b92e2925a97dca1d07f5bb94f9476,ID_81e06198a,/home/mahsa-nasehi/Desktop/IAAA/fracture/iaaa-contest-bct/Data/training/270818/ID_81e06198a.dcm,6,164.26028310978032,512,512,0,0,heldout_patient_fold,aa2d72a2538f26976441e6d52c8c11ca964533e55b3978b8345a70a019d52638,ea81da4d34ee1570c8dd3460a4e44f8f247a0ba0f55b701dbf5093d392e32021,negative,0,0.0,0.0,[],[],[],0.0,0
270818,5e14e35deb5f2d63ad55ac4e358a0243224b92e2925a97dca1d07f5bb94f9476,ID_50d366cb4,/home/mahsa-nasehi/Desktop/IAAA/fracture/iaaa-contest-bct/Data/training/270818/ID_50d366cb4.dcm,7,169.27142487178935,512,512,0,0,heldout_patient_fold,aa2d72a2538f26976441e6d52c8c11ca964533e55b3978b8345a70a019d52638,ea81da4d34ee1570c8dd3460a4e44f8f247a0ba0f55b701dbf5093d392e32021,negative,0,0.0,0.0,[],"[[354.66668701171875, 293.3333435058594, 390.66668701171875, 330.66668701171875], [129.33334350585938, 312.3333435058594, 166.1666717529297, 349.0]]","[0.060089111328125, 0.0310211181640625]",0.060089111328125,2
270818,5e14e35deb5f2d63ad55ac4e358a0243224b92e2925a97dca1d07f5bb94f9476,ID_d4cd03df4,/home/mahsa-nasehi/Desktop/IAAA/fracture/iaaa-contest-bct/Data/training/270818/ID_d4cd03df4.dcm,8,174.2543766320709,512,512,0,0,heldout_patient_fold,aa2d72a2538f26976441e6d52c8c11ca964533e55b3978b8345a70a019d52638,ea81da4d34ee1570c8dd3460a4e44f8f247a0ba0f55b701dbf5093d392e32021,negative,0,0.0,0.0,[],"[[357.3333435058594, 298.5, 393.3333435058594, 336.5]]",[0.026763916015625],0.026763916015625,1
270818,5e14e35deb5f2d63ad55ac4e358a0243224b92e2925a97dca1d07f5bb94f9476,ID_1bcaf817f,/home/mahsa-nasehi/Desktop/IAAA/fracture/iaaa-contest-bct/Data/training/270818/ID_1bcaf817f.dcm,9,179.2655174237842,512,512,0,0,heldout_patient_fold,aa2d72a2538f26976441e6d52c8c11ca964533e55b3978b8345a70a019d52638,ea81da4d34ee1570c8dd3460a4e44f8f247a0ba0f55b701dbf5093d392e32021,negative,0,0.0,0.0,[],"[[372.0, 182.0, 408.66668701171875, 218.0]]",[0.017181396484375],0.017181396484375,1
270818,5e14e35deb5f2d63ad55ac4e358a0243224b92e2925a97dca1d07f5bb94f9476,ID_a13ab85b6,/home/mahsa-nasehi/Desktop/IAAA/fracture/iaaa-contest-bct/Data/training/270818/ID_a13ab85b6.dcm,10,184.24835080798718,512,512,0,0,heldout_patient_fold,aa2d72a2538f26976441e6d52c8c11ca964533e55b3978b8345a70a019d52638,ea81da4d34ee1570c8dd3460a4e44f8f247a0ba0f55b701dbf5093d392e32021,negative,0,0.0,0.0,[],"[[377.3333435058594, 184.6666717529297, 414.0, 220.6666717529297], [378.66668701171875, 216.6666717529297, 414.0, 253.33334350585938]]","[0.01934814453125, 0.0131683349609375]",0.01934814453125,2
270818,5e14e35deb5f2d63ad55ac4e358a0243224b92e2925a97dca1d07f5bb94f9476,ID_c6f01c2ae,/home/mahsa-nasehi/Desktop/IAAA/fracture/iaaa-contest-bct/Data/training/270818/ID_c6f01c2ae.dcm,11,189.25949256999618,512,512,0,0,heldout_patient_fold,aa2d72a2538f26976441e6d52c8c11ca964533e55b3978b8345a70a019d52638,ea81da4d34ee1570c8dd3460a4e44f8f247a0ba0f55b701dbf5093d392e32021,negative,0,0.0,0.0,[],"[[124.33333587646484, 147.33334350585938, 160.6666717529297, 183.6666717529297], [372.66668701171875, 320.3333435058594, 408.66668701171875, 357.0], [382.0, 251.1666717529297, 416.66668701171875, 287.16668701171875]]","[0.06256103515625, 0.020721435546875, 0.01262664794921875]",0.06256103515625,3
270818,5e14e35deb5f2d63ad55ac4e358a0243224b92e2925a97dca1d07f5bb94f9476,ID_ad65f2c0a,/home/mahsa-nasehi/Desktop/IAAA/fracture/iaaa-contest-bct/Data/training/270818/ID_ad65f2c0a.dcm,12,194.24244433027775,512,512,0,0,heldout_patient_fold,aa2d72a2538f26976441e6d52c8c11ca964533e55b3978b8345a70a019d52638,ea81da4d34ee1570c8dd3460a4e44f8f247a0ba0f55b701dbf5093d392e32021,negative,0,0.0,0.0,[],"[[116.66667175292969, 155.33334350585938, 152.6666717529297, 192.0]]",[0.09808349609375],0.09808349609375,1
270818,5e14e35deb5f2d63ad55ac4e358a0243224b92e2925a97dca1d07f5bb94f9476,ID_6f0a16117,/home/mahsa-nasehi/Desktop/IAAA/fracture/iaaa-contest-bct/Data/training/270818/ID_6f0a16117.dcm,13,199.25358609228675,512,512,0,0,heldout_patient_fold,aa2d72a2538f26976441e6d52c8c11ca964533e55b3978b8345a70a019d52638,ea81da4d34ee1570c8dd3460a4e44f8f247a0ba0f55b701dbf5093d392e32021,negative,0,0.0,0.0,[],"[[116.0, 158.08334350585938, 152.6666717529297, 194.0]]",[0.0112457275390625],0.0112457275390625,1
270818,5e14e35deb5f2d63ad55ac4e358a0243224b92e2925a97dca1d07f5bb94f9476,ID_337b802c6,/home/mahsa-nasehi/Desktop/IAAA/fracture/iaaa-contest-bct/Data/training/270818/ID_337b802c6.dcm,14,204.23653785256832,512,512,0,0,heldout_patient_fold,aa2d72a2538f26976441e6d52c8c11ca964533e55b3978b8345a70a019d52638,ea81da4d34ee1570c8dd3460a4e44f8f247a0ba0f55b701dbf5093d392e32021,negative,0,0.0,0.0,[],[],[],0.0,0
270818,5e14e35deb5f2d63ad55ac4e358a0243224b92e2925a97dca1d07f5bb94f9476,ID_7b8d8d51c,/home/mahsa-nasehi/Desktop/IAAA/fracture/iaaa-contest-bct/Data/training/270818/ID_7b8d8d51c.dcm,15,209.24767961457735,512,512,0,0,heldout_patient_fold,aa2d72a2538f26976441e6d52c8c11ca964533e55b3978b8345a70a019d52638,ea81da4d34ee1570c8dd3460a4e44f8f247a0ba0f55b701dbf5093d392e32021,negative,0,0.0,0.0,[],[],[],0.0,0
270818,5e14e35deb5f2d63ad55ac4e358a0243224b92e2925a97dca1d07f5bb94f9476,ID_3e7873a81,/home/mahsa-nasehi/Desktop/IAAA/fracture/iaaa-contest-bct/Data/training/270818/ID_3e7873a81.dcm,16,214.2305129987803,512,512,0,0,heldout_patient_fold,aa2d72a2538f26976441e6d52c8c11ca964533e55b3978b8345a70a019d52638,ea81da4d34ee1570c8dd3460a4e44f8f247a0ba0f55b701dbf5093d392e32021,negative,0,0.0,0.0,[],"[[375.3333435058594, 168.83334350585938, 411.3333435058594, 204.83334350585938]]",[0.0301055908203125],0.0301055908203125,1
270818,5e14e35deb5f2d63ad55ac4e358a0243224b92e2925a97dca1d07f5bb94f9476,ID_4314043ee,/home/mahsa-nasehi/Desktop/IAAA/fracture/iaaa-contest-bct/Data/training/270818/ID_4314043ee.dcm,17,219.24165476078934,512,512,0,0,heldout_patient_fold,aa2d72a2538f26976441e6d52c8c11ca964533e55b3978b8345a70a019d52638,ea81da4d34ee1570c8dd3460a4e44f8f247a0ba0f55b701dbf5093d392e32021,negative,0,0.0,0.0,[],"[[375.3333435058594, 171.33334350585938, 411.3333435058594, 207.33334350585938]]",[0.0259552001953125],0.0259552001953125,1
270818,5e14e35deb5f2d63ad55ac4e358a0243224b92e2925a97dca1d07f5bb94f9476,ID_8087de788,/home/mahsa-nasehi/Desktop/IAAA/fracture/iaaa-contest-bct/Data/training/270818/ID_8087de788.dcm,18,224.2246065210709,512,512,0,0,heldout_patient_fold,aa2d72a2538f26976441e6d52c8c11ca964533e55b3978b8345a70a019d52638,ea81da4d34ee1570c8dd3460a4e44f8f247a0ba0f55b701dbf5093d392e32021,negative,0,0.0,0.0,[],"[[375.3333435058594, 174.0, 411.3333435058594, 210.0], [99.5, 41.16666793823242, 238.5, 210.1666717529297]]","[0.04620361328125, 0.01214599609375]",0.04620361328125,2
270818,5e14e35deb5f2d63ad55ac4e358a0243224b92e2925a97dca1d07f5bb94f9476,ID_d638cf2c9,/home/mahsa-nasehi/Desktop/IAAA/fracture/iaaa-contest-bct/Data/training/270818/ID_d638cf2c9.dcm,19,229.23574731278418,512,512,0,0,heldout_patient_fold,aa2d72a2538f26976441e6d52c8c11ca964533e55b3978b8345a70a019d52638,ea81da4d34ee1570c8dd3460a4e44f8f247a0ba0f55b701dbf5093d392e32021,negative,0,0.0,0.0,[],"[[372.66668701171875, 173.6666717529297, 408.66668701171875, 210.33334350585938], [288.16668701171875, 38.0, 433.3333435058594, 210.6666717529297], [372.66668701171875, 265.0, 408.66668701171875, 300.3333435058594]]","[0.0190582275390625, 0.0161590576171875, 0.015716552734375]",0.0190582275390625,3
270818,5e14e35deb5f2d63ad55ac4e358a0243224b92e2925a97dca1d07f5bb94f9476,ID_7eb4a90eb,/home/mahsa-nasehi/Desktop/IAAA/fracture/iaaa-contest-bct/Data/training/270818/ID_7eb4a90eb.dcm,20,234.21858069698717,512,512,0,0,heldout_patient_fold,aa2d72a2538f26976441e6d52c8c11ca964533e55b3978b8345a70a019d52638,ea81da4d34ee1570c8dd3460a4e44f8f247a0ba0f55b701dbf5093d392e32021,negative,0,0.0,0.0,[],"[[367.0, 176.5, 403.66668701171875, 212.83334350585938]]",[0.09808349609375],0.09808349609375,1
270818,5e14e35deb5f2d63ad55ac4e358a0243224b92e2925a97dca1d07f5bb94f9476,ID_337407b23,/home/mahsa-nasehi/Desktop/IAAA/fracture/iaaa-contest-bct/Data/training/270818/ID_337407b23.dcm,21,239.22972245899618,512,512,0,0,heldout_patient_fold,aa2d72a2538f26976441e6d52c8c11ca964533e55b3978b8345a70a019d52638,ea81da4d34ee1570c8dd3460a4e44f8f247a0ba0f55b701dbf5093d392e32021,negative,0,0.0,0.0,[],"[[363.3333435058594, 178.6666717529297, 400.66668701171875, 215.6666717529297]]",[0.04742431640625],0.04742431640625,1
270818,5e14e35deb5f2d63ad55ac4e358a0243224b92e2925a97dca1d07f5bb94f9476,ID_a4abc92cd,/home/mahsa-nasehi/Desktop/IAAA/fracture/iaaa-contest-bct/Data/training/270818/ID_a4abc92cd.dcm,22,244.21267421927774,512,512,0,0,heldout_patient_fold,aa2d72a2538f26976441e6d52c8c11ca964533e55b3978b8345a70a019d52638,ea81da4d34ee1570c8dd3460a4e44f8f247a0ba0f55b701dbf5093d392e32021,negative,0,0.0,0.0,[],[],[],0.0,0
270818,5e14e35deb5f2d63ad55ac4e358a0243224b92e2925a97dca1d07f5bb94f9476,ID_a2d1a80a3,/home/mahsa-nasehi/Desktop/IAAA/fracture/iaaa-contest-bct/Data/training/270818/ID_a2d1a80a3.dcm,23,249.22381598128678,512,512,0,0,heldout_patient_fold,aa2d72a2538f26976441e6d52c8c11ca964533e55b3978b8345a70a019d52638,ea81da4d34ee1570c8dd3460a4e44f8f247a0ba0f55b701dbf5093d392e32021,negative,0,0.0,0.0,[],[],[],0.0,0
270818,5e14e35deb5f2d63ad55ac4e358a0243224b92e2925a97dca1d07f5bb94f9476,ID_8f66421aa,/home/mahsa-nasehi/Desktop/IAAA/fracture/iaaa-contest-bct/Data/training/270818/ID_8f66421aa.dcm,24,254.2067677415683,512,512,0,0,heldout_patient_fold,aa2d72a2538f26976441e6d52c8c11ca964533e55b3978b8345a70a019d52638,ea81da4d34ee1570c8dd3460a4e44f8f247a0ba0f55b701dbf5093d392e32021,negative,0,0.0,0.0,[],"[[331.3333435058594, 178.83334350585938, 398.0, 241.83334350585938], [331.0, 280.66668701171875, 397.66668701171875, 343.66668701171875], [341.66668701171875, 249.33334350585938, 407.66668701171875, 311.0]]","[0.0194244384765625, 0.014556884765625, 0.0103302001953125]",0.0194244384765625,3
270818,5e14e35deb5f2d63ad55ac4e358a0243224b92e2925a97dca1d07f5bb94f9476,ID_c69817d5b,/home/mahsa-nasehi/Desktop/IAAA/fracture/iaaa-contest-bct/Data/training/270818/ID_c69817d5b.dcm,25,259.21790950357735,512,512,0,0,heldout_patient_fold,aa2d72a2538f26976441e6d52c8c11ca964533e55b3978b8345a70a019d52638,ea81da4d34ee1570c8dd3460a4e44f8f247a0ba0f55b701dbf5093d392e32021,negative,0,0.0,0.0,[],"[[331.3333435058594, 265.3333435058594, 396.66668701171875, 326.66668701171875], [217.0, 72.66667175292969, 356.3333435058594, 239.1666717529297], [336.0, 246.0, 402.0, 306.0], [353.0, 258.8333435058594, 390.3333435058594, 295.8333435058594], [350.0, 282.66668701171875, 387.3333435058594, 319.0], [315.66668701171875, 170.5, 381.0, 230.83334350585938]]","[0.0987548828125, 0.0164642333984375, 0.0154266357421875, 0.01473236083984375, 0.0127716064453125, 0.01137542724609375]",0.0987548828125,6
270818,5e14e35deb5f2d63ad55ac4e358a0243224b92e2925a97dca1d07f5bb94f9476,ID_df6e79b73,/home/mahsa-nasehi/Desktop/IAAA/fracture/iaaa-contest-bct/Data/training/270818/ID_df6e79b73.dcm,26,264.20074288778034,512,512,0,0,heldout_patient_fold,aa2d72a2538f26976441e6d52c8c11ca964533e55b3978b8345a70a019d52638,ea81da4d34ee1570c8dd3460a4e44f8f247a0ba0f55b701dbf5093d392e32021,negative,0,0.0,0.0,[],"[[267.3333435058594, 133.83334350585938, 334.66668701171875, 194.6666717529297], [316.0, 266.0, 382.66668701171875, 327.3333435058594]]","[0.037750244140625, 0.0115966796875]",0.037750244140625,2
270818,5e14e35deb5f2d63ad55ac4e358a0243224b92e2925a97dca1d07f5bb94f9476,ID_58ddca7cc,/home/mahsa-nasehi/Desktop/IAAA/fracture/iaaa-contest-bct/Data/training/270818/ID_58ddca7cc.dcm,27,269.2118846497894,512,512,0,0,heldout_patient_fold,aa2d72a2538f26976441e6d52c8c11ca964533e55b3978b8345a70a019d52638,ea81da4d34ee1570c8dd3460a4e44f8f247a0ba0f55b701dbf5093d392e32021,negative,0,0.0,0.0,[],[],[],0.0,0
270818,5e14e35deb5f2d63ad55ac4e358a0243224b92e2925a97dca1d07f5bb94f9476,ID_4c7f59b1c,/home/mahsa-nasehi/Desktop/IAAA/fracture/iaaa-contest-bct/Data/training/270818/ID_4c7f59b1c.dcm,28,274.1948364100709,512,512,0,0,heldout_patient_fold,aa2d72a2538f26976441e6d52c8c11ca964533e55b3978b8345a70a019d52638,ea81da4d34ee1570c8dd3460a4e44f8f247a0ba0f55b701dbf5093d392e32021,negative,0,0.0,0.0,[],"[[261.66668701171875, 193.0, 329.0, 253.0]]",[0.026458740234375],0.026458740234375,1
270818,5e14e35deb5f2d63ad55ac4e358a0243224b92e2925a97dca1d07f5bb94f9476,ID_39c29ba64,/home/mahsa-nasehi/Desktop/IAAA/fracture/iaaa-contest-bct/Data/training/270818/ID_39c29ba64.dcm,29,279.2059772017842,512,512,0,0,heldout_patient_fold,aa2d72a2538f26976441e6d52c8c11ca964533e55b3978b8345a70a019d52638,ea81da4d34ee1570c8dd3460a4e44f8f247a0ba0f55b701dbf5093d392e32021,negative,0,0.0,0.0,[],[],[],0.0,0
270818,5e14e35deb5f2d63ad55ac4e358a0243224b92e2925a97dca1d07f5bb94f9476,ID_5e1518030,/home/mahsa-nasehi/Desktop/IAAA/fracture/iaaa-contest-bct/Data/training/270818/ID_5e1518030.dcm,30,284.1888105859872,512,512,0,0,heldout_patient_fold,aa2d72a2538f26976441e6d52c8c11ca964533e55b3978b8345a70a019d52638,ea81da4d34ee1570c8dd3460a4e44f8f247a0ba0f55b701dbf5093d392e32021,negative,0,0.0,0.0,[],[],[],0.0,0
270818,5e14e35deb5f2d63ad55ac4e358a0243224b92e2925a97dca1d07f5bb94f9476,ID_d3e8634be,/home/mahsa-nasehi/Desktop/IAAA/fracture/iaaa-contest-bct/Data/training/270818/ID_d3e8634be.dcm,31,289.1999523479962,512,512,0,0,heldout_patient_fold,aa2d72a2538f26976441e6d52c8c11ca964533e55b3978b8345a70a019d52638,ea81da4d34ee1570c8dd3460a4e44f8f247a0ba0f55b701dbf5093d392e32021,negative,0,0.0,0.0,[],[],[],0.0,0
270872,eb706499d1c3d53477dea54cb1fec38402488907df08bb3a378dd2567bb9b978,ID_b30c47a88,/home/mahsa-nasehi/Desktop/IAAA/fracture/iaaa-contest-bct/Data/training/270872/ID_b30c47a88.dcm,0,1155.9452804842874,512,512,0,0,heldout_patient_fold,aa2d72a2538f26976441e6d52c8c11ca964533e55b3978b8345a70a019d52638,ea81da4d34ee1570c8dd3460a4e44f8f247a0ba0f55b701dbf5093d392e32021,negative,0,0.0,0.0,[],[],[],0.0,0
270872,eb706499d1c3d53477dea54cb1fec38402488907df08bb3a378dd2567bb9b978,ID_48c4c8791,/home/mahsa-nasehi/Desktop/IAAA/fracture/iaaa-contest-bct/Data/training/270872/ID_48c4c8791.dcm,1,1161.5467630402875,512,512,0,0,heldout_patient_fold,aa2d72a2538f26976441e6d52c8c11ca964533e55b3978b8345a70a019d52638,ea81da4d34ee1570c8dd3460a4e44f8f247a0ba0f55b701dbf5093d392e32021,negative,0,0.0,0.0,[],"[[218.33334350585938, 196.0, 352.66668701171875, 360.0]]",[0.021942138671875],0.021942138671875,1
270872,eb706499d1c3d53477dea54cb1fec38402488907df08bb3a378dd2567bb9b978,ID_77c68944c,/home/mahsa-nasehi/Desktop/IAAA/fracture/iaaa-contest-bct/Data/training/270872/ID_77c68944c.dcm,2,1167.1482455962873,512,512,0,0,heldout_patient_fold,aa2d72a2538f26976441e6d52c8c11ca964533e55b3978b8345a70a019d52638,ea81da4d34ee1570c8dd3460a4e44f8f247a0ba0f55b701dbf5093d392e32021,unknown,0,0.0,0.0,[],[],[],0.0,0
270872,eb706499d1c3d53477dea54cb1fec38402488907df08bb3a378dd2567bb9b978,ID_854cf9596,/home/mahsa-nasehi/Desktop/IAAA/fracture/iaaa-contest-bct/Data/training/270872/ID_854cf9596.dcm,3,1172.7497281522874,512,512,0,0,heldout_patient_fold,aa2d72a2538f26976441e6d52c8c11ca964533e55b3978b8345a70a019d52638,ea81da4d34ee1570c8dd3460a4e44f8f247a0ba0f55b701dbf5093d392e32021,unknown,0,0.0,0.0,[],[],[],0.0,0
270872,eb706499d1c3d53477dea54cb1fec38402488907df08bb3a378dd2567bb9b978,ID_51c9b646c,/home/mahsa-nasehi/Desktop/IAAA/fracture/iaaa-contest-bct/Data/training/270872/ID_51c9b646c.dcm,4,1178.3512107082875,512,512,0,0,heldout_patient_fold,aa2d72a2538f26976441e6d52c8c11ca964533e55b3978b8345a70a019d52638,ea81da4d34ee1570c8dd3460a4e44f8f247a0ba0f55b701dbf5093d392e32021,unknown,0,0.0,0.0,[],"[[339.0, 323.16668701171875, 374.3333435058594, 360.66668701171875]]",[0.0177154541015625],0.0177154541015625,1
270872,eb706499d1c3d53477dea54cb1fec38402488907df08bb3a378dd2567bb9b978,ID_351a273e1,/home/mahsa-nasehi/Desktop/IAAA/fracture/iaaa-contest-bct/Data/training/270872/ID_351a273e1.dcm,5,1183.9526932642873,512,512,0,0,heldout_patient_fold,aa2d72a2538f26976441e6d52c8c11ca964533e55b3978b8345a70a019d52638,ea81da4d34ee1570c8dd3460a4e44f8f247a0ba0f55b701dbf5093d392e32021,unknown,0,0.0,0.0,[],[],[],0.0,0
270872,eb706499d1c3d53477dea54cb1fec38402488907df08bb3a378dd2567bb9b978,ID_58d2831b2,/home/mahsa-nasehi/Desktop/IAAA/fracture/iaaa-contest-bct/Data/training/270872/ID_58d2831b2.dcm,6,1189.5541758202874,512,512,0,0,heldout_patient_fold,aa2d72a2538f26976441e6d52c8c11ca964533e55b3978b8345a70a019d52638,ea81da4d34ee1570c8dd3460a4e44f8f247a0ba0f55b701dbf5093d392e32021,unknown,0,0.0,0.0,[],[],[],0.0,0
270872,eb706499d1c3d53477dea54cb1fec38402488907df08bb3a378dd2567bb9b978,ID_e34eb3d4a,/home/mahsa-nasehi/Desktop/IAAA/fracture/iaaa-contest-bct/Data/training/270872/ID_e34eb3d4a.dcm,7,1195.1556583762874,512,512,0,0,heldout_patient_fold,aa2d72a2538f26976441e6d52c8c11ca964533e55b3978b8345a70a019d52638,ea81da4d34ee1570c8dd3460a4e44f8f247a0ba0f55b701dbf5093d392e32021,unknown,0,0.0,0.0,[],[],[],0.0,0
270872,eb706499d1c3d53477dea54cb1fec38402488907df08bb3a378dd2567bb9b978,ID_df8fab8fe,/home/mahsa-nasehi/Desktop/IAAA/fracture/iaaa-contest-bct/Data/training/270872/ID_df8fab8fe.dcm,8,1200.7571409322875,512,512,0,0,heldout_patient_fold,aa2d72a2538f26976441e6d52c8c11ca964533e55b3978b8345a70a019d52638,ea81da4d34ee1570c8dd3460a4e44f8f247a0ba0f55b701dbf5093d392e32021,unknown,0,0.0,0.0,[],"[[153.5, 286.0, 189.83334350585938, 322.0], [336.0, 368.66668701171875, 371.3333435058594, 404.66668701171875]]","[0.06903076171875, 0.01306915283203125]",0.06903076171875,2
270872,eb706499d1c3d53477dea54cb1fec38402488907df08bb3a378dd2567bb9b978,ID_34cda966b,/home/mahsa-nasehi/Desktop/IAAA/fracture/iaaa-contest-bct/Data/training/270872/ID_34cda966b.dcm,9,1206.3586234882873,512,512,0,0,heldout_patient_fold,aa2d72a2538f26976441e6d52c8c11ca964533e55b3978b8345a70a019d52638,ea81da4d34ee1570c8dd3460a4e44f8f247a0ba0f55b701dbf5093d392e32021,unknown,0,0.0,0.0,[],"[[180.0, 179.33334350585938, 216.6666717529297, 215.33334350585938], [170.83334350585938, 169.83334350585938, 236.83334350585938, 231.5]]","[0.040679931640625, 0.015777587890625]",0.040679931640625,2
270872,eb706499d1c3d53477dea54cb1fec38402488907df08bb3a378dd2567bb9b978,ID_debf17acd,/home/mahsa-nasehi/Desktop/IAAA/fracture/iaaa-contest-bct/Data/training/270872/ID_debf17acd.dcm,10,1211.9601060442874,512,512,0,0,heldout_patient_fold,aa2d72a2538f26976441e6d52c8c11ca964533e55b3978b8345a70a019d52638,ea81da4d34ee1570c8dd3460a4e44f8f247a0ba0f55b701dbf5093d392e32021,unknown,0,0.0,0.0,[],[],[],0.0,0
270872,eb706499d1c3d53477dea54cb1fec38402488907df08bb3a378dd2567bb9b978,ID_fa5598517,/home/mahsa-nasehi/Desktop/IAAA/fracture/iaaa-contest-bct/Data/training/270872/ID_fa5598517.dcm,11,1217.5615886002875,512,512,0,0,heldout_patient_fold,aa2d72a2538f26976441e6d52c8c11ca964533e55b3978b8345a70a019d52638,ea81da4d34ee1570c8dd3460a4e44f8f247a0ba0f55b701dbf5093d392e32021,unknown,0,0.0,0.0,[],[],[],0.0,0
270872,eb706499d1c3d53477dea54cb1fec38402488907df08bb3a378dd2567bb9b978,ID_4dd019cf8,/home/mahsa-nasehi/Desktop/IAAA/fracture/iaaa-contest-bct/Data/training/270872/ID_4dd019cf8.dcm,12,1223.1630711562873,512,512,0,0,heldout_patient_fold,aa2d72a2538f26976441e6d52c8c11ca964533e55b3978b8345a70a019d52638,ea81da4d34ee1570c8dd3460a4e44f8f247a0ba0f55b701dbf5093d392e32021,unknown,0,0.0,0.0,[],[],[],0.0,0
270872,eb706499d1c3d53477dea54cb1fec38402488907df08bb3a378dd2567bb9b978,ID_f4ddb38e0,/home/mahsa-nasehi/Desktop/IAAA/fracture/iaaa-contest-bct/Data/training/270872/ID_f4ddb38e0.dcm,13,1228.7645537122874,512,512,0,0,heldout_patient_fold,aa2d72a2538f26976441e6d52c8c11ca964533e55b3978b8345a70a019d52638,ea81da4d34ee1570c8dd3460a4e44f8f247a0ba0f55b701dbf5093d392e32021,unknown,0,0.0,0.0,[],[],[],0.0,0
270872,eb706499d1c3d53477dea54cb1fec38402488907df08bb3a378dd2567bb9b978,ID_f26667baf,/home/mahsa-nasehi/Desktop/IAAA/fracture/iaaa-contest-bct/Data/training/270872/ID_f26667baf.dcm,14,1234.3660362682874,512,512,0,0,heldout_patient_fold,aa2d72a2538f26976441e6d52c8c11ca964533e55b3978b8345a70a019d52638,ea81da4d34ee1570c8dd3460a4e44f8f247a0ba0f55b701dbf5093d392e32021,unknown,0,0.0,0.0,[],[],[],0.0,0
270872,eb706499d1c3d53477dea54cb1fec38402488907df08bb3a378dd2567bb9b978,ID_6f29dd73b,/home/mahsa-nasehi/Desktop/IAAA/fracture/iaaa-contest-bct/Data/training/270872/ID_6f29dd73b.dcm,15,1239.9675188242875,512,512,0,0,heldout_patient_fold,aa2d72a2538f26976441e6d52c8c11ca964533e55b3978b8345a70a019d52638,ea81da4d34ee1570c8dd3460a4e44f8f247a0ba0f55b701dbf5093d392e32021,unknown,0,0.0,0.0,[],[],[],0.0,0
270872,eb706499d1c3d53477dea54cb1fec38402488907df08bb3a378dd2567bb9b978,ID_86285561a,/home/mahsa-nasehi/Desktop/IAAA/fracture/iaaa-contest-bct/Data/training/270872/ID_86285561a.dcm,16,1245.5690013802873,512,512,0,0,heldout_patient_fold,aa2d72a2538f26976441e6d52c8c11ca964533e55b3978b8345a70a019d52638,ea81da4d34ee1570c8dd3460a4e44f8f247a0ba0f55b701dbf5093d392e32021,unknown,0,0.0,0.0,[],[],[],0.0,0
270872,eb706499d1c3d53477dea54cb1fec38402488907df08bb3a378dd2567bb9b978,ID_89d9ec60a,/home/mahsa-nasehi/Desktop/IAAA/fracture/iaaa-contest-bct/Data/training/270872/ID_89d9ec60a.dcm,17,1251.1704839362874,512,512,0,0,heldout_patient_fold,aa2d72a2538f26976441e6d52c8c11ca964533e55b3978b8345a70a019d52638,ea81da4d34ee1570c8dd3460a4e44f8f247a0ba0f55b701dbf5093d392e32021,unknown,0,0.0,0.0,[],"[[268.66668701171875, 134.08334350585938, 409.66668701171875, 306.0]]",[0.01116180419921875],0.01116180419921875,1
270872,eb706499d1c3d53477dea54cb1fec38402488907df08bb3a378dd2567bb9b978,ID_0e7773a8a,/home/mahsa-nasehi/Desktop/IAAA/fracture/iaaa-contest-bct/Data/training/270872/ID_0e7773a8a.dcm,18,1256.7719664922874,512,512,0,0,heldout_patient_fold,aa2d72a2538f26976441e6d52c8c11ca964533e55b3978b8345a70a019d52638,ea81da4d34ee1570c8dd3460a4e44f8f247a0ba0f55b701dbf5093d392e32021,unknown,0,0.0,0.0,[],[],[],0.0,0
270872,eb706499d1c3d53477dea54cb1fec38402488907df08bb3a378dd2567bb9b978,ID_804d368d6,/home/mahsa-nasehi/Desktop/IAAA/fracture/iaaa-contest-bct/Data/training/270872/ID_804d368d6.dcm,19,1262.3734490482873,512,512,0,0,heldout_patient_fold,aa2d72a2538f26976441e6d52c8c11ca964533e55b3978b8345a70a019d52638,ea81da4d34ee1570c8dd3460a4e44f8f247a0ba0f55b701dbf5093d392e32021,unknown,0,0.0,0.0,[],[],[],0.0,0
270872,eb706499d1c3d53477dea54cb1fec38402488907df08bb3a378dd2567bb9b978,ID_54e2fc88e,/home/mahsa-nasehi/Desktop/IAAA/fracture/iaaa-contest-bct/Data/training/270872/ID_54e2fc88e.dcm,20,1267.9749316042873,512,512,0,0,heldout_patient_fold,aa2d72a2538f26976441e6d52c8c11ca964533e55b3978b8345a70a019d52638,ea81da4d34ee1570c8dd3460a4e44f8f247a0ba0f55b701dbf5093d392e32021,negative,0,0.0,0.0,[],"[[169.0, 331.3333435058594, 206.0, 367.3333435058594]]",[0.0269622802734375],0.0269622802734375,1
270872,eb706499d1c3d53477dea54cb1fec38402488907df08bb3a378dd2567bb9b978,ID_85fa78881,/home/mahsa-nasehi/Desktop/IAAA/fracture/iaaa-contest-bct/Data/training/270872/ID_85fa78881.dcm,21,1273.5764141602874,512,512,0,0,heldout_patient_fold,aa2d72a2538f26976441e6d52c8c11ca964533e55b3978b8345a70a019d52638,ea81da4d34ee1570c8dd3460a4e44f8f247a0ba0f55b701dbf5093d392e32021,negative,0,0.0,0.0,[],"[[174.6666717529297, 331.3333435058594, 211.33334350585938, 367.3333435058594]]",[0.0232391357421875],0.0232391357421875,1
270872,eb706499d1c3d53477dea54cb1fec38402488907df08bb3a378dd2567bb9b978,ID_48bfd5e49,/home/mahsa-nasehi/Desktop/IAAA/fracture/iaaa-contest-bct/Data/training/270872/ID_48bfd5e49.dcm,22,1279.1778967162875,512,512,0,0,heldout_patient_fold,aa2d72a2538f26976441e6d52c8c11ca964533e55b3978b8345a70a019d52638,ea81da4d34ee1570c8dd3460a4e44f8f247a0ba0f55b701dbf5093d392e32021,negative,0,0.0,0.0,[],"[[334.66668701171875, 344.66668701171875, 371.3333435058594, 380.66668701171875]]",[0.011962890625],0.011962890625,1
270872,eb706499d1c3d53477dea54cb1fec38402488907df08bb3a378dd2567bb9b978,ID_5a9e3f755,/home/mahsa-nasehi/Desktop/IAAA/fracture/iaaa-contest-bct/Data/training/270872/ID_5a9e3f755.dcm,23,1284.7793792722873,512,512,0,0,heldout_patient_fold,aa2d72a2538f26976441e6d52c8c11ca964533e55b3978b8345a70a019d52638,ea81da4d34ee1570c8dd3460a4e44f8f247a0ba0f55b701dbf5093d392e32021,negative,0,0.0,0.0,[],[],[],0.0,0
270872,eb706499d1c3d53477dea54cb1fec38402488907df08bb3a378dd2567bb9b978,ID_28be643dc,/home/mahsa-nasehi/Desktop/IAAA/fracture/iaaa-contest-bct/Data/training/270872/ID_28be643dc.dcm,24,1290.3808618282874,512,512,0,0,heldout_patient_fold,aa2d72a2538f26976441e6d52c8c11ca964533e55b3978b8345a70a019d52638,ea81da4d34ee1570c8dd3460a4e44f8f247a0ba0f55b701dbf5093d392e32021,negative,0,0.0,0.0,[],[],[],0.0,0
270872,eb706499d1c3d53477dea54cb1fec38402488907df08bb3a378dd2567bb9b978,ID_70faf4335,/home/mahsa-nasehi/Desktop/IAAA/fracture/iaaa-contest-bct/Data/training/270872/ID_70faf4335.dcm,25,1295.9823443842874,512,512,0,0,heldout_patient_fold,aa2d72a2538f26976441e6d52c8c11ca964533e55b3978b8345a70a019d52638,ea81da4d34ee1570c8dd3460a4e44f8f247a0ba0f55b701dbf5093d392e32021,negative,0,0.0,0.0,[],"[[278.0, 328.5, 346.66668701171875, 391.3333435058594]]",[0.236572265625],0.236572265625,1
270872,eb706499d1c3d53477dea54cb1fec38402488907df08bb3a378dd2567bb9b978,ID_2affce650,/home/mahsa-nasehi/Desktop/IAAA/fracture/iaaa-contest-bct/Data/training/270872/ID_2affce650.dcm,26,1301.5838269402873,512,512,0,0,heldout_patient_fold,aa2d72a2538f26976441e6d52c8c11ca964533e55b3978b8345a70a019d52638,ea81da4d34ee1570c8dd3460a4e44f8f247a0ba0f55b701dbf5093d392e32021,negative,0,0.0,0.0,[],[],[],0.0,0
270872,eb706499d1c3d53477dea54cb1fec38402488907df08bb3a378dd2567bb9b978,ID_5ca1a74c8,/home/mahsa-nasehi/Desktop/IAAA/fracture/iaaa-contest-bct/Data/training/270872/ID_5ca1a74c8.dcm,27,1307.1853094962873,512,512,0,0,heldout_patient_fold,aa2d72a2538f26976441e6d52c8c11ca964533e55b3978b8345a70a019d52638,ea81da4d34ee1570c8dd3460a4e44f8f247a0ba0f55b701dbf5093d392e32021,negative,0,0.0,0.0,[],[],[],0.0,0
270907,a1b1df8f806e517e6a5f84bdc125d3300921faecd75f297699f8989a3edfb4d6,ID_ae889b067,/home/mahsa-nasehi/Desktop/IAAA/fracture/iaaa-contest-bct/Data/training/270907/ID_ae889b067.dcm,0,24.786342945000005,512,512,0,0,heldout_patient_fold,aa2d72a2538f26976441e6d52c8c11ca964533e55b3978b8345a70a019d52638,ea81da4d34ee1570c8dd3460a4e44f8f247a0ba0f55b701dbf5093d392e32021,negative,0,0.0,0.0,[],[],[],0.0,0
270907,a1b1df8f806e517e6a5f84bdc125d3300921faecd75f297699f8989a3edfb4d6,ID_2aaa9c2e4,/home/mahsa-nasehi/Desktop/IAAA/fracture/iaaa-contest-bct/Data/training/270907/ID_2aaa9c2e4.dcm,1,29.786750883000007,512,512,0,0,heldout_patient_fold,aa2d72a2538f26976441e6d52c8c11ca964533e55b3978b8345a70a019d52638,ea81da4d34ee1570c8dd3460a4e44f8f247a0ba0f55b701dbf5093d392e32021,negative,0,0.0,0.0,[],"[[195.83334350585938, 195.33334350585938, 328.5, 358.66668701171875]]",[0.038330078125],0.038330078125,1
270907,a1b1df8f806e517e6a5f84bdc125d3300921faecd75f297699f8989a3edfb4d6,ID_13cb77dc9,/home/mahsa-nasehi/Desktop/IAAA/fracture/iaaa-contest-bct/Data/training/270907/ID_13cb77dc9.dcm,2,32.285973225000006,512,512,0,0,heldout_patient_fold,aa2d72a2538f26976441e6d52c8c11ca964533e55b3978b8345a70a019d52638,ea81da4d34ee1570c8dd3460a4e44f8f247a0ba0f55b701dbf5093d392e32021,negative,0,0.0,0.0,[],"[[216.33334350585938, 175.33334350585938, 352.0, 338.0], [183.6666717529297, 141.6666717529297, 317.66668701171875, 304.3333435058594], [165.1666717529297, 13.666666984558105, 298.16668701171875, 176.5]]","[0.044189453125, 0.0235137939453125, 0.0103302001953125]",0.044189453125,3
270907,a1b1df8f806e517e6a5f84bdc125d3300921faecd75f297699f8989a3edfb4d6,ID_627b095e3,/home/mahsa-nasehi/Desktop/IAAA/fracture/iaaa-contest-bct/Data/training/270907/ID_627b095e3.dcm,3,34.786177194000004,512,512,0,0,heldout_patient_fold,aa2d72a2538f26976441e6d52c8c11ca964533e55b3978b8345a70a019d52638,ea81da4d34ee1570c8dd3460a4e44f8f247a0ba0f55b701dbf5093d392e32021,negative,0,0.0,0.0,[],[],[],0.0,0
270907,a1b1df8f806e517e6a5f84bdc125d3300921faecd75f297699f8989a3edfb4d6,ID_a4e964aae,/home/mahsa-nasehi/Desktop/IAAA/fracture/iaaa-contest-bct/Data/training/270907/ID_a4e964aae.dcm,4,36.32046019500001,512,512,0,0,heldout_patient_fold,aa2d72a2538f26976441e6d52c8c11ca964533e55b3978b8345a70a019d52638,ea81da4d34ee1570c8dd3460a4e44f8f247a0ba0f55b701dbf5093d392e32021,negative,0,0.0,0.0,[],"[[217.0, 172.33334350585938, 352.66668701171875, 337.66668701171875], [131.58334350585938, 163.33334350585938, 264.3333435058594, 323.3333435058594], [0.0, 140.33334350585938, 352.0, 358.0]]","[0.0208892822265625, 0.018402099609375, 0.01363372802734375]",0.0208892822265625,3
270907,a1b1df8f806e517e6a5f84bdc125d3300921faecd75f297699f8989a3edfb4d6,ID_aaa8bb8f2,/home/mahsa-nasehi/Desktop/IAAA/fracture/iaaa-contest-bct/Data/training/270907/ID_aaa8bb8f2.dcm,5,37.28638116300001,512,512,0,0,heldout_patient_fold,aa2d72a2538f26976441e6d52c8c11ca964533e55b3978b8345a70a019d52638,ea81da4d34ee1570c8dd3460a4e44f8f247a0ba0f55b701dbf5093d392e32021,negative,0,0.0,0.0,[],"[[195.83334350585938, 153.33334350585938, 330.5, 316.66668701171875], [132.0, 195.0, 266.0, 355.3333435058594], [260.3333435058594, 225.6666717529297, 393.66668701171875, 389.0]]","[0.1514892578125, 0.0391845703125, 0.01267242431640625]",0.1514892578125,3
270907,a1b1df8f806e517e6a5f84bdc125d3300921faecd75f297699f8989a3edfb4d6,ID_573271845,/home/mahsa-nasehi/Desktop/IAAA/fracture/iaaa-contest-bct/Data/training/270907/ID_573271845.dcm,6,39.786585132000006,512,512,0,0,heldout_patient_fold,aa2d72a2538f26976441e6d52c8c11ca964533e55b3978b8345a70a019d52638,ea81da4d34ee1570c8dd3460a4e44f8f247a0ba0f55b701dbf5093d392e32021,negative,0,0.0,0.0,[],[],[],0.0,0
270907,a1b1df8f806e517e6a5f84bdc125d3300921faecd75f297699f8989a3edfb4d6,ID_505ff330f,/home/mahsa-nasehi/Desktop/IAAA/fracture/iaaa-contest-bct/Data/training/270907/ID_505ff330f.dcm,7,41.320868133000005,512,512,0,0,heldout_patient_fold,aa2d72a2538f26976441e6d52c8c11ca964533e55b3978b8345a70a019d52638,ea81da4d34ee1570c8dd3460a4e44f8f247a0ba0f55b701dbf5093d392e32021,negative,0,0.0,0.0,[],[],[],0.0,0
270907,a1b1df8f806e517e6a5f84bdc125d3300921faecd75f297699f8989a3edfb4d6,ID_47d061d07,/home/mahsa-nasehi/Desktop/IAAA/fracture/iaaa-contest-bct/Data/training/270907/ID_47d061d07.dcm,8,42.28580747400001,512,512,0,0,heldout_patient_fold,aa2d72a2538f26976441e6d52c8c11ca964533e55b3978b8345a70a019d52638,ea81da4d34ee1570c8dd3460a4e44f8f247a0ba0f55b701dbf5093d392e32021,negative,0,0.0,0.0,[],"[[89.83333587646484, 192.6666717529297, 158.0, 259.3333435058594]]",[0.026458740234375],0.026458740234375,1
270907,a1b1df8f806e517e6a5f84bdc125d3300921faecd75f297699f8989a3edfb4d6,ID_43b28b129,/home/mahsa-nasehi/Desktop/IAAA/fracture/iaaa-contest-bct/Data/training/270907/ID_43b28b129.dcm,9,44.78601144300001,512,512,0,0,heldout_patient_fold,aa2d72a2538f26976441e6d52c8c11ca964533e55b3978b8345a70a019d52638,ea81da4d34ee1570c8dd3460a4e44f8f247a0ba0f55b701dbf5093d392e32021,negative,0,0.0,0.0,[],"[[142.6666717529297, 195.0, 277.0, 356.3333435058594], [217.6666717529297, 206.0, 352.3333435058594, 367.66668701171875], [37.0, 161.25, 173.5, 326.66668701171875]]","[0.0210418701171875, 0.01306915283203125, 0.0116424560546875]",0.0210418701171875,3
270907,a1b1df8f806e517e6a5f84bdc125d3300921faecd75f297699f8989a3edfb4d6,ID_cc46b9236,/home/mahsa-nasehi/Desktop/IAAA/fracture/iaaa-contest-bct/Data/training/270907/ID_cc46b9236.dcm,10,46.32029444400001,512,512,0,0,heldout_patient_fold,aa2d72a2538f26976441e6d52c8c11ca964533e55b3978b8345a70a019d52638,ea81da4d34ee1570c8dd3460a4e44f8f247a0ba0f55b701dbf5093d392e32021,negative,0,0.0,0.0,[],[],[],0.0,0
270907,a1b1df8f806e517e6a5f84bdc125d3300921faecd75f297699f8989a3edfb4d6,ID_683703f4f,/home/mahsa-nasehi/Desktop/IAAA/fracture/iaaa-contest-bct/Data/training/270907/ID_683703f4f.dcm,11,47.286215412000004,512,512,0,0,heldout_patient_fold,aa2d72a2538f26976441e6d52c8c11ca964533e55b3978b8345a70a019d52638,ea81da4d34ee1570c8dd3460a4e44f8f247a0ba0f55b701dbf5093d392e32021,negative,0,0.0,0.0,[],[],[],0.0,0
270907,a1b1df8f806e517e6a5f84bdc125d3300921faecd75f297699f8989a3edfb4d6,ID_86dfd31d8,/home/mahsa-nasehi/Desktop/IAAA/fracture/iaaa-contest-bct/Data/training/270907/ID_86dfd31d8.dcm,12,49.786419381,512,512,0,0,heldout_patient_fold,aa2d72a2538f26976441e6d52c8c11ca964533e55b3978b8345a70a019d52638,ea81da4d34ee1570c8dd3460a4e44f8f247a0ba0f55b701dbf5093d392e32021,negative,0,0.0,0.0,[],[],[],0.0,0
270907,a1b1df8f806e517e6a5f84bdc125d3300921faecd75f297699f8989a3edfb4d6,ID_03474e46a,/home/mahsa-nasehi/Desktop/IAAA/fracture/iaaa-contest-bct/Data/training/270907/ID_03474e46a.dcm,13,51.32070238200001,512,512,0,0,heldout_patient_fold,aa2d72a2538f26976441e6d52c8c11ca964533e55b3978b8345a70a019d52638,ea81da4d34ee1570c8dd3460a4e44f8f247a0ba0f55b701dbf5093d392e32021,negative,0,0.0,0.0,[],[],[],0.0,0
270907,a1b1df8f806e517e6a5f84bdc125d3300921faecd75f297699f8989a3edfb4d6,ID_5eac6302a,/home/mahsa-nasehi/Desktop/IAAA/fracture/iaaa-contest-bct/Data/training/270907/ID_5eac6302a.dcm,14,52.285641723000005,512,512,0,0,heldout_patient_fold,aa2d72a2538f26976441e6d52c8c11ca964533e55b3978b8345a70a019d52638,ea81da4d34ee1570c8dd3460a4e44f8f247a0ba0f55b701dbf5093d392e32021,negative,0,0.0,0.0,[],"[[140.33334350585938, 258.16668701171875, 174.0, 297.5]]",[0.01016998291015625],0.01016998291015625,1
270907,a1b1df8f806e517e6a5f84bdc125d3300921faecd75f297699f8989a3edfb4d6,ID_77088dfac,/home/mahsa-nasehi/Desktop/IAAA/fracture/iaaa-contest-bct/Data/training/270907/ID_77088dfac.dcm,15,54.785845692,512,512,0,0,heldout_patient_fold,aa2d72a2538f26976441e6d52c8c11ca964533e55b3978b8345a70a019d52638,ea81da4d34ee1570c8dd3460a4e44f8f247a0ba0f55b701dbf5093d392e32021,negative,0,0.0,0.0,[],[],[],0.0,0
270907,a1b1df8f806e517e6a5f84bdc125d3300921faecd75f297699f8989a3edfb4d6,ID_41297910e,/home/mahsa-nasehi/Desktop/IAAA/fracture/iaaa-contest-bct/Data/training/270907/ID_41297910e.dcm,16,57.286049661,512,512,0,0,heldout_patient_fold,aa2d72a2538f26976441e6d52c8c11ca964533e55b3978b8345a70a019d52638,ea81da4d34ee1570c8dd3460a4e44f8f247a0ba0f55b701dbf5093d392e32021,negative,0,0.0,0.0,[],[],[],0.0,0
270907,a1b1df8f806e517e6a5f84bdc125d3300921faecd75f297699f8989a3edfb4d6,ID_a8f8844e3,/home/mahsa-nasehi/Desktop/IAAA/fracture/iaaa-contest-bct/Data/training/270907/ID_a8f8844e3.dcm,17,59.78625363,512,512,0,0,heldout_patient_fold,aa2d72a2538f26976441e6d52c8c11ca964533e55b3978b8345a70a019d52638,ea81da4d34ee1570c8dd3460a4e44f8f247a0ba0f55b701dbf5093d392e32021,negative,0,0.0,0.0,[],[],[],0.0,0
270907,a1b1df8f806e517e6a5f84bdc125d3300921faecd75f297699f8989a3edfb4d6,ID_57ac470ff,/home/mahsa-nasehi/Desktop/IAAA/fracture/iaaa-contest-bct/Data/training/270907/ID_57ac470ff.dcm,18,62.28547597200001,512,512,0,0,heldout_patient_fold,aa2d72a2538f26976441e6d52c8c11ca964533e55b3978b8345a70a019d52638,ea81da4d34ee1570c8dd3460a4e44f8f247a0ba0f55b701dbf5093d392e32021,negative,0,0.0,0.0,[],"[[367.66668701171875, 336.8333435058594, 403.0, 372.66668701171875]]",[0.018768310546875],0.018768310546875,1
270907,a1b1df8f806e517e6a5f84bdc125d3300921faecd75f297699f8989a3edfb4d6,ID_61e283e01,/home/mahsa-nasehi/Desktop/IAAA/fracture/iaaa-contest-bct/Data/training/270907/ID_61e283e01.dcm,19,64.78764319500002,512,512,0,0,heldout_patient_fold,aa2d72a2538f26976441e6d52c8c11ca964533e55b3978b8345a70a019d52638,ea81da4d34ee1570c8dd3460a4e44f8f247a0ba0f55b701dbf5093d392e32021,negative,0,0.0,0.0,[],[],[],0.0,0
270907,a1b1df8f806e517e6a5f84bdc125d3300921faecd75f297699f8989a3edfb4d6,ID_516e59627,/home/mahsa-nasehi/Desktop/IAAA/fracture/iaaa-contest-bct/Data/training/270907/ID_516e59627.dcm,20,69.69577819500002,512,512,0,0,heldout_patient_fold,aa2d72a2538f26976441e6d52c8c11ca964533e55b3978b8345a70a019d52638,ea81da4d34ee1570c8dd3460a4e44f8f247a0ba0f55b701dbf5093d392e32021,negative,0,0.0,0.0,[],[],[],0.0,0
270907,a1b1df8f806e517e6a5f84bdc125d3300921faecd75f297699f8989a3edfb4d6,ID_c0e998293,/home/mahsa-nasehi/Desktop/IAAA/fracture/iaaa-contest-bct/Data/training/270907/ID_c0e998293.dcm,21,69.78805113300001,512,512,0,0,heldout_patient_fold,aa2d72a2538f26976441e6d52c8c11ca964533e55b3978b8345a70a019d52638,ea81da4d34ee1570c8dd3460a4e44f8f247a0ba0f55b701dbf5093d392e32021,negative,0,0.0,0.0,[],"[[367.3333435058594, 288.5, 403.3333435058594, 325.16668701171875], [351.0, 368.66668701171875, 387.66668701171875, 406.0]]","[0.0391845703125, 0.01433563232421875]",0.0391845703125,2
270907,a1b1df8f806e517e6a5f84bdc125d3300921faecd75f297699f8989a3edfb4d6,ID_44bd09e91,/home/mahsa-nasehi/Desktop/IAAA/fracture/iaaa-contest-bct/Data/training/270907/ID_44bd09e91.dcm,22,74.69618613300001,512,512,0,0,heldout_patient_fold,aa2d72a2538f26976441e6d52c8c11ca964533e55b3978b8345a70a019d52638,ea81da4d34ee1570c8dd3460a4e44f8f247a0ba0f55b701dbf5093d392e32021,negative,0,0.0,0.0,[],"[[86.0, 306.66668701171875, 123.33333587646484, 343.3333435058594], [103.16667175292969, 354.3333435058594, 140.1666717529297, 392.3333435058594]]","[0.0108184814453125, 0.01056671142578125]",0.0108184814453125,2
270907,a1b1df8f806e517e6a5f84bdc125d3300921faecd75f297699f8989a3edfb4d6,ID_b038891e9,/home/mahsa-nasehi/Desktop/IAAA/fracture/iaaa-contest-bct/Data/training/270907/ID_b038891e9.dcm,23,74.787477444,512,512,0,0,heldout_patient_fold,aa2d72a2538f26976441e6d52c8c11ca964533e55b3978b8345a70a019d52638,ea81da4d34ee1570c8dd3460a4e44f8f247a0ba0f55b701dbf5093d392e32021,negative,0,0.0,0.0,[],[],[],0.0,0
270907,a1b1df8f806e517e6a5f84bdc125d3300921faecd75f297699f8989a3edfb4d6,ID_c12cd8db3,/home/mahsa-nasehi/Desktop/IAAA/fracture/iaaa-contest-bct/Data/training/270907/ID_c12cd8db3.dcm,24,79.695612444,512,512,0,0,heldout_patient_fold,aa2d72a2538f26976441e6d52c8c11ca964533e55b3978b8345a70a019d52638,ea81da4d34ee1570c8dd3460a4e44f8f247a0ba0f55b701dbf5093d392e32021,negative,0,0.0,0.0,[],[],[],0.0,0
270907,a1b1df8f806e517e6a5f84bdc125d3300921faecd75f297699f8989a3edfb4d6,ID_22327932d,/home/mahsa-nasehi/Desktop/IAAA/fracture/iaaa-contest-bct/Data/training/270907/ID_22327932d.dcm,25,79.787885382,512,512,0,0,heldout_patient_fold,aa2d72a2538f26976441e6d52c8c11ca964533e55b3978b8345a70a019d52638,ea81da4d34ee1570c8dd3460a4e44f8f247a0ba0f55b701dbf5093d392e32021,negative,0,0.0,0.0,[],[],[],0.0,0
270907,a1b1df8f806e517e6a5f84bdc125d3300921faecd75f297699f8989a3edfb4d6,ID_5cfb6acd2,/home/mahsa-nasehi/Desktop/IAAA/fracture/iaaa-contest-bct/Data/training/270907/ID_5cfb6acd2.dcm,26,84.696020382,512,512,0,0,heldout_patient_fold,aa2d72a2538f26976441e6d52c8c11ca964533e55b3978b8345a70a019d52638,ea81da4d34ee1570c8dd3460a4e44f8f247a0ba0f55b701dbf5093d392e32021,negative,0,0.0,0.0,[],[],[],0.0,0
270907,a1b1df8f806e517e6a5f84bdc125d3300921faecd75f297699f8989a3edfb4d6,ID_24d160968,/home/mahsa-nasehi/Desktop/IAAA/fracture/iaaa-contest-bct/Data/training/270907/ID_24d160968.dcm,27,84.787311693,512,512,0,0,heldout_patient_fold,aa2d72a2538f26976441e6d52c8c11ca964533e55b3978b8345a70a019d52638,ea81da4d34ee1570c8dd3460a4e44f8f247a0ba0f55b701dbf5093d392e32021,negative,0,0.0,0.0,[],"[[102.66667175292969, 158.25, 139.6666717529297, 194.33334350585938]]",[0.015960693359375],0.015960693359375,1
270907,a1b1df8f806e517e6a5f84bdc125d3300921faecd75f297699f8989a3edfb4d6,ID_f493b8a21,/home/mahsa-nasehi/Desktop/IAAA/fracture/iaaa-contest-bct/Data/training/270907/ID_f493b8a21.dcm,28,89.69544669300001,512,512,0,0,heldout_patient_fold,aa2d72a2538f26976441e6d52c8c11ca964533e55b3978b8345a70a019d52638,ea81da4d34ee1570c8dd3460a4e44f8f247a0ba0f55b701dbf5093d392e32021,negative,0,0.0,0.0,[],[],[],0.0,0
270907,a1b1df8f806e517e6a5f84bdc125d3300921faecd75f297699f8989a3edfb4d6,ID_af89314b0,/home/mahsa-nasehi/Desktop/IAAA/fracture/iaaa-contest-bct/Data/training/270907/ID_af89314b0.dcm,29,89.787719631,512,512,0,0,heldout_patient_fold,aa2d72a2538f26976441e6d52c8c11ca964533e55b3978b8345a70a019d52638,ea81da4d34ee1570c8dd3460a4e44f8f247a0ba0f55b701dbf5093d392e32021,negative,0,0.0,0.0,[],[],[],0.0,0
270907,a1b1df8f806e517e6a5f84bdc125d3300921faecd75f297699f8989a3edfb4d6,ID_be3da8573,/home/mahsa-nasehi/Desktop/IAAA/fracture/iaaa-contest-bct/Data/training/270907/ID_be3da8573.dcm,30,94.695854631,512,512,0,0,heldout_patient_fold,aa2d72a2538f26976441e6d52c8c11ca964533e55b3978b8345a70a019d52638,ea81da4d34ee1570c8dd3460a4e44f8f247a0ba0f55b701dbf5093d392e32021,negative,0,0.0,0.0,[],"[[77.83333587646484, 38.66666793823242, 218.6666717529297, 210.6666717529297]]",[0.01085662841796875],0.01085662841796875,1
270907,a1b1df8f806e517e6a5f84bdc125d3300921faecd75f297699f8989a3edfb4d6,ID_e4125d3ee,/home/mahsa-nasehi/Desktop/IAAA/fracture/iaaa-contest-bct/Data/training/270907/ID_e4125d3ee.dcm,31,94.78714594200001,512,512,0,0,heldout_patient_fold,aa2d72a2538f26976441e6d52c8c11ca964533e55b3978b8345a70a019d52638,ea81da4d34ee1570c8dd3460a4e44f8f247a0ba0f55b701dbf5093d392e32021,negative,0,0.0,0.0,[],[],[],0.0,0
270907,a1b1df8f806e517e6a5f84bdc125d3300921faecd75f297699f8989a3edfb4d6,ID_ae1c44763,/home/mahsa-nasehi/Desktop/IAAA/fracture/iaaa-contest-bct/Data/training/270907/ID_ae1c44763.dcm,32,99.69528094200002,512,512,0,0,heldout_patient_fold,aa2d72a2538f26976441e6d52c8c11ca964533e55b3978b8345a70a019d52638,ea81da4d34ee1570c8dd3460a4e44f8f247a0ba0f55b701dbf5093d392e32021,negative,0,0.0,0.0,[],[],[],0.0,0
270907,a1b1df8f806e517e6a5f84bdc125d3300921faecd75f297699f8989a3edfb4d6,ID_0bb5dcbc5,/home/mahsa-nasehi/Desktop/IAAA/fracture/iaaa-contest-bct/Data/training/270907/ID_0bb5dcbc5.dcm,33,99.78755388000002,512,512,0,0,heldout_patient_fold,aa2d72a2538f26976441e6d52c8c11ca964533e55b3978b8345a70a019d52638,ea81da4d34ee1570c8dd3460a4e44f8f247a0ba0f55b701dbf5093d392e32021,negative,0,0.0,0.0,[],"[[87.0, 142.6666717529297, 152.83334350585938, 205.0]]",[0.0104522705078125],0.0104522705078125,1
270907,a1b1df8f806e517e6a5f84bdc125d3300921faecd75f297699f8989a3edfb4d6,ID_2dac9ccbf,/home/mahsa-nasehi/Desktop/IAAA/fracture/iaaa-contest-bct/Data/training/270907/ID_2dac9ccbf.dcm,34,104.69568888000002,512,512,0,0,heldout_patient_fold,aa2d72a2538f26976441e6d52c8c11ca964533e55b3978b8345a70a019d52638,ea81da4d34ee1570c8dd3460a4e44f8f247a0ba0f55b701dbf5093d392e32021,negative,0,0.0,0.0,[],"[[101.5, 157.83334350585938, 137.1666717529297, 194.83334350585938]]",[0.0118255615234375],0.0118255615234375,1
270907,a1b1df8f806e517e6a5f84bdc125d3300921faecd75f297699f8989a3edfb4d6,ID_1359965dc,/home/mahsa-nasehi/Desktop/IAAA/fracture/iaaa-contest-bct/Data/training/270907/ID_1359965dc.dcm,35,104.786980191,512,512,0,0,heldout_patient_fold,aa2d72a2538f26976441e6d52c8c11ca964533e55b3978b8345a70a019d52638,ea81da4d34ee1570c8dd3460a4e44f8f247a0ba0f55b701dbf5093d392e32021,negative,0,0.0,0.0,[],[],[],0.0,0
270907,a1b1df8f806e517e6a5f84bdc125d3300921faecd75f297699f8989a3edfb4d6,ID_187af7379,/home/mahsa-nasehi/Desktop/IAAA/fracture/iaaa-contest-bct/Data/training/270907/ID_187af7379.dcm,36,109.78738812899999,512,512,0,0,heldout_patient_fold,aa2d72a2538f26976441e6d52c8c11ca964533e55b3978b8345a70a019d52638,ea81da4d34ee1570c8dd3460a4e44f8f247a0ba0f55b701dbf5093d392e32021,negative,0,0.0,0.0,[],[],[],0.0,0
270907,a1b1df8f806e517e6a5f84bdc125d3300921faecd75f297699f8989a3edfb4d6,ID_91d86c58b,/home/mahsa-nasehi/Desktop/IAAA/fracture/iaaa-contest-bct/Data/training/270907/ID_91d86c58b.dcm,37,114.78681444000001,512,512,0,0,heldout_patient_fold,aa2d72a2538f26976441e6d52c8c11ca964533e55b3978b8345a70a019d52638,ea81da4d34ee1570c8dd3460a4e44f8f247a0ba0f55b701dbf5093d392e32021,negative,0,0.0,0.0,[],[],[],0.0,0
270907,a1b1df8f806e517e6a5f84bdc125d3300921faecd75f297699f8989a3edfb4d6,ID_47ecb7d1d,/home/mahsa-nasehi/Desktop/IAAA/fracture/iaaa-contest-bct/Data/training/270907/ID_47ecb7d1d.dcm,38,119.78722237800001,512,512,0,0,heldout_patient_fold,aa2d72a2538f26976441e6d52c8c11ca964533e55b3978b8345a70a019d52638,ea81da4d34ee1570c8dd3460a4e44f8f247a0ba0f55b701dbf5093d392e32021,negative,0,0.0,0.0,[],[],[],0.0,0
270907,a1b1df8f806e517e6a5f84bdc125d3300921faecd75f297699f8989a3edfb4d6,ID_d1ec7df3e,/home/mahsa-nasehi/Desktop/IAAA/fracture/iaaa-contest-bct/Data/training/270907/ID_d1ec7df3e.dcm,39,124.786648689,512,512,0,0,heldout_patient_fold,aa2d72a2538f26976441e6d52c8c11ca964533e55b3978b8345a70a019d52638,ea81da4d34ee1570c8dd3460a4e44f8f247a0ba0f55b701dbf5093d392e32021,negative,0,0.0,0.0,[],[],[],0.0,0
270907,a1b1df8f806e517e6a5f84bdc125d3300921faecd75f297699f8989a3edfb4d6,ID_2ab02a32d,/home/mahsa-nasehi/Desktop/IAAA/fracture/iaaa-contest-bct/Data/training/270907/ID_2ab02a32d.dcm,40,129.787056627,512,512,0,0,heldout_patient_fold,aa2d72a2538f26976441e6d52c8c11ca964533e55b3978b8345a70a019d52638,ea81da4d34ee1570c8dd3460a4e44f8f247a0ba0f55b701dbf5093d392e32021,negative,0,0.0,0.0,[],[],[],0.0,0
270907,a1b1df8f806e517e6a5f84bdc125d3300921faecd75f297699f8989a3edfb4d6,ID_dc3ddae78,/home/mahsa-nasehi/Desktop/IAAA/fracture/iaaa-contest-bct/Data/training/270907/ID_dc3ddae78.dcm,41,134.786482938,512,512,0,0,heldout_patient_fold,aa2d72a2538f26976441e6d52c8c11ca964533e55b3978b8345a70a019d52638,ea81da4d34ee1570c8dd3460a4e44f8f247a0ba0f55b701dbf5093d392e32021,negative,0,0.0,0.0,[],"[[122.83333587646484, 161.83334350585938, 190.0, 226.5]]",[0.01056671142578125],0.01056671142578125,1
270907,a1b1df8f806e517e6a5f84bdc125d3300921faecd75f297699f8989a3edfb4d6,ID_80bf9f0cb,/home/mahsa-nasehi/Desktop/IAAA/fracture/iaaa-contest-bct/Data/training/270907/ID_80bf9f0cb.dcm,42,139.786890876,512,512,0,0,heldout_patient_fold,aa2d72a2538f26976441e6d52c8c11ca964533e55b3978b8345a70a019d52638,ea81da4d34ee1570c8dd3460a4e44f8f247a0ba0f55b701dbf5093d392e32021,negative,0,0.0,0.0,[],"[[341.16668701171875, 253.0, 408.0, 317.66668701171875], [352.66668701171875, 257.66668701171875, 390.0, 296.0], [304.3333435058594, 174.6666717529297, 370.66668701171875, 236.6666717529297]]","[0.054412841796875, 0.0139007568359375, 0.010986328125]",0.054412841796875,3
270907,a1b1df8f806e517e6a5f84bdc125d3300921faecd75f297699f8989a3edfb4d6,ID_ce01c575e,/home/mahsa-nasehi/Desktop/IAAA/fracture/iaaa-contest-bct/Data/training/270907/ID_ce01c575e.dcm,43,144.786317187,512,512,0,0,heldout_patient_fold,aa2d72a2538f26976441e6d52c8c11ca964533e55b3978b8345a70a019d52638,ea81da4d34ee1570c8dd3460a4e44f8f247a0ba0f55b701dbf5093d392e32021,negative,0,0.0,0.0,[],"[[293.0, 186.5, 360.66668701171875, 247.83334350585938], [308.3333435058594, 200.5, 344.66668701171875, 237.1666717529297], [331.0, 245.0, 397.0, 306.0]]","[0.021697998046875, 0.0135345458984375, 0.0112457275390625]",0.021697998046875,3
270907,a1b1df8f806e517e6a5f84bdc125d3300921faecd75f297699f8989a3edfb4d6,ID_833b5799d,/home/mahsa-nasehi/Desktop/IAAA/fracture/iaaa-contest-bct/Data/training/270907/ID_833b5799d.dcm,44,149.78672512500003,512,512,0,0,heldout_patient_fold,aa2d72a2538f26976441e6d52c8c11ca964533e55b3978b8345a70a019d52638,ea81da4d34ee1570c8dd3460a4e44f8f247a0ba0f55b701dbf5093d392e32021,negative,0,0.0,0.0,[],[],[],0.0,0
270907,a1b1df8f806e517e6a5f84bdc125d3300921faecd75f297699f8989a3edfb4d6,ID_27f0bdfc7,/home/mahsa-nasehi/Desktop/IAAA/fracture/iaaa-contest-bct/Data/training/270907/ID_27f0bdfc7.dcm,45,154.786151436,512,512,0,0,heldout_patient_fold,aa2d72a2538f26976441e6d52c8c11ca964533e55b3978b8345a70a019d52638,ea81da4d34ee1570c8dd3460a4e44f8f247a0ba0f55b701dbf5093d392e32021,negative,0,0.0,0.0,[],[],[],0.0,0
270907,a1b1df8f806e517e6a5f84bdc125d3300921faecd75f297699f8989a3edfb4d6,ID_41a5f6717,/home/mahsa-nasehi/Desktop/IAAA/fracture/iaaa-contest-bct/Data/training/270907/ID_41a5f6717.dcm,46,159.786559374,512,512,0,0,heldout_patient_fold,aa2d72a2538f26976441e6d52c8c11ca964533e55b3978b8345a70a019d52638,ea81da4d34ee1570c8dd3460a4e44f8f247a0ba0f55b701dbf5093d392e32021,negative,0,0.0,0.0,[],"[[275.66668701171875, 235.6666717529297, 313.0, 271.0], [261.66668701171875, 222.33334350585938, 328.3333435058594, 284.3333435058594]]","[0.01337432861328125, 0.01129150390625]",0.01337432861328125,2
270907,a1b1df8f806e517e6a5f84bdc125d3300921faecd75f297699f8989a3edfb4d6,ID_007e5cc1f,/home/mahsa-nasehi/Desktop/IAAA/fracture/iaaa-contest-bct/Data/training/270907/ID_007e5cc1f.dcm,47,164.785985685,512,512,0,0,heldout_patient_fold,aa2d72a2538f26976441e6d52c8c11ca964533e55b3978b8345a70a019d52638,ea81da4d34ee1570c8dd3460a4e44f8f247a0ba0f55b701dbf5093d392e32021,negative,0,0.0,0.0,[],[],[],0.0,0
270907,a1b1df8f806e517e6a5f84bdc125d3300921faecd75f297699f8989a3edfb4d6,ID_70c8a7bfa,/home/mahsa-nasehi/Desktop/IAAA/fracture/iaaa-contest-bct/Data/training/270907/ID_70c8a7bfa.dcm,48,169.786393623,512,512,0,0,heldout_patient_fold,aa2d72a2538f26976441e6d52c8c11ca964533e55b3978b8345a70a019d52638,ea81da4d34ee1570c8dd3460a4e44f8f247a0ba0f55b701dbf5093d392e32021,negative,0,0.0,0.0,[],[],[],0.0,0
270907,a1b1df8f806e517e6a5f84bdc125d3300921faecd75f297699f8989a3edfb4d6,ID_c6c82eec6,/home/mahsa-nasehi/Desktop/IAAA/fracture/iaaa-contest-bct/Data/training/270907/ID_c6c82eec6.dcm,49,174.78581993400002,512,512,0,0,heldout_patient_fold,aa2d72a2538f26976441e6d52c8c11ca964533e55b3978b8345a70a019d52638,ea81da4d34ee1570c8dd3460a4e44f8f247a0ba0f55b701dbf5093d392e32021,negative,0,0.0,0.0,[],[],[],0.0,0
270967,b013b1327ab19999ea2baeeeba7633af92cee8dac28a833028eba3bd356eb867,ID_b056abab2,/home/mahsa-nasehi/Desktop/IAAA/fracture/iaaa-contest-bct/Data/training/270967/ID_b056abab2.dcm,0,-57.485808950000006,512,512,0,0,heldout_patient_fold,aa2d72a2538f26976441e6d52c8c11ca964533e55b3978b8345a70a019d52638,ea81da4d34ee1570c8dd3460a4e44f8f247a0ba0f55b701dbf5093d392e32021,negative,0,0.0,0.0,[],"[[209.33334350585938, 0.0, 340.0, 153.5]]",[0.017242431640625],0.017242431640625,1
270967,b013b1327ab19999ea2baeeeba7633af92cee8dac28a833028eba3bd356eb867,ID_c6585be45,/home/mahsa-nasehi/Desktop/IAAA/fracture/iaaa-contest-bct/Data/training/270967/ID_c6585be45.dcm,1,-55.16784895000001,512,512,0,0,heldout_patient_fold,aa2d72a2538f26976441e6d52c8c11ca964533e55b3978b8345a70a019d52638,ea81da4d34ee1570c8dd3460a4e44f8f247a0ba0f55b701dbf5093d392e32021,negative,0,0.0,0.0,[],"[[197.0, 0.0, 329.66668701171875, 162.6666717529297]]",[0.01107025146484375],0.01107025146484375,1
270967,b013b1327ab19999ea2baeeeba7633af92cee8dac28a833028eba3bd356eb867,ID_6ebbf6473,/home/mahsa-nasehi/Desktop/IAAA/fracture/iaaa-contest-bct/Data/training/270967/ID_6ebbf6473.dcm,2,-52.84988895000001,512,512,0,0,heldout_patient_fold,aa2d72a2538f26976441e6d52c8c11ca964533e55b3978b8345a70a019d52638,ea81da4d34ee1570c8dd3460a4e44f8f247a0ba0f55b701dbf5093d392e32021,negative,0,0.0,0.0,[],"[[217.33334350585938, 0.0, 349.3333435058594, 141.0], [244.5, 61.66666793823242, 280.8333435058594, 98.58333587646484], [175.6666717529297, 22.5, 309.66668701171875, 186.83334350585938]]","[0.041778564453125, 0.0374755859375, 0.0226287841796875]",0.041778564453125,3
270967,b013b1327ab19999ea2baeeeba7633af92cee8dac28a833028eba3bd356eb867,ID_575cb19aa,/home/mahsa-nasehi/Desktop/IAAA/fracture/iaaa-contest-bct/Data/training/270967/ID_575cb19aa.dcm,3,-50.53192895000001,512,512,0,0,heldout_patient_fold,aa2d72a2538f26976441e6d52c8c11ca964533e55b3978b8345a70a019d52638,ea81da4d34ee1570c8dd3460a4e44f8f247a0ba0f55b701dbf5093d392e32021,negative,0,0.0,0.0,[],"[[227.33334350585938, 174.0, 362.66668701171875, 339.3333435058594]]",[0.019561767578125],0.019561767578125,1
270967,b013b1327ab19999ea2baeeeba7633af92cee8dac28a833028eba3bd356eb867,ID_a9a5035b2,/home/mahsa-nasehi/Desktop/IAAA/fracture/iaaa-contest-bct/Data/training/270967/ID_a9a5035b2.dcm,4,-48.21396895,512,512,0,0,heldout_patient_fold,aa2d72a2538f26976441e6d52c8c11ca964533e55b3978b8345a70a019d52638,ea81da4d34ee1570c8dd3460a4e44f8f247a0ba0f55b701dbf5093d392e32021,negative,0,0.0,0.0,[],"[[207.0, 0.0, 340.0, 153.1666717529297], [218.6666717529297, 145.0, 254.0, 182.1666717529297], [163.58334350585938, 152.0, 297.0, 313.0], [227.0, 132.6666717529297, 361.0, 295.0]]","[0.0618896484375, 0.023773193359375, 0.018341064453125, 0.011505126953125]",0.0618896484375,4
270967,b013b1327ab19999ea2baeeeba7633af92cee8dac28a833028eba3bd356eb867,ID_7e250029d,/home/mahsa-nasehi/Desktop/IAAA/fracture/iaaa-contest-bct/Data/training/270967/ID_7e250029d.dcm,5,-45.89600895,512,512,0,0,heldout_patient_fold,aa2d72a2538f26976441e6d52c8c11ca964533e55b3978b8345a70a019d52638,ea81da4d34ee1570c8dd3460a4e44f8f247a0ba0f55b701dbf5093d392e32021,negative,0,0.0,0.0,[],"[[196.0, 153.25, 331.3333435058594, 316.0]]",[0.08123779296875],0.08123779296875,1
270967,b013b1327ab19999ea2baeeeba7633af92cee8dac28a833028eba3bd356eb867,ID_5465c61dc,/home/mahsa-nasehi/Desktop/IAAA/fracture/iaaa-contest-bct/Data/training/270967/ID_5465c61dc.dcm,6,-43.57804895,512,512,0,0,heldout_patient_fold,aa2d72a2538f26976441e6d52c8c11ca964533e55b3978b8345a70a019d52638,ea81da4d34ee1570c8dd3460a4e44f8f247a0ba0f55b701dbf5093d392e32021,negative,0,0.0,0.0,[],[],[],0.0,0
270967,b013b1327ab19999ea2baeeeba7633af92cee8dac28a833028eba3bd356eb867,ID_83d3d77d5,/home/mahsa-nasehi/Desktop/IAAA/fracture/iaaa-contest-bct/Data/training/270967/ID_83d3d77d5.dcm,7,-38.942128950000004,512,512,0,0,heldout_patient_fold,aa2d72a2538f26976441e6d52c8c11ca964533e55b3978b8345a70a019d52638,ea81da4d34ee1570c8dd3460a4e44f8f247a0ba0f55b701dbf5093d392e32021,negative,0,0.0,0.0,[],[],[],0.0,0
270967,b013b1327ab19999ea2baeeeba7633af92cee8dac28a833028eba3bd356eb867,ID_8a1e85d7d,/home/mahsa-nasehi/Desktop/IAAA/fracture/iaaa-contest-bct/Data/training/270967/ID_8a1e85d7d.dcm,8,-36.624168950000005,512,512,0,0,heldout_patient_fold,aa2d72a2538f26976441e6d52c8c11ca964533e55b3978b8345a70a019d52638,ea81da4d34ee1570c8dd3460a4e44f8f247a0ba0f55b701dbf5093d392e32021,negative,0,0.0,0.0,[],[],[],0.0,0
270967,b013b1327ab19999ea2baeeeba7633af92cee8dac28a833028eba3bd356eb867,ID_73de921d2,/home/mahsa-nasehi/Desktop/IAAA/fracture/iaaa-contest-bct/Data/training/270967/ID_73de921d2.dcm,9,-34.306208950000006,512,512,0,0,heldout_patient_fold,aa2d72a2538f26976441e6d52c8c11ca964533e55b3978b8345a70a019d52638,ea81da4d34ee1570c8dd3460a4e44f8f247a0ba0f55b701dbf5093d392e32021,negative,0,0.0,0.0,[],[],[],0.0,0
270967,b013b1327ab19999ea2baeeeba7633af92cee8dac28a833028eba3bd356eb867,ID_92924a973,/home/mahsa-nasehi/Desktop/IAAA/fracture/iaaa-contest-bct/Data/training/270967/ID_92924a973.dcm,10,-31.988248950000006,512,512,0,0,heldout_patient_fold,aa2d72a2538f26976441e6d52c8c11ca964533e55b3978b8345a70a019d52638,ea81da4d34ee1570c8dd3460a4e44f8f247a0ba0f55b701dbf5093d392e32021,negative,0,0.0,0.0,[],[],[],0.0,0
270967,b013b1327ab19999ea2baeeeba7633af92cee8dac28a833028eba3bd356eb867,ID_b70a7e26f,/home/mahsa-nasehi/Desktop/IAAA/fracture/iaaa-contest-bct/Data/training/270967/ID_b70a7e26f.dcm,11,-27.352328950000008,512,512,0,0,heldout_patient_fold,aa2d72a2538f26976441e6d52c8c11ca964533e55b3978b8345a70a019d52638,ea81da4d34ee1570c8dd3460a4e44f8f247a0ba0f55b701dbf5093d392e32021,negative,0,0.0,0.0,[],[],[],0.0,0
270967,b013b1327ab19999ea2baeeeba7633af92cee8dac28a833028eba3bd356eb867,ID_934839690,/home/mahsa-nasehi/Desktop/IAAA/fracture/iaaa-contest-bct/Data/training/270967/ID_934839690.dcm,12,-22.716408950000005,512,512,0,0,heldout_patient_fold,aa2d72a2538f26976441e6d52c8c11ca964533e55b3978b8345a70a019d52638,ea81da4d34ee1570c8dd3460a4e44f8f247a0ba0f55b701dbf5093d392e32021,negative,0,0.0,0.0,[],"[[344.66668701171875, 114.83333587646484, 382.0, 151.83334350585938]]",[0.01473236083984375],0.01473236083984375,1
270967,b013b1327ab19999ea2baeeeba7633af92cee8dac28a833028eba3bd356eb867,ID_88d50111c,/home/mahsa-nasehi/Desktop/IAAA/fracture/iaaa-contest-bct/Data/training/270967/ID_88d50111c.dcm,13,-20.398448950000006,512,512,0,0,heldout_patient_fold,aa2d72a2538f26976441e6d52c8c11ca964533e55b3978b8345a70a019d52638,ea81da4d34ee1570c8dd3460a4e44f8f247a0ba0f55b701dbf5093d392e32021,negative,0,0.0,0.0,[],"[[145.83334350585938, 136.6666717529297, 182.0, 173.0], [128.33334350585938, 121.66667175292969, 194.6666717529297, 183.33334350585938]]","[0.0253753662109375, 0.020172119140625]",0.0253753662109375,2
270967,b013b1327ab19999ea2baeeeba7633af92cee8dac28a833028eba3bd356eb867,ID_83a8a8bcb,/home/mahsa-nasehi/Desktop/IAAA/fracture/iaaa-contest-bct/Data/training/270967/ID_83a8a8bcb.dcm,14,-15.762528950000007,512,512,0,0,heldout_patient_fold,aa2d72a2538f26976441e6d52c8c11ca964533e55b3978b8345a70a019d52638,ea81da4d34ee1570c8dd3460a4e44f8f247a0ba0f55b701dbf5093d392e32021,negative,0,0.0,0.0,[],"[[269.66668701171875, 30.83333396911621, 411.66668701171875, 199.33334350585938], [341.3333435058594, 159.6666717529297, 377.3333435058594, 198.0]]","[0.0180511474609375, 0.017913818359375]",0.0180511474609375,2
270967,b013b1327ab19999ea2baeeeba7633af92cee8dac28a833028eba3bd356eb867,ID_56e95e079,/home/mahsa-nasehi/Desktop/IAAA/fracture/iaaa-contest-bct/Data/training/270967/ID_56e95e079.dcm,15,-13.444568950000006,512,512,0,0,heldout_patient_fold,aa2d72a2538f26976441e6d52c8c11ca964533e55b3978b8345a70a019d52638,ea81da4d34ee1570c8dd3460a4e44f8f247a0ba0f55b701dbf5093d392e32021,negative,0,0.0,0.0,[],[],[],0.0,0
270967,b013b1327ab19999ea2baeeeba7633af92cee8dac28a833028eba3bd356eb867,ID_8eb3f5cf9,/home/mahsa-nasehi/Desktop/IAAA/fracture/iaaa-contest-bct/Data/training/270967/ID_8eb3f5cf9.dcm,16,-11.126608950000003,512,512,0,0,heldout_patient_fold,aa2d72a2538f26976441e6d52c8c11ca964533e55b3978b8345a70a019d52638,ea81da4d34ee1570c8dd3460a4e44f8f247a0ba0f55b701dbf5093d392e32021,negative,0,0.0,0.0,[],[],[],0.0,0
270967,b013b1327ab19999ea2baeeeba7633af92cee8dac28a833028eba3bd356eb867,ID_97c6eafc0,/home/mahsa-nasehi/Desktop/IAAA/fracture/iaaa-contest-bct/Data/training/270967/ID_97c6eafc0.dcm,17,-8.808648950000004,512,512,0,0,heldout_patient_fold,aa2d72a2538f26976441e6d52c8c11ca964533e55b3978b8345a70a019d52638,ea81da4d34ee1570c8dd3460a4e44f8f247a0ba0f55b701dbf5093d392e32021,negative,0,0.0,0.0,[],"[[135.0, 152.6666717529297, 171.1666717529297, 188.6666717529297], [351.3333435058594, 174.33334350585938, 387.3333435058594, 210.33334350585938], [367.3333435058594, 302.0, 403.3333435058594, 338.66668701171875]]","[0.02056884765625, 0.017852783203125, 0.01495361328125]",0.02056884765625,3
270967,b013b1327ab19999ea2baeeeba7633af92cee8dac28a833028eba3bd356eb867,ID_39234491b,/home/mahsa-nasehi/Desktop/IAAA/fracture/iaaa-contest-bct/Data/training/270967/ID_39234491b.dcm,18,-6.490688950000003,512,512,0,0,heldout_patient_fold,aa2d72a2538f26976441e6d52c8c11ca964533e55b3978b8345a70a019d52638,ea81da4d34ee1570c8dd3460a4e44f8f247a0ba0f55b701dbf5093d392e32021,negative,0,0.0,0.0,[],[],[],0.0,0
270967,b013b1327ab19999ea2baeeeba7633af92cee8dac28a833028eba3bd356eb867,ID_43ce3506a,/home/mahsa-nasehi/Desktop/IAAA/fracture/iaaa-contest-bct/Data/training/270967/ID_43ce3506a.dcm,19,-4.172728950000003,512,512,0,0,heldout_patient_fold,aa2d72a2538f26976441e6d52c8c11ca964533e55b3978b8345a70a019d52638,ea81da4d34ee1570c8dd3460a4e44f8f247a0ba0f55b701dbf5093d392e32021,negative,0,0.0,0.0,[],[],[],0.0,0
270967,b013b1327ab19999ea2baeeeba7633af92cee8dac28a833028eba3bd356eb867,ID_7e24b7c98,/home/mahsa-nasehi/Desktop/IAAA/fracture/iaaa-contest-bct/Data/training/270967/ID_7e24b7c98.dcm,20,-1.854768950000003,512,512,0,0,heldout_patient_fold,aa2d72a2538f26976441e6d52c8c11ca964533e55b3978b8345a70a019d52638,ea81da4d34ee1570c8dd3460a4e44f8f247a0ba0f55b701dbf5093d392e32021,negative,0,0.0,0.0,[],"[[356.66668701171875, 192.33334350585938, 392.66668701171875, 229.6666717529297], [95.08333587646484, 248.5, 131.25, 284.5]]","[0.0192718505859375, 0.014556884765625]",0.0192718505859375,2
270967,b013b1327ab19999ea2baeeeba7633af92cee8dac28a833028eba3bd356eb867,ID_c00b0ea10,/home/mahsa-nasehi/Desktop/IAAA/fracture/iaaa-contest-bct/Data/training/270967/ID_c00b0ea10.dcm,21,0.463191049999997,512,512,0,0,heldout_patient_fold,aa2d72a2538f26976441e6d52c8c11ca964533e55b3978b8345a70a019d52638,ea81da4d34ee1570c8dd3460a4e44f8f247a0ba0f55b701dbf5093d392e32021,negative,0,0.0,0.0,[],"[[108.16667175292969, 152.1666717529297, 172.6666717529297, 215.83334350585938], [359.3333435058594, 195.0, 395.3333435058594, 231.6666717529297], [244.33334350585938, 277.66668701171875, 281.0, 314.3333435058594]]","[0.0150146484375, 0.0141754150390625, 0.01107025146484375]",0.0150146484375,3
270967,b013b1327ab19999ea2baeeeba7633af92cee8dac28a833028eba3bd356eb867,ID_2e2dddd01,/home/mahsa-nasehi/Desktop/IAAA/fracture/iaaa-contest-bct/Data/training/270967/ID_2e2dddd01.dcm,22,2.781151049999997,512,512,0,0,heldout_patient_fold,aa2d72a2538f26976441e6d52c8c11ca964533e55b3978b8345a70a019d52638,ea81da4d34ee1570c8dd3460a4e44f8f247a0ba0f55b701dbf5093d392e32021,negative,0,0.0,0.0,[],"[[359.3333435058594, 197.33334350585938, 395.3333435058594, 234.6666717529297]]",[0.0129241943359375],0.0129241943359375,1
270967,b013b1327ab19999ea2baeeeba7633af92cee8dac28a833028eba3bd356eb867,ID_26bb349b7,/home/mahsa-nasehi/Desktop/IAAA/fracture/iaaa-contest-bct/Data/training/270967/ID_26bb349b7.dcm,23,5.099111049999997,512,512,0,0,heldout_patient_fold,aa2d72a2538f26976441e6d52c8c11ca964533e55b3978b8345a70a019d52638,ea81da4d34ee1570c8dd3460a4e44f8f247a0ba0f55b701dbf5093d392e32021,negative,0,0.0,0.0,[],"[[269.3333435058594, 39.875, 403.66668701171875, 206.83334350585938], [359.3333435058594, 197.6666717529297, 395.3333435058594, 235.0], [94.33333587646484, 280.3333435058594, 131.33334350585938, 317.0]]","[0.07421875, 0.01238250732421875, 0.0118255615234375]",0.07421875,3
270967,b013b1327ab19999ea2baeeeba7633af92cee8dac28a833028eba3bd356eb867,ID_2a30b7902,/home/mahsa-nasehi/Desktop/IAAA/fracture/iaaa-contest-bct/Data/training/270967/ID_2a30b7902.dcm,24,7.417071049999997,512,512,0,0,heldout_patient_fold,aa2d72a2538f26976441e6d52c8c11ca964533e55b3978b8345a70a019d52638,ea81da4d34ee1570c8dd3460a4e44f8f247a0ba0f55b701dbf5093d392e32021,negative,0,0.0,0.0,[],"[[267.3333435058594, 47.333335876464844, 414.66668701171875, 224.83334350585938]]",[0.011962890625],0.011962890625,1
270967,b013b1327ab19999ea2baeeeba7633af92cee8dac28a833028eba3bd356eb867,ID_b0f80b829,/home/mahsa-nasehi/Desktop/IAAA/fracture/iaaa-contest-bct/Data/training/270967/ID_b0f80b829.dcm,25,12.052991049999997,512,512,0,0,heldout_patient_fold,aa2d72a2538f26976441e6d52c8c11ca964533e55b3978b8345a70a019d52638,ea81da4d34ee1570c8dd3460a4e44f8f247a0ba0f55b701dbf5093d392e32021,negative,0,0.0,0.0,[],"[[268.66668701171875, 58.66666793823242, 409.3333435058594, 230.5], [359.3333435058594, 210.6666717529297, 395.3333435058594, 247.33334350585938], [123.66667175292969, 179.1666717529297, 160.83334350585938, 215.5]]","[0.048492431640625, 0.0222015380859375, 0.0200958251953125]",0.048492431640625,3
270967,b013b1327ab19999ea2baeeeba7633af92cee8dac28a833028eba3bd356eb867,ID_b73c5bc6c,/home/mahsa-nasehi/Desktop/IAAA/fracture/iaaa-contest-bct/Data/training/270967/ID_b73c5bc6c.dcm,26,14.370951049999997,512,512,0,0,heldout_patient_fold,aa2d72a2538f26976441e6d52c8c11ca964533e55b3978b8345a70a019d52638,ea81da4d34ee1570c8dd3460a4e44f8f247a0ba0f55b701dbf5093d392e32021,negative,0,0.0,0.0,[],"[[107.33333587646484, 168.83334350585938, 173.6666717529297, 230.83334350585938]]",[0.0200958251953125],0.0200958251953125,1
270967,b013b1327ab19999ea2baeeeba7633af92cee8dac28a833028eba3bd356eb867,ID_66c349708,/home/mahsa-nasehi/Desktop/IAAA/fracture/iaaa-contest-bct/Data/training/270967/ID_66c349708.dcm,27,19.006871049999997,512,512,0,0,heldout_patient_fold,aa2d72a2538f26976441e6d52c8c11ca964533e55b3978b8345a70a019d52638,ea81da4d34ee1570c8dd3460a4e44f8f247a0ba0f55b701dbf5093d392e32021,negative,0,0.0,0.0,[],"[[126.0, 184.33334350585938, 163.33334350585938, 220.6666717529297], [112.33333587646484, 173.6666717529297, 177.5, 236.33334350585938]]","[0.0316162109375, 0.015960693359375]",0.0316162109375,2
270967,b013b1327ab19999ea2baeeeba7633af92cee8dac28a833028eba3bd356eb867,ID_c57d820f8,/home/mahsa-nasehi/Desktop/IAAA/fracture/iaaa-contest-bct/Data/training/270967/ID_c57d820f8.dcm,28,23.642791049999996,512,512,0,0,heldout_patient_fold,aa2d72a2538f26976441e6d52c8c11ca964533e55b3978b8345a70a019d52638,ea81da4d34ee1570c8dd3460a4e44f8f247a0ba0f55b701dbf5093d392e32021,negative,0,0.0,0.0,[],"[[129.1666717529297, 187.0, 166.0, 223.6666717529297]]",[0.0101318359375],0.0101318359375,1
270967,b013b1327ab19999ea2baeeeba7633af92cee8dac28a833028eba3bd356eb867,ID_4d6094251,/home/mahsa-nasehi/Desktop/IAAA/fracture/iaaa-contest-bct/Data/training/270967/ID_4d6094251.dcm,29,25.96075105,512,512,0,0,heldout_patient_fold,aa2d72a2538f26976441e6d52c8c11ca964533e55b3978b8345a70a019d52638,ea81da4d34ee1570c8dd3460a4e44f8f247a0ba0f55b701dbf5093d392e32021,negative,0,0.0,0.0,[],"[[278.0, 103.83333587646484, 345.3333435058594, 169.0], [336.5, 206.83334350585938, 403.3333435058594, 268.8333435058594], [113.0, 175.83334350585938, 178.83334350585938, 236.5], [340.66668701171875, 219.6666717529297, 376.66668701171875, 255.6666717529297]]","[0.03436279296875, 0.0184783935546875, 0.014007568359375, 0.01214599609375]",0.03436279296875,4
270967,b013b1327ab19999ea2baeeeba7633af92cee8dac28a833028eba3bd356eb867,ID_c0509c601,/home/mahsa-nasehi/Desktop/IAAA/fracture/iaaa-contest-bct/Data/training/270967/ID_c0509c601.dcm,30,28.27871105,512,512,0,0,heldout_patient_fold,aa2d72a2538f26976441e6d52c8c11ca964533e55b3978b8345a70a019d52638,ea81da4d34ee1570c8dd3460a4e44f8f247a0ba0f55b701dbf5093d392e32021,negative,0,0.0,0.0,[],"[[290.66668701171875, 125.66667175292969, 431.3333435058594, 294.0]]",[0.0171051025390625],0.0171051025390625,1
270967,b013b1327ab19999ea2baeeeba7633af92cee8dac28a833028eba3bd356eb867,ID_74e602116,/home/mahsa-nasehi/Desktop/IAAA/fracture/iaaa-contest-bct/Data/training/270967/ID_74e602116.dcm,31,30.596671049999998,512,512,0,0,heldout_patient_fold,aa2d72a2538f26976441e6d52c8c11ca964533e55b3978b8345a70a019d52638,ea81da4d34ee1570c8dd3460a4e44f8f247a0ba0f55b701dbf5093d392e32021,negative,0,0.0,0.0,[],"[[290.3333435058594, 136.0, 431.66668701171875, 305.0]]",[0.0233306884765625],0.0233306884765625,1
270967,b013b1327ab19999ea2baeeeba7633af92cee8dac28a833028eba3bd356eb867,ID_8549fb8fb,/home/mahsa-nasehi/Desktop/IAAA/fracture/iaaa-contest-bct/Data/training/270967/ID_8549fb8fb.dcm,32,32.91463105,512,512,0,0,heldout_patient_fold,aa2d72a2538f26976441e6d52c8c11ca964533e55b3978b8345a70a019d52638,ea81da4d34ee1570c8dd3460a4e44f8f247a0ba0f55b701dbf5093d392e32021,negative,0,0.0,0.0,[],"[[248.0, 92.66667175292969, 387.3333435058594, 263.66668701171875], [262.0, 116.16667175292969, 328.0, 179.5]]","[0.014617919921875, 0.01422882080078125]",0.014617919921875,2
270967,b013b1327ab19999ea2baeeeba7633af92cee8dac28a833028eba3bd356eb867,ID_c57c6a003,/home/mahsa-nasehi/Desktop/IAAA/fracture/iaaa-contest-bct/Data/training/270967/ID_c57c6a003.dcm,33,35.232591049999996,512,512,0,0,heldout_patient_fold,aa2d72a2538f26976441e6d52c8c11ca964533e55b3978b8345a70a019d52638,ea81da4d34ee1570c8dd3460a4e44f8f247a0ba0f55b701dbf5093d392e32021,negative,0,0.0,0.0,[],"[[256.5, 119.16667175292969, 322.8333435058594, 184.5], [258.66668701171875, 113.66667175292969, 398.3333435058594, 282.66668701171875]]","[0.0162200927734375, 0.01242828369140625]",0.0162200927734375,2
270967,b013b1327ab19999ea2baeeeba7633af92cee8dac28a833028eba3bd356eb867,ID_7d351e12a,/home/mahsa-nasehi/Desktop/IAAA/fracture/iaaa-contest-bct/Data/training/270967/ID_7d351e12a.dcm,34,37.550551049999996,512,512,0,0,heldout_patient_fold,aa2d72a2538f26976441e6d52c8c11ca964533e55b3978b8345a70a019d52638,ea81da4d34ee1570c8dd3460a4e44f8f247a0ba0f55b701dbf5093d392e32021,negative,0,0.0,0.0,[],"[[269.0, 133.0, 408.3333435058594, 304.0]]",[0.0154266357421875],0.0154266357421875,1
270967,b013b1327ab19999ea2baeeeba7633af92cee8dac28a833028eba3bd356eb867,ID_98b86d56c,/home/mahsa-nasehi/Desktop/IAAA/fracture/iaaa-contest-bct/Data/training/270967/ID_98b86d56c.dcm,35,39.868511049999995,512,512,0,0,heldout_patient_fold,aa2d72a2538f26976441e6d52c8c11ca964533e55b3978b8345a70a019d52638,ea81da4d34ee1570c8dd3460a4e44f8f247a0ba0f55b701dbf5093d392e32021,negative,0,0.0,0.0,[],"[[282.66668701171875, 149.5, 414.66668701171875, 311.16668701171875]]",[0.0120086669921875],0.0120086669921875,1
270967,b013b1327ab19999ea2baeeeba7633af92cee8dac28a833028eba3bd356eb867,ID_52a1e1e16,/home/mahsa-nasehi/Desktop/IAAA/fracture/iaaa-contest-bct/Data/training/270967/ID_52a1e1e16.dcm,36,42.186471049999994,512,512,0,0,heldout_patient_fold,aa2d72a2538f26976441e6d52c8c11ca964533e55b3978b8345a70a019d52638,ea81da4d34ee1570c8dd3460a4e44f8f247a0ba0f55b701dbf5093d392e32021,negative,0,0.0,0.0,[],"[[305.0, 196.0, 371.0, 258.0]]",[0.01009368896484375],0.01009368896484375,1
270967,b013b1327ab19999ea2baeeeba7633af92cee8dac28a833028eba3bd356eb867,ID_4422208a4,/home/mahsa-nasehi/Desktop/IAAA/fracture/iaaa-contest-bct/Data/training/270967/ID_4422208a4.dcm,37,44.50443105,512,512,0,0,heldout_patient_fold,aa2d72a2538f26976441e6d52c8c11ca964533e55b3978b8345a70a019d52638,ea81da4d34ee1570c8dd3460a4e44f8f247a0ba0f55b701dbf5093d392e32021,negative,0,0.0,0.0,[],"[[256.66668701171875, 153.83334350585938, 324.0, 216.5]]",[0.07781982421875],0.07781982421875,1
270967,b013b1327ab19999ea2baeeeba7633af92cee8dac28a833028eba3bd356eb867,ID_0adaca53b,/home/mahsa-nasehi/Desktop/IAAA/fracture/iaaa-contest-bct/Data/training/270967/ID_0adaca53b.dcm,38,49.14035105,512,512,0,0,heldout_patient_fold,aa2d72a2538f26976441e6d52c8c11ca964533e55b3978b8345a70a019d52638,ea81da4d34ee1570c8dd3460a4e44f8f247a0ba0f55b701dbf5093d392e32021,negative,0,0.0,0.0,[],"[[293.66668701171875, 207.0, 361.0, 268.3333435058594]]",[0.0269622802734375],0.0269622802734375,1
270967,b013b1327ab19999ea2baeeeba7633af92cee8dac28a833028eba3bd356eb867,ID_144b52e8e,/home/mahsa-nasehi/Desktop/IAAA/fracture/iaaa-contest-bct/Data/training/270967/ID_144b52e8e.dcm,39,51.45831105,512,512,0,0,heldout_patient_fold,aa2d72a2538f26976441e6d52c8c11ca964533e55b3978b8345a70a019d52638,ea81da4d34ee1570c8dd3460a4e44f8f247a0ba0f55b701dbf5093d392e32021,negative,0,0.0,0.0,[],[],[],0.0,0
270967,b013b1327ab19999ea2baeeeba7633af92cee8dac28a833028eba3bd356eb867,ID_243f7a900,/home/mahsa-nasehi/Desktop/IAAA/fracture/iaaa-contest-bct/Data/training/270967/ID_243f7a900.dcm,40,53.77627105,512,512,0,0,heldout_patient_fold,aa2d72a2538f26976441e6d52c8c11ca964533e55b3978b8345a70a019d52638,ea81da4d34ee1570c8dd3460a4e44f8f247a0ba0f55b701dbf5093d392e32021,negative,0,0.0,0.0,[],"[[283.0, 207.0, 349.66668701171875, 269.0]]",[0.01971435546875],0.01971435546875,1
270967,b013b1327ab19999ea2baeeeba7633af92cee8dac28a833028eba3bd356eb867,ID_15da10896,/home/mahsa-nasehi/Desktop/IAAA/fracture/iaaa-contest-bct/Data/training/270967/ID_15da10896.dcm,41,58.41219105,512,512,0,0,heldout_patient_fold,aa2d72a2538f26976441e6d52c8c11ca964533e55b3978b8345a70a019d52638,ea81da4d34ee1570c8dd3460a4e44f8f247a0ba0f55b701dbf5093d392e32021,negative,0,0.0,0.0,[],"[[272.3333435058594, 223.1666717529297, 339.0, 285.16668701171875]]",[0.030792236328125],0.030792236328125,1
270967,b013b1327ab19999ea2baeeeba7633af92cee8dac28a833028eba3bd356eb867,ID_59a7d61ae,/home/mahsa-nasehi/Desktop/IAAA/fracture/iaaa-contest-bct/Data/training/270967/ID_59a7d61ae.dcm,42,60.730151049999996,512,512,0,0,heldout_patient_fold,aa2d72a2538f26976441e6d52c8c11ca964533e55b3978b8345a70a019d52638,ea81da4d34ee1570c8dd3460a4e44f8f247a0ba0f55b701dbf5093d392e32021,negative,0,0.0,0.0,[],[],[],0.0,0
270967,b013b1327ab19999ea2baeeeba7633af92cee8dac28a833028eba3bd356eb867,ID_874d87189,/home/mahsa-nasehi/Desktop/IAAA/fracture/iaaa-contest-bct/Data/training/270967/ID_874d87189.dcm,43,63.048111049999996,512,512,0,0,heldout_patient_fold,aa2d72a2538f26976441e6d52c8c11ca964533e55b3978b8345a70a019d52638,ea81da4d34ee1570c8dd3460a4e44f8f247a0ba0f55b701dbf5093d392e32021,negative,0,0.0,0.0,[],"[[251.6666717529297, 231.0, 318.0, 289.66668701171875]]",[0.0174407958984375],0.0174407958984375,1
270967,b013b1327ab19999ea2baeeeba7633af92cee8dac28a833028eba3bd356eb867,ID_afdf8593e,/home/mahsa-nasehi/Desktop/IAAA/fracture/iaaa-contest-bct/Data/training/270967/ID_afdf8593e.dcm,44,65.36607105,512,512,0,0,heldout_patient_fold,aa2d72a2538f26976441e6d52c8c11ca964533e55b3978b8345a70a019d52638,ea81da4d34ee1570c8dd3460a4e44f8f247a0ba0f55b701dbf5093d392e32021,negative,0,0.0,0.0,[],"[[251.1666717529297, 240.33334350585938, 317.16668701171875, 300.66668701171875]]",[0.154541015625],0.154541015625,1
270967,b013b1327ab19999ea2baeeeba7633af92cee8dac28a833028eba3bd356eb867,ID_a533dbcc1,/home/mahsa-nasehi/Desktop/IAAA/fracture/iaaa-contest-bct/Data/training/270967/ID_a533dbcc1.dcm,45,67.68403105,512,512,0,0,heldout_patient_fold,aa2d72a2538f26976441e6d52c8c11ca964533e55b3978b8345a70a019d52638,ea81da4d34ee1570c8dd3460a4e44f8f247a0ba0f55b701dbf5093d392e32021,negative,0,0.0,0.0,[],"[[240.6666717529297, 251.0, 307.3333435058594, 311.0]]",[0.049774169921875],0.049774169921875,1
270967,b013b1327ab19999ea2baeeeba7633af92cee8dac28a833028eba3bd356eb867,ID_ce76784a5,/home/mahsa-nasehi/Desktop/IAAA/fracture/iaaa-contest-bct/Data/training/270967/ID_ce76784a5.dcm,46,70.00199105,512,512,0,0,heldout_patient_fold,aa2d72a2538f26976441e6d52c8c11ca964533e55b3978b8345a70a019d52638,ea81da4d34ee1570c8dd3460a4e44f8f247a0ba0f55b701dbf5093d392e32021,negative,0,0.0,0.0,[],[],[],0.0,0
270967,b013b1327ab19999ea2baeeeba7633af92cee8dac28a833028eba3bd356eb867,ID_92099ae64,/home/mahsa-nasehi/Desktop/IAAA/fracture/iaaa-contest-bct/Data/training/270967/ID_92099ae64.dcm,47,72.31995105,512,512,0,0,heldout_patient_fold,aa2d72a2538f26976441e6d52c8c11ca964533e55b3978b8345a70a019d52638,ea81da4d34ee1570c8dd3460a4e44f8f247a0ba0f55b701dbf5093d392e32021,negative,0,0.0,0.0,[],[],[],0.0,0
270967,b013b1327ab19999ea2baeeeba7633af92cee8dac28a833028eba3bd356eb867,ID_05d5d7c4b,/home/mahsa-nasehi/Desktop/IAAA/fracture/iaaa-contest-bct/Data/training/270967/ID_05d5d7c4b.dcm,48,74.63791105,512,512,0,0,heldout_patient_fold,aa2d72a2538f26976441e6d52c8c11ca964533e55b3978b8345a70a019d52638,ea81da4d34ee1570c8dd3460a4e44f8f247a0ba0f55b701dbf5093d392e32021,negative,0,0.0,0.0,[],[],[],0.0,0
270967,b013b1327ab19999ea2baeeeba7633af92cee8dac28a833028eba3bd356eb867,ID_843a93cfc,/home/mahsa-nasehi/Desktop/IAAA/fracture/iaaa-contest-bct/Data/training/270967/ID_843a93cfc.dcm,49,76.95587105,512,512,0,0,heldout_patient_fold,aa2d72a2538f26976441e6d52c8c11ca964533e55b3978b8345a70a019d52638,ea81da4d34ee1570c8dd3460a4e44f8f247a0ba0f55b701dbf5093d392e32021,negative,0,0.0,0.0,[],[],[],0.0,0
271013,da75522da98102ec45438af8b82387833b4b520fd65519615a79d1628e462cbc,ID_830ce0321,/home/mahsa-nasehi/Desktop/IAAA/fracture/iaaa-contest-bct/Data/training/271013/ID_830ce0321.dcm,0,-2.5,512,512,0,0,heldout_patient_fold,aa2d72a2538f26976441e6d52c8c11ca964533e55b3978b8345a70a019d52638,ea81da4d34ee1570c8dd3460a4e44f8f247a0ba0f55b701dbf5093d392e32021,negative,0,0.0,0.0,[],[],[],0.0,0
271013,da75522da98102ec45438af8b82387833b4b520fd65519615a79d1628e462cbc,ID_9c9e0cbdb,/home/mahsa-nasehi/Desktop/IAAA/fracture/iaaa-contest-bct/Data/training/271013/ID_9c9e0cbdb.dcm,1,2.5,512,512,0,0,heldout_patient_fold,aa2d72a2538f26976441e6d52c8c11ca964533e55b3978b8345a70a019d52638,ea81da4d34ee1570c8dd3460a4e44f8f247a0ba0f55b701dbf5093d392e32021,negative,0,0.0,0.0,[],[],[],0.0,0
271013,da75522da98102ec45438af8b82387833b4b520fd65519615a79d1628e462cbc,ID_42247f717,/home/mahsa-nasehi/Desktop/IAAA/fracture/iaaa-contest-bct/Data/training/271013/ID_42247f717.dcm,2,7.5,512,512,0,0,heldout_patient_fold,aa2d72a2538f26976441e6d52c8c11ca964533e55b3978b8345a70a019d52638,ea81da4d34ee1570c8dd3460a4e44f8f247a0ba0f55b701dbf5093d392e32021,negative,0,0.0,0.0,[],"[[102.33333587646484, 24.33333396911621, 234.5, 187.0]]",[0.12042236328125],0.12042236328125,1
271013,da75522da98102ec45438af8b82387833b4b520fd65519615a79d1628e462cbc,ID_0518317c2,/home/mahsa-nasehi/Desktop/IAAA/fracture/iaaa-contest-bct/Data/training/271013/ID_0518317c2.dcm,3,12.5,512,512,0,0,heldout_patient_fold,aa2d72a2538f26976441e6d52c8c11ca964533e55b3978b8345a70a019d52638,ea81da4d34ee1570c8dd3460a4e44f8f247a0ba0f55b701dbf5093d392e32021,negative,0,0.0,0.0,[],[],[],0.0,0
271013,da75522da98102ec45438af8b82387833b4b520fd65519615a79d1628e462cbc,ID_6f9e506cd,/home/mahsa-nasehi/Desktop/IAAA/fracture/iaaa-contest-bct/Data/training/271013/ID_6f9e506cd.dcm,4,17.5,512,512,0,0,heldout_patient_fold,aa2d72a2538f26976441e6d52c8c11ca964533e55b3978b8345a70a019d52638,ea81da4d34ee1570c8dd3460a4e44f8f247a0ba0f55b701dbf5093d392e32021,negative,0,0.0,0.0,[],[],[],0.0,0
271013,da75522da98102ec45438af8b82387833b4b520fd65519615a79d1628e462cbc,ID_05463c983,/home/mahsa-nasehi/Desktop/IAAA/fracture/iaaa-contest-bct/Data/training/271013/ID_05463c983.dcm,5,22.5,512,512,0,0,heldout_patient_fold,aa2d72a2538f26976441e6d52c8c11ca964533e55b3978b8345a70a019d52638,ea81da4d34ee1570c8dd3460a4e44f8f247a0ba0f55b701dbf5093d392e32021,negative,0,0.0,0.0,[],[],[],0.0,0
271013,da75522da98102ec45438af8b82387833b4b520fd65519615a79d1628e462cbc,ID_2c3918a3b,/home/mahsa-nasehi/Desktop/IAAA/fracture/iaaa-contest-bct/Data/training/271013/ID_2c3918a3b.dcm,6,27.5,512,512,0,0,heldout_patient_fold,aa2d72a2538f26976441e6d52c8c11ca964533e55b3978b8345a70a019d52638,ea81da4d34ee1570c8dd3460a4e44f8f247a0ba0f55b701dbf5093d392e32021,negative,0,0.0,0.0,[],[],[],0.0,0
271013,da75522da98102ec45438af8b82387833b4b520fd65519615a79d1628e462cbc,ID_f3e115cd8,/home/mahsa-nasehi/Desktop/IAAA/fracture/iaaa-contest-bct/Data/training/271013/ID_f3e115cd8.dcm,7,32.5,512,512,0,0,heldout_patient_fold,aa2d72a2538f26976441e6d52c8c11ca964533e55b3978b8345a70a019d52638,ea81da4d34ee1570c8dd3460a4e44f8f247a0ba0f55b701dbf5093d392e32021,negative,0,0.0,0.0,[],"[[78.33333587646484, 10.333333969116211, 212.33334350585938, 174.33334350585938], [131.5, 134.1666717529297, 168.83334350585938, 170.1666717529297]]","[0.0217742919921875, 0.0137939453125]",0.0217742919921875,2
271013,da75522da98102ec45438af8b82387833b4b520fd65519615a79d1628e462cbc,ID_d5f300b90,/home/mahsa-nasehi/Desktop/IAAA/fracture/iaaa-contest-bct/Data/training/271013/ID_d5f300b90.dcm,8,37.5,512,512,0,0,heldout_patient_fold,aa2d72a2538f26976441e6d52c8c11ca964533e55b3978b8345a70a019d52638,ea81da4d34ee1570c8dd3460a4e44f8f247a0ba0f55b701dbf5093d392e32021,negative,0,0.0,0.0,[],"[[36.66666793823242, 183.33334350585938, 414.66668701171875, 400.66668701171875], [128.5, 109.83333587646484, 163.1666717529297, 147.1666717529297], [91.33333587646484, 1.8333333730697632, 222.33334350585938, 161.83334350585938], [159.83334350585938, 51.41666793823242, 195.1666717529297, 88.08333587646484], [77.83333587646484, 62.833335876464844, 213.0, 225.33334350585938]]","[0.0302734375, 0.01395416259765625, 0.01384735107421875, 0.01363372802734375, 0.0115966796875]",0.0302734375,5
271013,da75522da98102ec45438af8b82387833b4b520fd65519615a79d1628e462cbc,ID_97701aa2e,/home/mahsa-nasehi/Desktop/IAAA/fracture/iaaa-contest-bct/Data/training/271013/ID_97701aa2e.dcm,9,42.5,512,512,0,0,heldout_patient_fold,aa2d72a2538f26976441e6d52c8c11ca964533e55b3978b8345a70a019d52638,ea81da4d34ee1570c8dd3460a4e44f8f247a0ba0f55b701dbf5093d392e32021,negative,0,0.0,0.0,[],"[[159.58334350585938, 35.16666793823242, 226.33334350585938, 106.91667175292969], [128.5, 311.0, 197.33334350585938, 379.66668701171875]]","[0.01374053955078125, 0.01029205322265625]",0.01374053955078125,2
271013,da75522da98102ec45438af8b82387833b4b520fd65519615a79d1628e462cbc,ID_188fec4f2,/home/mahsa-nasehi/Desktop/IAAA/fracture/iaaa-contest-bct/Data/training/271013/ID_188fec4f2.dcm,10,47.5,512,512,0,0,heldout_patient_fold,aa2d72a2538f26976441e6d52c8c11ca964533e55b3978b8345a70a019d52638,ea81da4d34ee1570c8dd3460a4e44f8f247a0ba0f55b701dbf5093d392e32021,negative,0,0.0,0.0,[],"[[101.66667175292969, 14.166666984558105, 231.33334350585938, 174.33334350585938], [203.0, 77.16667175292969, 269.0, 140.5], [68.5, 40.66666793823242, 204.6666717529297, 207.6666717529297], [221.5, 91.16667175292969, 257.16668701171875, 128.5]]","[0.041778564453125, 0.0162200927734375, 0.01450347900390625, 0.01233673095703125]",0.041778564453125,4
271013,da75522da98102ec45438af8b82387833b4b520fd65519615a79d1628e462cbc,ID_29bb95e3a,/home/mahsa-nasehi/Desktop/IAAA/fracture/iaaa-contest-bct/Data/training/271013/ID_29bb95e3a.dcm,11,52.5,512,512,0,0,heldout_patient_fold,aa2d72a2538f26976441e6d52c8c11ca964533e55b3978b8345a70a019d52638,ea81da4d34ee1570c8dd3460a4e44f8f247a0ba0f55b701dbf5093d392e32021,negative,0,0.0,0.0,[],"[[331.66668701171875, 261.0, 366.3333435058594, 299.0]]",[0.0101318359375],0.0101318359375,1
271013,da75522da98102ec45438af8b82387833b4b520fd65519615a79d1628e462cbc,ID_d0fcb37c1,/home/mahsa-nasehi/Desktop/IAAA/fracture/iaaa-contest-bct/Data/training/271013/ID_d0fcb37c1.dcm,12,57.5,512,512,0,0,heldout_patient_fold,aa2d72a2538f26976441e6d52c8c11ca964533e55b3978b8345a70a019d52638,ea81da4d34ee1570c8dd3460a4e44f8f247a0ba0f55b701dbf5093d392e32021,negative,0,0.0,0.0,[],"[[109.33333587646484, 194.6666717529297, 242.33334350585938, 354.3333435058594]]",[0.01512908935546875],0.01512908935546875,1
271013,da75522da98102ec45438af8b82387833b4b520fd65519615a79d1628e462cbc,ID_1cd68eae7,/home/mahsa-nasehi/Desktop/IAAA/fracture/iaaa-contest-bct/Data/training/271013/ID_1cd68eae7.dcm,13,62.5,512,512,0,0,heldout_patient_fold,aa2d72a2538f26976441e6d52c8c11ca964533e55b3978b8345a70a019d52638,ea81da4d34ee1570c8dd3460a4e44f8f247a0ba0f55b701dbf5093d392e32021,negative,0,0.0,0.0,[],[],[],0.0,0
271013,da75522da98102ec45438af8b82387833b4b520fd65519615a79d1628e462cbc,ID_8d6bacb87,/home/mahsa-nasehi/Desktop/IAAA/fracture/iaaa-contest-bct/Data/training/271013/ID_8d6bacb87.dcm,14,67.5,512,512,0,0,heldout_patient_fold,aa2d72a2538f26976441e6d52c8c11ca964533e55b3978b8345a70a019d52638,ea81da4d34ee1570c8dd3460a4e44f8f247a0ba0f55b701dbf5093d392e32021,negative,0,0.0,0.0,[],[],[],0.0,0
271013,da75522da98102ec45438af8b82387833b4b520fd65519615a79d1628e462cbc,ID_bc9c98f89,/home/mahsa-nasehi/Desktop/IAAA/fracture/iaaa-contest-bct/Data/training/271013/ID_bc9c98f89.dcm,15,72.5,512,512,0,0,heldout_patient_fold,aa2d72a2538f26976441e6d52c8c11ca964533e55b3978b8345a70a019d52638,ea81da4d34ee1570c8dd3460a4e44f8f247a0ba0f55b701dbf5093d392e32021,negative,0,0.0,0.0,[],"[[142.83334350585938, 132.6666717529297, 277.16668701171875, 294.3333435058594], [121.41667175292969, 323.0, 157.9166717529297, 359.66668701171875]]","[0.0131683349609375, 0.01049041748046875]",0.0131683349609375,2
271013,da75522da98102ec45438af8b82387833b4b520fd65519615a79d1628e462cbc,ID_17e8270ce,/home/mahsa-nasehi/Desktop/IAAA/fracture/iaaa-contest-bct/Data/training/271013/ID_17e8270ce.dcm,16,77.5,512,512,0,0,heldout_patient_fold,aa2d72a2538f26976441e6d52c8c11ca964533e55b3978b8345a70a019d52638,ea81da4d34ee1570c8dd3460a4e44f8f247a0ba0f55b701dbf5093d392e32021,negative,0,0.0,0.0,[],[],[],0.0,0
271013,da75522da98102ec45438af8b82387833b4b520fd65519615a79d1628e462cbc,ID_1408d9fca,/home/mahsa-nasehi/Desktop/IAAA/fracture/iaaa-contest-bct/Data/training/271013/ID_1408d9fca.dcm,17,82.5,512,512,0,0,heldout_patient_fold,aa2d72a2538f26976441e6d52c8c11ca964533e55b3978b8345a70a019d52638,ea81da4d34ee1570c8dd3460a4e44f8f247a0ba0f55b701dbf5093d392e32021,negative,0,0.0,0.0,[],[],[],0.0,0
271013,da75522da98102ec45438af8b82387833b4b520fd65519615a79d1628e462cbc,ID_4187be8e8,/home/mahsa-nasehi/Desktop/IAAA/fracture/iaaa-contest-bct/Data/training/271013/ID_4187be8e8.dcm,18,87.5,512,512,0,0,heldout_patient_fold,aa2d72a2538f26976441e6d52c8c11ca964533e55b3978b8345a70a019d52638,ea81da4d34ee1570c8dd3460a4e44f8f247a0ba0f55b701dbf5093d392e32021,negative,0,0.0,0.0,[],[],[],0.0,0
271013,da75522da98102ec45438af8b82387833b4b520fd65519615a79d1628e462cbc,ID_7a8fd80d1,/home/mahsa-nasehi/Desktop/IAAA/fracture/iaaa-contest-bct/Data/training/271013/ID_7a8fd80d1.dcm,19,92.5,512,512,0,0,heldout_patient_fold,aa2d72a2538f26976441e6d52c8c11ca964533e55b3978b8345a70a019d52638,ea81da4d34ee1570c8dd3460a4e44f8f247a0ba0f55b701dbf5093d392e32021,negative,0,0.0,0.0,[],[],[],0.0,0
271013,da75522da98102ec45438af8b82387833b4b520fd65519615a79d1628e462cbc,ID_02c6ad68f,/home/mahsa-nasehi/Desktop/IAAA/fracture/iaaa-contest-bct/Data/training/271013/ID_02c6ad68f.dcm,20,97.5,512,512,0,0,heldout_patient_fold,aa2d72a2538f26976441e6d52c8c11ca964533e55b3978b8345a70a019d52638,ea81da4d34ee1570c8dd3460a4e44f8f247a0ba0f55b701dbf5093d392e32021,negative,0,0.0,0.0,[],[],[],0.0,0
271013,da75522da98102ec45438af8b82387833b4b520fd65519615a79d1628e462cbc,ID_b947f64d9,/home/mahsa-nasehi/Desktop/IAAA/fracture/iaaa-contest-bct/Data/training/271013/ID_b947f64d9.dcm,21,102.5,512,512,0,0,heldout_patient_fold,aa2d72a2538f26976441e6d52c8c11ca964533e55b3978b8345a70a019d52638,ea81da4d34ee1570c8dd3460a4e44f8f247a0ba0f55b701dbf5093d392e32021,negative,0,0.0,0.0,[],[],[],0.0,0
271013,da75522da98102ec45438af8b82387833b4b520fd65519615a79d1628e462cbc,ID_ada12ecda,/home/mahsa-nasehi/Desktop/IAAA/fracture/iaaa-contest-bct/Data/training/271013/ID_ada12ecda.dcm,22,107.5,512,512,0,0,heldout_patient_fold,aa2d72a2538f26976441e6d52c8c11ca964533e55b3978b8345a70a019d52638,ea81da4d34ee1570c8dd3460a4e44f8f247a0ba0f55b701dbf5093d392e32021,negative,0,0.0,0.0,[],"[[75.5, 207.83334350585938, 112.66667175292969, 245.1666717529297]]",[0.0285491943359375],0.0285491943359375,1
271013,da75522da98102ec45438af8b82387833b4b520fd65519615a79d1628e462cbc,ID_be952b7f8,/home/mahsa-nasehi/Desktop/IAAA/fracture/iaaa-contest-bct/Data/training/271013/ID_be952b7f8.dcm,23,112.5,512,512,0,0,heldout_patient_fold,aa2d72a2538f26976441e6d52c8c11ca964533e55b3978b8345a70a019d52638,ea81da4d34ee1570c8dd3460a4e44f8f247a0ba0f55b701dbf5093d392e32021,negative,0,0.0,0.0,[],"[[75.5, 206.1666717529297, 112.66667175292969, 241.5]]",[0.01287078857421875],0.01287078857421875,1
271013,da75522da98102ec45438af8b82387833b4b520fd65519615a79d1628e462cbc,ID_166f1fa67,/home/mahsa-nasehi/Desktop/IAAA/fracture/iaaa-contest-bct/Data/training/271013/ID_166f1fa67.dcm,24,117.5,512,512,0,0,heldout_patient_fold,aa2d72a2538f26976441e6d52c8c11ca964533e55b3978b8345a70a019d52638,ea81da4d34ee1570c8dd3460a4e44f8f247a0ba0f55b701dbf5093d392e32021,negative,0,0.0,0.0,[],"[[273.66668701171875, 142.1666717529297, 310.3333435058594, 178.1666717529297]]",[0.029541015625],0.029541015625,1
271013,da75522da98102ec45438af8b82387833b4b520fd65519615a79d1628e462cbc,ID_a1276d3da,/home/mahsa-nasehi/Desktop/IAAA/fracture/iaaa-contest-bct/Data/training/271013/ID_a1276d3da.dcm,25,122.5,512,512,0,0,heldout_patient_fold,aa2d72a2538f26976441e6d52c8c11ca964533e55b3978b8345a70a019d52638,ea81da4d34ee1570c8dd3460a4e44f8f247a0ba0f55b701dbf5093d392e32021,negative,0,0.0,0.0,[],"[[76.0, 190.0, 112.66667175292969, 226.0], [75.70833587646484, 238.0, 112.66667175292969, 272.66668701171875]]","[0.0247955322265625, 0.01029205322265625]",0.0247955322265625,2
271013,da75522da98102ec45438af8b82387833b4b520fd65519615a79d1628e462cbc,ID_c088c1ea9,/home/mahsa-nasehi/Desktop/IAAA/fracture/iaaa-contest-bct/Data/training/271013/ID_c088c1ea9.dcm,26,127.5,512,512,0,0,heldout_patient_fold,aa2d72a2538f26976441e6d52c8c11ca964533e55b3978b8345a70a019d52638,ea81da4d34ee1570c8dd3460a4e44f8f247a0ba0f55b701dbf5093d392e32021,negative,0,0.0,0.0,[],[],[],0.0,0
271013,da75522da98102ec45438af8b82387833b4b520fd65519615a79d1628e462cbc,ID_3eb05113c,/home/mahsa-nasehi/Desktop/IAAA/fracture/iaaa-contest-bct/Data/training/271013/ID_3eb05113c.dcm,27,132.5,512,512,0,0,heldout_patient_fold,aa2d72a2538f26976441e6d52c8c11ca964533e55b3978b8345a70a019d52638,ea81da4d34ee1570c8dd3460a4e44f8f247a0ba0f55b701dbf5093d392e32021,negative,0,0.0,0.0,[],"[[332.0, 304.8333435058594, 368.66668701171875, 340.8333435058594]]",[0.031982421875],0.031982421875,1
271013,da75522da98102ec45438af8b82387833b4b520fd65519615a79d1628e462cbc,ID_013031e05,/home/mahsa-nasehi/Desktop/IAAA/fracture/iaaa-contest-bct/Data/training/271013/ID_013031e05.dcm,28,137.5,512,512,0,0,heldout_patient_fold,aa2d72a2538f26976441e6d52c8c11ca964533e55b3978b8345a70a019d52638,ea81da4d34ee1570c8dd3460a4e44f8f247a0ba0f55b701dbf5093d392e32021,negative,0,0.0,0.0,[],[],[],0.0,0
271013,da75522da98102ec45438af8b82387833b4b520fd65519615a79d1628e462cbc,ID_53fdd6f06,/home/mahsa-nasehi/Desktop/IAAA/fracture/iaaa-contest-bct/Data/training/271013/ID_53fdd6f06.dcm,29,142.5,512,512,0,0,heldout_patient_fold,aa2d72a2538f26976441e6d52c8c11ca964533e55b3978b8345a70a019d52638,ea81da4d34ee1570c8dd3460a4e44f8f247a0ba0f55b701dbf5093d392e32021,negative,0,0.0,0.0,[],"[[324.0, 307.66668701171875, 360.66668701171875, 343.0], [304.66668701171875, 298.0, 370.66668701171875, 359.3333435058594]]","[0.1800537109375, 0.022796630859375]",0.1800537109375,2
271013,da75522da98102ec45438af8b82387833b4b520fd65519615a79d1628e462cbc,ID_0923a59c6,/home/mahsa-nasehi/Desktop/IAAA/fracture/iaaa-contest-bct/Data/training/271013/ID_0923a59c6.dcm,30,147.5,512,512,0,0,heldout_patient_fold,aa2d72a2538f26976441e6d52c8c11ca964533e55b3978b8345a70a019d52638,ea81da4d34ee1570c8dd3460a4e44f8f247a0ba0f55b701dbf5093d392e32021,negative,0,0.0,0.0,[],"[[315.66668701171875, 310.3333435058594, 352.66668701171875, 345.66668701171875], [298.66668701171875, 297.66668701171875, 366.0, 358.66668701171875], [292.0, 197.33334350585938, 328.66668701171875, 234.33334350585938], [273.3333435058594, 184.33334350585938, 340.3333435058594, 246.0]]","[0.24658203125, 0.037750244140625, 0.033203125, 0.0104522705078125]",0.24658203125,4
271013,da75522da98102ec45438af8b82387833b4b520fd65519615a79d1628e462cbc,ID_202f4bb5a,/home/mahsa-nasehi/Desktop/IAAA/fracture/iaaa-contest-bct/Data/training/271013/ID_202f4bb5a.dcm,31,152.5,512,512,0,0,heldout_patient_fold,aa2d72a2538f26976441e6d52c8c11ca964533e55b3978b8345a70a019d52638,ea81da4d34ee1570c8dd3460a4e44f8f247a0ba0f55b701dbf5093d392e32021,negative,0,0.0,0.0,[],"[[267.5, 190.33334350585938, 334.8333435058594, 252.33334350585938], [289.0, 297.3333435058594, 355.3333435058594, 358.66668701171875]]","[0.0282135009765625, 0.02056884765625]",0.0282135009765625,2
271013,da75522da98102ec45438af8b82387833b4b520fd65519615a79d1628e462cbc,ID_e13a4100e,/home/mahsa-nasehi/Desktop/IAAA/fracture/iaaa-contest-bct/Data/training/271013/ID_e13a4100e.dcm,32,157.5,512,512,0,0,heldout_patient_fold,aa2d72a2538f26976441e6d52c8c11ca964533e55b3978b8345a70a019d52638,ea81da4d34ee1570c8dd3460a4e44f8f247a0ba0f55b701dbf5093d392e32021,negative,0,0.0,0.0,[],"[[277.3333435058594, 291.66668701171875, 344.66668701171875, 354.0], [215.33334350585938, 133.6666717529297, 358.0, 304.66668701171875]]","[0.0139007568359375, 0.010650634765625]",0.0139007568359375,2
271013,da75522da98102ec45438af8b82387833b4b520fd65519615a79d1628e462cbc,ID_c9a4799a1,/home/mahsa-nasehi/Desktop/IAAA/fracture/iaaa-contest-bct/Data/training/271013/ID_c9a4799a1.dcm,33,162.5,512,512,0,0,heldout_patient_fold,aa2d72a2538f26976441e6d52c8c11ca964533e55b3978b8345a70a019d52638,ea81da4d34ee1570c8dd3460a4e44f8f247a0ba0f55b701dbf5093d392e32021,negative,0,0.0,0.0,[],"[[241.0, 191.33334350585938, 307.66668701171875, 252.33334350585938]]",[0.0233306884765625],0.0233306884765625,1
271013,da75522da98102ec45438af8b82387833b4b520fd65519615a79d1628e462cbc,ID_d45da5362,/home/mahsa-nasehi/Desktop/IAAA/fracture/iaaa-contest-bct/Data/training/271013/ID_d45da5362.dcm,34,167.5,512,512,0,0,heldout_patient_fold,aa2d72a2538f26976441e6d52c8c11ca964533e55b3978b8345a70a019d52638,ea81da4d34ee1570c8dd3460a4e44f8f247a0ba0f55b701dbf5093d392e32021,negative,0,0.0,0.0,[],[],[],0.0,0
271013,da75522da98102ec45438af8b82387833b4b520fd65519615a79d1628e462cbc,ID_437541bb4,/home/mahsa-nasehi/Desktop/IAAA/fracture/iaaa-contest-bct/Data/training/271013/ID_437541bb4.dcm,35,172.5,512,512,0,0,heldout_patient_fold,aa2d72a2538f26976441e6d52c8c11ca964533e55b3978b8345a70a019d52638,ea81da4d34ee1570c8dd3460a4e44f8f247a0ba0f55b701dbf5093d392e32021,negative,0,0.0,0.0,[],[],[],0.0,0
271013,da75522da98102ec45438af8b82387833b4b520fd65519615a79d1628e462cbc,ID_3e140fc59,/home/mahsa-nasehi/Desktop/IAAA/fracture/iaaa-contest-bct/Data/training/271013/ID_3e140fc59.dcm,36,177.5,512,512,0,0,heldout_patient_fold,aa2d72a2538f26976441e6d52c8c11ca964533e55b3978b8345a70a019d52638,ea81da4d34ee1570c8dd3460a4e44f8f247a0ba0f55b701dbf5093d392e32021,negative,0,0.0,0.0,[],[],[],0.0,0
271013,da75522da98102ec45438af8b82387833b4b520fd65519615a79d1628e462cbc,ID_5954cf04e,/home/mahsa-nasehi/Desktop/IAAA/fracture/iaaa-contest-bct/Data/training/271013/ID_5954cf04e.dcm,37,182.5,512,512,0,0,heldout_patient_fold,aa2d72a2538f26976441e6d52c8c11ca964533e55b3978b8345a70a019d52638,ea81da4d34ee1570c8dd3460a4e44f8f247a0ba0f55b701dbf5093d392e32021,negative,0,0.0,0.0,[],[],[],0.0,0
271159,1cde93aa0716be039d00b343355852954f0d1d0d999510f6c3be3435e2967d65,ID_bf37812c6,/home/mahsa-nasehi/Desktop/IAAA/fracture/iaaa-contest-bct/Data/training/271159/ID_bf37812c6.dcm,0,-50.858197598,512,512,0,0,heldout_patient_fold,aa2d72a2538f26976441e6d52c8c11ca964533e55b3978b8345a70a019d52638,ea81da4d34ee1570c8dd3460a4e44f8f247a0ba0f55b701dbf5093d392e32021,negative,0,0.0,0.0,[],[],[],0.0,0
271159,1cde93aa0716be039d00b343355852954f0d1d0d999510f6c3be3435e2967d65,ID_a8a10e3b1,/home/mahsa-nasehi/Desktop/IAAA/fracture/iaaa-contest-bct/Data/training/271159/ID_a8a10e3b1.dcm,1,-45.858014438,512,512,0,0,heldout_patient_fold,aa2d72a2538f26976441e6d52c8c11ca964533e55b3978b8345a70a019d52638,ea81da4d34ee1570c8dd3460a4e44f8f247a0ba0f55b701dbf5093d392e32021,negative,0,0.0,0.0,[],"[[370.0, 235.33334350585938, 406.0, 272.0]]",[0.018341064453125],0.018341064453125,1
271159,1cde93aa0716be039d00b343355852954f0d1d0d999510f6c3be3435e2967d65,ID_46d1d7d86,/home/mahsa-nasehi/Desktop/IAAA/fracture/iaaa-contest-bct/Data/training/271159/ID_46d1d7d86.dcm,2,-40.857831278,512,512,0,0,heldout_patient_fold,aa2d72a2538f26976441e6d52c8c11ca964533e55b3978b8345a70a019d52638,ea81da4d34ee1570c8dd3460a4e44f8f247a0ba0f55b701dbf5093d392e32021,negative,0,0.0,0.0,[],"[[83.66667175292969, 201.0, 455.3333435058594, 421.3333435058594]]",[0.011688232421875],0.011688232421875,1
271159,1cde93aa0716be039d00b343355852954f0d1d0d999510f6c3be3435e2967d65,ID_53700ecd6,/home/mahsa-nasehi/Desktop/IAAA/fracture/iaaa-contest-bct/Data/training/271159/ID_53700ecd6.dcm,3,-35.857648118,512,512,0,0,heldout_patient_fold,aa2d72a2538f26976441e6d52c8c11ca964533e55b3978b8345a70a019d52638,ea81da4d34ee1570c8dd3460a4e44f8f247a0ba0f55b701dbf5093d392e32021,negative,0,0.0,0.0,[],[],[],0.0,0
271159,1cde93aa0716be039d00b343355852954f0d1d0d999510f6c3be3435e2967d65,ID_0e0e97c95,/home/mahsa-nasehi/Desktop/IAAA/fracture/iaaa-contest-bct/Data/training/271159/ID_0e0e97c95.dcm,4,-30.860226472999997,512,512,0,0,heldout_patient_fold,aa2d72a2538f26976441e6d52c8c11ca964533e55b3978b8345a70a019d52638,ea81da4d34ee1570c8dd3460a4e44f8f247a0ba0f55b701dbf5093d392e32021,negative,0,0.0,0.0,[],[],[],0.0,0
271159,1cde93aa0716be039d00b343355852954f0d1d0d999510f6c3be3435e2967d65,ID_a9d950594,/home/mahsa-nasehi/Desktop/IAAA/fracture/iaaa-contest-bct/Data/training/271159/ID_a9d950594.dcm,5,-25.860043313,512,512,0,0,heldout_patient_fold,aa2d72a2538f26976441e6d52c8c11ca964533e55b3978b8345a70a019d52638,ea81da4d34ee1570c8dd3460a4e44f8f247a0ba0f55b701dbf5093d392e32021,negative,0,0.0,0.0,[],"[[144.33334350585938, 323.5, 179.33334350585938, 360.66668701171875]]",[0.1365966796875],0.1365966796875,1
271159,1cde93aa0716be039d00b343355852954f0d1d0d999510f6c3be3435e2967d65,ID_8e7df2771,/home/mahsa-nasehi/Desktop/IAAA/fracture/iaaa-contest-bct/Data/training/271159/ID_8e7df2771.dcm,6,-20.859860153,512,512,0,0,heldout_patient_fold,aa2d72a2538f26976441e6d52c8c11ca964533e55b3978b8345a70a019d52638,ea81da4d34ee1570c8dd3460a4e44f8f247a0ba0f55b701dbf5093d392e32021,negative,0,0.0,0.0,[],"[[142.33334350585938, 334.0, 176.83334350585938, 372.0]]",[0.0257568359375],0.0257568359375,1
271159,1cde93aa0716be039d00b343355852954f0d1d0d999510f6c3be3435e2967d65,ID_f443f5712,/home/mahsa-nasehi/Desktop/IAAA/fracture/iaaa-contest-bct/Data/training/271159/ID_f443f5712.dcm,7,-15.859676993,512,512,0,0,heldout_patient_fold,aa2d72a2538f26976441e6d52c8c11ca964533e55b3978b8345a70a019d52638,ea81da4d34ee1570c8dd3460a4e44f8f247a0ba0f55b701dbf5093d392e32021,negative,0,0.0,0.0,[],"[[389.0, 192.6666717529297, 425.0, 229.33334350585938]]",[0.01287078857421875],0.01287078857421875,1
271159,1cde93aa0716be039d00b343355852954f0d1d0d999510f6c3be3435e2967d65,ID_d9b87839e,/home/mahsa-nasehi/Desktop/IAAA/fracture/iaaa-contest-bct/Data/training/271159/ID_d9b87839e.dcm,8,-10.862255348000001,512,512,0,0,heldout_patient_fold,aa2d72a2538f26976441e6d52c8c11ca964533e55b3978b8345a70a019d52638,ea81da4d34ee1570c8dd3460a4e44f8f247a0ba0f55b701dbf5093d392e32021,negative,0,0.0,0.0,[],"[[396.66668701171875, 201.0, 432.66668701171875, 236.6666717529297]]",[0.021697998046875],0.021697998046875,1
271159,1cde93aa0716be039d00b343355852954f0d1d0d999510f6c3be3435e2967d65,ID_0d8c29eb4,/home/mahsa-nasehi/Desktop/IAAA/fracture/iaaa-contest-bct/Data/training/271159/ID_0d8c29eb4.dcm,9,-5.862072188,512,512,0,0,heldout_patient_fold,aa2d72a2538f26976441e6d52c8c11ca964533e55b3978b8345a70a019d52638,ea81da4d34ee1570c8dd3460a4e44f8f247a0ba0f55b701dbf5093d392e32021,negative,0,0.0,0.0,[],"[[398.66668701171875, 204.0, 435.3333435058594, 239.33334350585938]]",[0.01422882080078125],0.01422882080078125,1
271159,1cde93aa0716be039d00b343355852954f0d1d0d999510f6c3be3435e2967d65,ID_874d592c9,/home/mahsa-nasehi/Desktop/IAAA/fracture/iaaa-contest-bct/Data/training/271159/ID_874d592c9.dcm,10,-0.8618890279999974,512,512,0,0,heldout_patient_fold,aa2d72a2538f26976441e6d52c8c11ca964533e55b3978b8345a70a019d52638,ea81da4d34ee1570c8dd3460a4e44f8f247a0ba0f55b701dbf5093d392e32021,negative,0,0.0,0.0,[],"[[398.66668701171875, 203.83334350585938, 436.0, 239.1666717529297]]",[0.070556640625],0.070556640625,1
271159,1cde93aa0716be039d00b343355852954f0d1d0d999510f6c3be3435e2967d65,ID_817d4558b,/home/mahsa-nasehi/Desktop/IAAA/fracture/iaaa-contest-bct/Data/training/271159/ID_817d4558b.dcm,11,4.138294132000005,512,512,0,0,heldout_patient_fold,aa2d72a2538f26976441e6d52c8c11ca964533e55b3978b8345a70a019d52638,ea81da4d34ee1570c8dd3460a4e44f8f247a0ba0f55b701dbf5093d392e32021,negative,0,0.0,0.0,[],"[[398.66668701171875, 206.0, 436.0, 242.0]]",[0.026458740234375],0.026458740234375,1
271159,1cde93aa0716be039d00b343355852954f0d1d0d999510f6c3be3435e2967d65,ID_f74314a97,/home/mahsa-nasehi/Desktop/IAAA/fracture/iaaa-contest-bct/Data/training/271159/ID_f74314a97.dcm,12,9.135715777,512,512,0,0,heldout_patient_fold,aa2d72a2538f26976441e6d52c8c11ca964533e55b3978b8345a70a019d52638,ea81da4d34ee1570c8dd3460a4e44f8f247a0ba0f55b701dbf5093d392e32021,negative,0,0.0,0.0,[],[],[],0.0,0
271159,1cde93aa0716be039d00b343355852954f0d1d0d999510f6c3be3435e2967d65,ID_6483bb671,/home/mahsa-nasehi/Desktop/IAAA/fracture/iaaa-contest-bct/Data/training/271159/ID_6483bb671.dcm,13,14.135898936999995,512,512,0,0,heldout_patient_fold,aa2d72a2538f26976441e6d52c8c11ca964533e55b3978b8345a70a019d52638,ea81da4d34ee1570c8dd3460a4e44f8f247a0ba0f55b701dbf5093d392e32021,negative,0,0.0,0.0,[],"[[396.66668701171875, 208.33334350585938, 432.66668701171875, 245.6666717529297]]",[0.01056671142578125],0.01056671142578125,1
271159,1cde93aa0716be039d00b343355852954f0d1d0d999510f6c3be3435e2967d65,ID_8c2be1353,/home/mahsa-nasehi/Desktop/IAAA/fracture/iaaa-contest-bct/Data/training/271159/ID_8c2be1353.dcm,14,19.136082097,512,512,0,0,heldout_patient_fold,aa2d72a2538f26976441e6d52c8c11ca964533e55b3978b8345a70a019d52638,ea81da4d34ee1570c8dd3460a4e44f8f247a0ba0f55b701dbf5093d392e32021,negative,0,0.0,0.0,[],[],[],0.0,0
271159,1cde93aa0716be039d00b343355852954f0d1d0d999510f6c3be3435e2967d65,ID_36620e741,/home/mahsa-nasehi/Desktop/IAAA/fracture/iaaa-contest-bct/Data/training/271159/ID_36620e741.dcm,15,24.136265256999998,512,512,0,0,heldout_patient_fold,aa2d72a2538f26976441e6d52c8c11ca964533e55b3978b8345a70a019d52638,ea81da4d34ee1570c8dd3460a4e44f8f247a0ba0f55b701dbf5093d392e32021,negative,0,0.0,0.0,[],"[[309.0, 112.41667175292969, 456.3333435058594, 291.0]]",[0.01049041748046875],0.01049041748046875,1
271159,1cde93aa0716be039d00b343355852954f0d1d0d999510f6c3be3435e2967d65,ID_cc4534bea,/home/mahsa-nasehi/Desktop/IAAA/fracture/iaaa-contest-bct/Data/training/271159/ID_cc4534bea.dcm,16,29.133686902,512,512,0,0,heldout_patient_fold,aa2d72a2538f26976441e6d52c8c11ca964533e55b3978b8345a70a019d52638,ea81da4d34ee1570c8dd3460a4e44f8f247a0ba0f55b701dbf5093d392e32021,negative,0,0.0,0.0,[],[],[],0.0,0
271159,1cde93aa0716be039d00b343355852954f0d1d0d999510f6c3be3435e2967d65,ID_c6a0e7848,/home/mahsa-nasehi/Desktop/IAAA/fracture/iaaa-contest-bct/Data/training/271159/ID_c6a0e7848.dcm,17,34.13387006200001,512,512,0,0,heldout_patient_fold,aa2d72a2538f26976441e6d52c8c11ca964533e55b3978b8345a70a019d52638,ea81da4d34ee1570c8dd3460a4e44f8f247a0ba0f55b701dbf5093d392e32021,negative,0,0.0,0.0,[],"[[310.16668701171875, 136.83334350585938, 452.66668701171875, 307.16668701171875], [316.66668701171875, 152.5, 383.3333435058594, 215.1666717529297], [280.0, 105.75, 417.3333435058594, 273.0]]","[0.015899658203125, 0.01363372802734375, 0.0121917724609375]",0.015899658203125,3
271159,1cde93aa0716be039d00b343355852954f0d1d0d999510f6c3be3435e2967d65,ID_d817bd04e,/home/mahsa-nasehi/Desktop/IAAA/fracture/iaaa-contest-bct/Data/training/271159/ID_d817bd04e.dcm,18,39.134053222000006,512,512,0,0,heldout_patient_fold,aa2d72a2538f26976441e6d52c8c11ca964533e55b3978b8345a70a019d52638,ea81da4d34ee1570c8dd3460a4e44f8f247a0ba0f55b701dbf5093d392e32021,negative,0,0.0,0.0,[],[],[],0.0,0
271159,1cde93aa0716be039d00b343355852954f0d1d0d999510f6c3be3435e2967d65,ID_f300ddff3,/home/mahsa-nasehi/Desktop/IAAA/fracture/iaaa-contest-bct/Data/training/271159/ID_f300ddff3.dcm,19,44.134236382000005,512,512,0,0,heldout_patient_fold,aa2d72a2538f26976441e6d52c8c11ca964533e55b3978b8345a70a019d52638,ea81da4d34ee1570c8dd3460a4e44f8f247a0ba0f55b701dbf5093d392e32021,negative,0,0.0,0.0,[],"[[280.5, 136.0, 422.0, 306.0]]",[0.0224609375],0.0224609375,1
271159,1cde93aa0716be039d00b343355852954f0d1d0d999510f6c3be3435e2967d65,ID_f524b5c56,/home/mahsa-nasehi/Desktop/IAAA/fracture/iaaa-contest-bct/Data/training/271159/ID_f524b5c56.dcm,20,49.131658027,512,512,0,0,heldout_patient_fold,aa2d72a2538f26976441e6d52c8c11ca964533e55b3978b8345a70a019d52638,ea81da4d34ee1570c8dd3460a4e44f8f247a0ba0f55b701dbf5093d392e32021,negative,0,0.0,0.0,[],"[[326.3333435058594, 212.33334350585938, 393.66668701171875, 273.3333435058594], [377.3333435058594, 318.3333435058594, 414.0, 354.0], [279.0, 156.4166717529297, 425.0, 329.0]]","[0.01467132568359375, 0.01358795166015625, 0.01262664794921875]",0.01467132568359375,3
271159,1cde93aa0716be039d00b343355852954f0d1d0d999510f6c3be3435e2967d65,ID_ab62bf686,/home/mahsa-nasehi/Desktop/IAAA/fracture/iaaa-contest-bct/Data/training/271159/ID_ab62bf686.dcm,21,54.131841187,512,512,0,0,heldout_patient_fold,aa2d72a2538f26976441e6d52c8c11ca964533e55b3978b8345a70a019d52638,ea81da4d34ee1570c8dd3460a4e44f8f247a0ba0f55b701dbf5093d392e32021,negative,0,0.0,0.0,[],[],[],0.0,0
271159,1cde93aa0716be039d00b343355852954f0d1d0d999510f6c3be3435e2967d65,ID_668f5f6bb,/home/mahsa-nasehi/Desktop/IAAA/fracture/iaaa-contest-bct/Data/training/271159/ID_668f5f6bb.dcm,22,59.132024347,512,512,0,0,heldout_patient_fold,aa2d72a2538f26976441e6d52c8c11ca964533e55b3978b8345a70a019d52638,ea81da4d34ee1570c8dd3460a4e44f8f247a0ba0f55b701dbf5093d392e32021,negative,0,0.0,0.0,[],[],[],0.0,0
271159,1cde93aa0716be039d00b343355852954f0d1d0d999510f6c3be3435e2967d65,ID_7625ab155,/home/mahsa-nasehi/Desktop/IAAA/fracture/iaaa-contest-bct/Data/training/271159/ID_7625ab155.dcm,23,64.132207507,512,512,0,0,heldout_patient_fold,aa2d72a2538f26976441e6d52c8c11ca964533e55b3978b8345a70a019d52638,ea81da4d34ee1570c8dd3460a4e44f8f247a0ba0f55b701dbf5093d392e32021,negative,0,0.0,0.0,[],"[[345.3333435058594, 344.66668701171875, 382.0, 380.66668701171875]]",[0.010528564453125],0.010528564453125,1
271159,1cde93aa0716be039d00b343355852954f0d1d0d999510f6c3be3435e2967d65,ID_f4c870216,/home/mahsa-nasehi/Desktop/IAAA/fracture/iaaa-contest-bct/Data/training/271159/ID_f4c870216.dcm,24,69.129629152,512,512,0,0,heldout_patient_fold,aa2d72a2538f26976441e6d52c8c11ca964533e55b3978b8345a70a019d52638,ea81da4d34ee1570c8dd3460a4e44f8f247a0ba0f55b701dbf5093d392e32021,negative,0,0.0,0.0,[],[],[],0.0,0
271159,1cde93aa0716be039d00b343355852954f0d1d0d999510f6c3be3435e2967d65,ID_5384dfda7,/home/mahsa-nasehi/Desktop/IAAA/fracture/iaaa-contest-bct/Data/training/271159/ID_5384dfda7.dcm,25,74.129812312,512,512,0,0,heldout_patient_fold,aa2d72a2538f26976441e6d52c8c11ca964533e55b3978b8345a70a019d52638,ea81da4d34ee1570c8dd3460a4e44f8f247a0ba0f55b701dbf5093d392e32021,negative,0,0.0,0.0,[],[],[],0.0,0
271159,1cde93aa0716be039d00b343355852954f0d1d0d999510f6c3be3435e2967d65,ID_fa74edb2f,/home/mahsa-nasehi/Desktop/IAAA/fracture/iaaa-contest-bct/Data/training/271159/ID_fa74edb2f.dcm,26,79.129995472,512,512,0,0,heldout_patient_fold,aa2d72a2538f26976441e6d52c8c11ca964533e55b3978b8345a70a019d52638,ea81da4d34ee1570c8dd3460a4e44f8f247a0ba0f55b701dbf5093d392e32021,negative,0,0.0,0.0,[],[],[],0.0,0
271159,1cde93aa0716be039d00b343355852954f0d1d0d999510f6c3be3435e2967d65,ID_867176cc5,/home/mahsa-nasehi/Desktop/IAAA/fracture/iaaa-contest-bct/Data/training/271159/ID_867176cc5.dcm,27,84.130178632,512,512,0,0,heldout_patient_fold,aa2d72a2538f26976441e6d52c8c11ca964533e55b3978b8345a70a019d52638,ea81da4d34ee1570c8dd3460a4e44f8f247a0ba0f55b701dbf5093d392e32021,negative,0,0.0,0.0,[],[],[],0.0,0
271208,d103224800bddd812d6d4cc454211dd70fee8ddd8015169acae71384d57af5a3,ID_beba6a8e7,/home/mahsa-nasehi/Desktop/IAAA/fracture/iaaa-contest-bct/Data/training/271208/ID_beba6a8e7.dcm,0,-41.044407203,512,512,0,0,heldout_patient_fold,aa2d72a2538f26976441e6d52c8c11ca964533e55b3978b8345a70a019d52638,ea81da4d34ee1570c8dd3460a4e44f8f247a0ba0f55b701dbf5093d392e32021,negative,0,0.0,0.0,[],[],[],0.0,0
271208,d103224800bddd812d6d4cc454211dd70fee8ddd8015169acae71384d57af5a3,ID_e482af39d,/home/mahsa-nasehi/Desktop/IAAA/fracture/iaaa-contest-bct/Data/training/271208/ID_e482af39d.dcm,1,-36.043942307,512,512,0,0,heldout_patient_fold,aa2d72a2538f26976441e6d52c8c11ca964533e55b3978b8345a70a019d52638,ea81da4d34ee1570c8dd3460a4e44f8f247a0ba0f55b701dbf5093d392e32021,negative,0,0.0,0.0,[],[],[],0.0,0
271208,d103224800bddd812d6d4cc454211dd70fee8ddd8015169acae71384d57af5a3,ID_4f4c7acd0,/home/mahsa-nasehi/Desktop/IAAA/fracture/iaaa-contest-bct/Data/training/271208/ID_4f4c7acd0.dcm,2,-31.044466427,512,512,0,0,heldout_patient_fold,aa2d72a2538f26976441e6d52c8c11ca964533e55b3978b8345a70a019d52638,ea81da4d34ee1570c8dd3460a4e44f8f247a0ba0f55b701dbf5093d392e32021,negative,0,0.0,0.0,[],[],[],0.0,0
271208,d103224800bddd812d6d4cc454211dd70fee8ddd8015169acae71384d57af5a3,ID_a39f8e984,/home/mahsa-nasehi/Desktop/IAAA/fracture/iaaa-contest-bct/Data/training/271208/ID_a39f8e984.dcm,3,-26.044001531,512,512,0,0,heldout_patient_fold,aa2d72a2538f26976441e6d52c8c11ca964533e55b3978b8345a70a019d52638,ea81da4d34ee1570c8dd3460a4e44f8f247a0ba0f55b701dbf5093d392e32021,negative,0,0.0,0.0,[],[],[],0.0,0
271208,d103224800bddd812d6d4cc454211dd70fee8ddd8015169acae71384d57af5a3,ID_36d6d9505,/home/mahsa-nasehi/Desktop/IAAA/fracture/iaaa-contest-bct/Data/training/271208/ID_36d6d9505.dcm,4,-21.044525651,512,512,0,0,heldout_patient_fold,aa2d72a2538f26976441e6d52c8c11ca964533e55b3978b8345a70a019d52638,ea81da4d34ee1570c8dd3460a4e44f8f247a0ba0f55b701dbf5093d392e32021,negative,0,0.0,0.0,[],"[[249.6666717529297, 193.6666717529297, 384.3333435058594, 360.66668701171875]]",[0.024993896484375],0.024993896484375,1
271208,d103224800bddd812d6d4cc454211dd70fee8ddd8015169acae71384d57af5a3,ID_bc8964694,/home/mahsa-nasehi/Desktop/IAAA/fracture/iaaa-contest-bct/Data/training/271208/ID_bc8964694.dcm,5,-16.044060755,512,512,0,0,heldout_patient_fold,aa2d72a2538f26976441e6d52c8c11ca964533e55b3978b8345a70a019d52638,ea81da4d34ee1570c8dd3460a4e44f8f247a0ba0f55b701dbf5093d392e32021,negative,0,0.0,0.0,[],"[[184.0, 164.6666717529297, 317.0, 324.0]]",[0.03759765625],0.03759765625,1
271208,d103224800bddd812d6d4cc454211dd70fee8ddd8015169acae71384d57af5a3,ID_b5c984cc4,/home/mahsa-nasehi/Desktop/IAAA/fracture/iaaa-contest-bct/Data/training/271208/ID_b5c984cc4.dcm,6,-11.044584875,512,512,0,0,heldout_patient_fold,aa2d72a2538f26976441e6d52c8c11ca964533e55b3978b8345a70a019d52638,ea81da4d34ee1570c8dd3460a4e44f8f247a0ba0f55b701dbf5093d392e32021,negative,0,0.0,0.0,[],[],[],0.0,0
271208,d103224800bddd812d6d4cc454211dd70fee8ddd8015169acae71384d57af5a3,ID_930fe240e,/home/mahsa-nasehi/Desktop/IAAA/fracture/iaaa-contest-bct/Data/training/271208/ID_930fe240e.dcm,7,-6.044119979,512,512,0,0,heldout_patient_fold,aa2d72a2538f26976441e6d52c8c11ca964533e55b3978b8345a70a019d52638,ea81da4d34ee1570c8dd3460a4e44f8f247a0ba0f55b701dbf5093d392e32021,negative,0,0.0,0.0,[],[],[],0.0,0
271208,d103224800bddd812d6d4cc454211dd70fee8ddd8015169acae71384d57af5a3,ID_1994c06ec,/home/mahsa-nasehi/Desktop/IAAA/fracture/iaaa-contest-bct/Data/training/271208/ID_1994c06ec.dcm,8,-1.0446440990000008,512,512,0,0,heldout_patient_fold,aa2d72a2538f26976441e6d52c8c11ca964533e55b3978b8345a70a019d52638,ea81da4d34ee1570c8dd3460a4e44f8f247a0ba0f55b701dbf5093d392e32021,negative,0,0.0,0.0,[],"[[148.33334350585938, 309.66668701171875, 184.6666717529297, 346.3333435058594]]",[0.04486083984375],0.04486083984375,1
271208,d103224800bddd812d6d4cc454211dd70fee8ddd8015169acae71384d57af5a3,ID_549a2ba89,/home/mahsa-nasehi/Desktop/IAAA/fracture/iaaa-contest-bct/Data/training/271208/ID_549a2ba89.dcm,9,3.9558207970000003,512,512,0,0,heldout_patient_fold,aa2d72a2538f26976441e6d52c8c11ca964533e55b3978b8345a70a019d52638,ea81da4d34ee1570c8dd3460a4e44f8f247a0ba0f55b701dbf5093d392e32021,negative,0,0.0,0.0,[],"[[375.3333435058594, 301.3333435058594, 411.3333435058594, 338.66668701171875]]",[0.0263519287109375],0.0263519287109375,1
271208,d103224800bddd812d6d4cc454211dd70fee8ddd8015169acae71384d57af5a3,ID_a9527392c,/home/mahsa-nasehi/Desktop/IAAA/fracture/iaaa-contest-bct/Data/training/271208/ID_a9527392c.dcm,10,8.955296677,512,512,0,0,heldout_patient_fold,aa2d72a2538f26976441e6d52c8c11ca964533e55b3978b8345a70a019d52638,ea81da4d34ee1570c8dd3460a4e44f8f247a0ba0f55b701dbf5093d392e32021,negative,0,0.0,0.0,[],[],[],0.0,0
271208,d103224800bddd812d6d4cc454211dd70fee8ddd8015169acae71384d57af5a3,ID_40412db07,/home/mahsa-nasehi/Desktop/IAAA/fracture/iaaa-contest-bct/Data/training/271208/ID_40412db07.dcm,11,13.955761573,512,512,0,0,heldout_patient_fold,aa2d72a2538f26976441e6d52c8c11ca964533e55b3978b8345a70a019d52638,ea81da4d34ee1570c8dd3460a4e44f8f247a0ba0f55b701dbf5093d392e32021,negative,0,0.0,0.0,[],[],[],0.0,0
271208,d103224800bddd812d6d4cc454211dd70fee8ddd8015169acae71384d57af5a3,ID_bb49c64cf,/home/mahsa-nasehi/Desktop/IAAA/fracture/iaaa-contest-bct/Data/training/271208/ID_bb49c64cf.dcm,12,18.955237453000002,512,512,0,0,heldout_patient_fold,aa2d72a2538f26976441e6d52c8c11ca964533e55b3978b8345a70a019d52638,ea81da4d34ee1570c8dd3460a4e44f8f247a0ba0f55b701dbf5093d392e32021,negative,0,0.0,0.0,[],[],[],0.0,0
271208,d103224800bddd812d6d4cc454211dd70fee8ddd8015169acae71384d57af5a3,ID_5efa56e92,/home/mahsa-nasehi/Desktop/IAAA/fracture/iaaa-contest-bct/Data/training/271208/ID_5efa56e92.dcm,13,23.955702349,512,512,0,0,heldout_patient_fold,aa2d72a2538f26976441e6d52c8c11ca964533e55b3978b8345a70a019d52638,ea81da4d34ee1570c8dd3460a4e44f8f247a0ba0f55b701dbf5093d392e32021,negative,0,0.0,0.0,[],"[[388.66668701171875, 192.33334350585938, 424.66668701171875, 229.0], [368.0, 179.33334350585938, 434.66668701171875, 242.33334350585938], [177.33334350585938, 144.6666717529297, 214.0, 180.6666717529297]]","[0.1602783203125, 0.07366943359375, 0.0169830322265625]",0.1602783203125,3
271208,d103224800bddd812d6d4cc454211dd70fee8ddd8015169acae71384d57af5a3,ID_d29266e02,/home/mahsa-nasehi/Desktop/IAAA/fracture/iaaa-contest-bct/Data/training/271208/ID_d29266e02.dcm,14,28.955178228999998,512,512,0,0,heldout_patient_fold,aa2d72a2538f26976441e6d52c8c11ca964533e55b3978b8345a70a019d52638,ea81da4d34ee1570c8dd3460a4e44f8f247a0ba0f55b701dbf5093d392e32021,negative,0,0.0,0.0,[],"[[394.0, 198.0, 430.0, 235.0], [159.33334350585938, 179.33334350585938, 195.6666717529297, 216.0], [373.3333435058594, 180.33334350585938, 441.3333435058594, 243.0], [166.83334350585938, 166.1666717529297, 203.5, 202.1666717529297], [386.0, 192.0, 422.0, 229.33334350585938]]","[0.1285400390625, 0.031494140625, 0.027801513671875, 0.0163421630859375, 0.01132965087890625]",0.1285400390625,5
271208,d103224800bddd812d6d4cc454211dd70fee8ddd8015169acae71384d57af5a3,ID_6527c67bf,/home/mahsa-nasehi/Desktop/IAAA/fracture/iaaa-contest-bct/Data/training/271208/ID_6527c67bf.dcm,15,33.955643125,512,512,0,0,heldout_patient_fold,aa2d72a2538f26976441e6d52c8c11ca964533e55b3978b8345a70a019d52638,ea81da4d34ee1570c8dd3460a4e44f8f247a0ba0f55b701dbf5093d392e32021,negative,0,0.0,0.0,[],"[[395.3333435058594, 200.83334350585938, 430.0, 238.1666717529297], [379.3333435058594, 185.6666717529297, 446.0, 247.6666717529297]]","[0.026458740234375, 0.01132965087890625]",0.026458740234375,2
271208,d103224800bddd812d6d4cc454211dd70fee8ddd8015169acae71384d57af5a3,ID_92beb6354,/home/mahsa-nasehi/Desktop/IAAA/fracture/iaaa-contest-bct/Data/training/271208/ID_92beb6354.dcm,16,38.955119005,512,512,0,0,heldout_patient_fold,aa2d72a2538f26976441e6d52c8c11ca964533e55b3978b8345a70a019d52638,ea81da4d34ee1570c8dd3460a4e44f8f247a0ba0f55b701dbf5093d392e32021,negative,0,0.0,0.0,[],[],[],0.0,0
271208,d103224800bddd812d6d4cc454211dd70fee8ddd8015169acae71384d57af5a3,ID_6062edeee,/home/mahsa-nasehi/Desktop/IAAA/fracture/iaaa-contest-bct/Data/training/271208/ID_6062edeee.dcm,17,43.955583901,512,512,0,0,heldout_patient_fold,aa2d72a2538f26976441e6d52c8c11ca964533e55b3978b8345a70a019d52638,ea81da4d34ee1570c8dd3460a4e44f8f247a0ba0f55b701dbf5093d392e32021,negative,0,0.0,0.0,[],"[[158.5, 187.1666717529297, 195.5, 223.5]]",[0.0101318359375],0.0101318359375,1
271208,d103224800bddd812d6d4cc454211dd70fee8ddd8015169acae71384d57af5a3,ID_ec81aed3a,/home/mahsa-nasehi/Desktop/IAAA/fracture/iaaa-contest-bct/Data/training/271208/ID_ec81aed3a.dcm,18,48.955059781,512,512,0,0,heldout_patient_fold,aa2d72a2538f26976441e6d52c8c11ca964533e55b3978b8345a70a019d52638,ea81da4d34ee1570c8dd3460a4e44f8f247a0ba0f55b701dbf5093d392e32021,negative,0,0.0,0.0,[],[],[],0.0,0
271208,d103224800bddd812d6d4cc454211dd70fee8ddd8015169acae71384d57af5a3,ID_7d49e71f6,/home/mahsa-nasehi/Desktop/IAAA/fracture/iaaa-contest-bct/Data/training/271208/ID_7d49e71f6.dcm,19,53.955524677,512,512,0,0,heldout_patient_fold,aa2d72a2538f26976441e6d52c8c11ca964533e55b3978b8345a70a019d52638,ea81da4d34ee1570c8dd3460a4e44f8f247a0ba0f55b701dbf5093d392e32021,negative,0,0.0,0.0,[],[],[],0.0,0
271208,d103224800bddd812d6d4cc454211dd70fee8ddd8015169acae71384d57af5a3,ID_5afb57ee1,/home/mahsa-nasehi/Desktop/IAAA/fracture/iaaa-contest-bct/Data/training/271208/ID_5afb57ee1.dcm,20,58.955000557000005,512,512,0,0,heldout_patient_fold,aa2d72a2538f26976441e6d52c8c11ca964533e55b3978b8345a70a019d52638,ea81da4d34ee1570c8dd3460a4e44f8f247a0ba0f55b701dbf5093d392e32021,negative,0,0.0,0.0,[],[],[],0.0,0
271208,d103224800bddd812d6d4cc454211dd70fee8ddd8015169acae71384d57af5a3,ID_c85a1508a,/home/mahsa-nasehi/Desktop/IAAA/fracture/iaaa-contest-bct/Data/training/271208/ID_c85a1508a.dcm,21,63.955465453,512,512,0,0,heldout_patient_fold,aa2d72a2538f26976441e6d52c8c11ca964533e55b3978b8345a70a019d52638,ea81da4d34ee1570c8dd3460a4e44f8f247a0ba0f55b701dbf5093d392e32021,negative,0,0.0,0.0,[],[],[],0.0,0
271208,d103224800bddd812d6d4cc454211dd70fee8ddd8015169acae71384d57af5a3,ID_19f7aab95,/home/mahsa-nasehi/Desktop/IAAA/fracture/iaaa-contest-bct/Data/training/271208/ID_19f7aab95.dcm,22,68.95494133300001,512,512,0,0,heldout_patient_fold,aa2d72a2538f26976441e6d52c8c11ca964533e55b3978b8345a70a019d52638,ea81da4d34ee1570c8dd3460a4e44f8f247a0ba0f55b701dbf5093d392e32021,negative,0,0.0,0.0,[],[],[],0.0,0
271208,d103224800bddd812d6d4cc454211dd70fee8ddd8015169acae71384d57af5a3,ID_ba5779bf8,/home/mahsa-nasehi/Desktop/IAAA/fracture/iaaa-contest-bct/Data/training/271208/ID_ba5779bf8.dcm,23,73.955406229,512,512,0,0,heldout_patient_fold,aa2d72a2538f26976441e6d52c8c11ca964533e55b3978b8345a70a019d52638,ea81da4d34ee1570c8dd3460a4e44f8f247a0ba0f55b701dbf5093d392e32021,negative,0,0.0,0.0,[],[],[],0.0,0
271208,d103224800bddd812d6d4cc454211dd70fee8ddd8015169acae71384d57af5a3,ID_3a37c7f62,/home/mahsa-nasehi/Desktop/IAAA/fracture/iaaa-contest-bct/Data/training/271208/ID_3a37c7f62.dcm,24,78.954882109,512,512,0,0,heldout_patient_fold,aa2d72a2538f26976441e6d52c8c11ca964533e55b3978b8345a70a019d52638,ea81da4d34ee1570c8dd3460a4e44f8f247a0ba0f55b701dbf5093d392e32021,negative,0,0.0,0.0,[],[],[],0.0,0
271208,d103224800bddd812d6d4cc454211dd70fee8ddd8015169acae71384d57af5a3,ID_b78747948,/home/mahsa-nasehi/Desktop/IAAA/fracture/iaaa-contest-bct/Data/training/271208/ID_b78747948.dcm,25,83.955347005,512,512,0,0,heldout_patient_fold,aa2d72a2538f26976441e6d52c8c11ca964533e55b3978b8345a70a019d52638,ea81da4d34ee1570c8dd3460a4e44f8f247a0ba0f55b701dbf5093d392e32021,negative,0,0.0,0.0,[],[],[],0.0,0
271208,d103224800bddd812d6d4cc454211dd70fee8ddd8015169acae71384d57af5a3,ID_9a46ed194,/home/mahsa-nasehi/Desktop/IAAA/fracture/iaaa-contest-bct/Data/training/271208/ID_9a46ed194.dcm,26,88.954822885,512,512,0,0,heldout_patient_fold,aa2d72a2538f26976441e6d52c8c11ca964533e55b3978b8345a70a019d52638,ea81da4d34ee1570c8dd3460a4e44f8f247a0ba0f55b701dbf5093d392e32021,negative,0,0.0,0.0,[],[],[],0.0,0
271208,d103224800bddd812d6d4cc454211dd70fee8ddd8015169acae71384d57af5a3,ID_2336d1908,/home/mahsa-nasehi/Desktop/IAAA/fracture/iaaa-contest-bct/Data/training/271208/ID_2336d1908.dcm,27,93.955287781,512,512,0,0,heldout_patient_fold,aa2d72a2538f26976441e6d52c8c11ca964533e55b3978b8345a70a019d52638,ea81da4d34ee1570c8dd3460a4e44f8f247a0ba0f55b701dbf5093d392e32021,negative,0,0.0,0.0,[],"[[366.66668701171875, 272.66668701171875, 403.3333435058594, 308.3333435058594]]",[0.01483917236328125],0.01483917236328125,1
271208,d103224800bddd812d6d4cc454211dd70fee8ddd8015169acae71384d57af5a3,ID_f480de01a,/home/mahsa-nasehi/Desktop/IAAA/fracture/iaaa-contest-bct/Data/training/271208/ID_f480de01a.dcm,28,98.954763661,512,512,0,0,heldout_patient_fold,aa2d72a2538f26976441e6d52c8c11ca964533e55b3978b8345a70a019d52638,ea81da4d34ee1570c8dd3460a4e44f8f247a0ba0f55b701dbf5093d392e32021,negative,0,0.0,0.0,[],[],[],0.0,0
271208,d103224800bddd812d6d4cc454211dd70fee8ddd8015169acae71384d57af5a3,ID_cf3e5a398,/home/mahsa-nasehi/Desktop/IAAA/fracture/iaaa-contest-bct/Data/training/271208/ID_cf3e5a398.dcm,29,103.955228557,512,512,0,0,heldout_patient_fold,aa2d72a2538f26976441e6d52c8c11ca964533e55b3978b8345a70a019d52638,ea81da4d34ee1570c8dd3460a4e44f8f247a0ba0f55b701dbf5093d392e32021,negative,0,0.0,0.0,[],[],[],0.0,0
271208,d103224800bddd812d6d4cc454211dd70fee8ddd8015169acae71384d57af5a3,ID_5edd92704,/home/mahsa-nasehi/Desktop/IAAA/fracture/iaaa-contest-bct/Data/training/271208/ID_5edd92704.dcm,30,108.95470443699999,512,512,0,0,heldout_patient_fold,aa2d72a2538f26976441e6d52c8c11ca964533e55b3978b8345a70a019d52638,ea81da4d34ee1570c8dd3460a4e44f8f247a0ba0f55b701dbf5093d392e32021,negative,0,0.0,0.0,[],"[[299.66668701171875, 217.83334350585938, 367.0, 280.16668701171875]]",[0.0391845703125],0.0391845703125,1
271208,d103224800bddd812d6d4cc454211dd70fee8ddd8015169acae71384d57af5a3,ID_39cbeed28,/home/mahsa-nasehi/Desktop/IAAA/fracture/iaaa-contest-bct/Data/training/271208/ID_39cbeed28.dcm,31,113.95516933300001,512,512,0,0,heldout_patient_fold,aa2d72a2538f26976441e6d52c8c11ca964533e55b3978b8345a70a019d52638,ea81da4d34ee1570c8dd3460a4e44f8f247a0ba0f55b701dbf5093d392e32021,negative,0,0.0,0.0,[],[],[],0.0,0
271208,d103224800bddd812d6d4cc454211dd70fee8ddd8015169acae71384d57af5a3,ID_85cadb03e,/home/mahsa-nasehi/Desktop/IAAA/fracture/iaaa-contest-bct/Data/training/271208/ID_85cadb03e.dcm,32,118.95464521300002,512,512,0,0,heldout_patient_fold,aa2d72a2538f26976441e6d52c8c11ca964533e55b3978b8345a70a019d52638,ea81da4d34ee1570c8dd3460a4e44f8f247a0ba0f55b701dbf5093d392e32021,negative,0,0.0,0.0,[],[],[],0.0,0
271208,d103224800bddd812d6d4cc454211dd70fee8ddd8015169acae71384d57af5a3,ID_c4d842b31,/home/mahsa-nasehi/Desktop/IAAA/fracture/iaaa-contest-bct/Data/training/271208/ID_c4d842b31.dcm,33,123.955110109,512,512,0,0,heldout_patient_fold,aa2d72a2538f26976441e6d52c8c11ca964533e55b3978b8345a70a019d52638,ea81da4d34ee1570c8dd3460a4e44f8f247a0ba0f55b701dbf5093d392e32021,negative,0,0.0,0.0,[],[],[],0.0,0
271208,d103224800bddd812d6d4cc454211dd70fee8ddd8015169acae71384d57af5a3,ID_2b0ff2f6b,/home/mahsa-nasehi/Desktop/IAAA/fracture/iaaa-contest-bct/Data/training/271208/ID_2b0ff2f6b.dcm,34,128.954585989,512,512,0,0,heldout_patient_fold,aa2d72a2538f26976441e6d52c8c11ca964533e55b3978b8345a70a019d52638,ea81da4d34ee1570c8dd3460a4e44f8f247a0ba0f55b701dbf5093d392e32021,negative,0,0.0,0.0,[],[],[],0.0,0
271208,d103224800bddd812d6d4cc454211dd70fee8ddd8015169acae71384d57af5a3,ID_f6a3a86c9,/home/mahsa-nasehi/Desktop/IAAA/fracture/iaaa-contest-bct/Data/training/271208/ID_f6a3a86c9.dcm,35,133.955050885,512,512,0,0,heldout_patient_fold,aa2d72a2538f26976441e6d52c8c11ca964533e55b3978b8345a70a019d52638,ea81da4d34ee1570c8dd3460a4e44f8f247a0ba0f55b701dbf5093d392e32021,negative,0,0.0,0.0,[],[],[],0.0,0
271313,37aeefb95d856cf81d18642c39b56ae8ddbe6c7929cee040bc246dc20208008c,ID_13549977f,/home/mahsa-nasehi/Desktop/IAAA/fracture/iaaa-contest-bct/Data/training/271313/ID_13549977f.dcm,0,-76.02649855599999,512,512,0,0,heldout_patient_fold,aa2d72a2538f26976441e6d52c8c11ca964533e55b3978b8345a70a019d52638,ea81da4d34ee1570c8dd3460a4e44f8f247a0ba0f55b701dbf5093d392e32021,negative,0,0.0,0.0,[],[],[],0.0,0
271313,37aeefb95d856cf81d18642c39b56ae8ddbe6c7929cee040bc246dc20208008c,ID_ae4be622d,/home/mahsa-nasehi/Desktop/IAAA/fracture/iaaa-contest-bct/Data/training/271313/ID_ae4be622d.dcm,1,-71.02693601600001,512,512,0,0,heldout_patient_fold,aa2d72a2538f26976441e6d52c8c11ca964533e55b3978b8345a70a019d52638,ea81da4d34ee1570c8dd3460a4e44f8f247a0ba0f55b701dbf5093d392e32021,negative,0,0.0,0.0,[],"[[79.04167175292969, 0.0, 216.0, 136.83334350585938]]",[0.039947509765625],0.039947509765625,1
271313,37aeefb95d856cf81d18642c39b56ae8ddbe6c7929cee040bc246dc20208008c,ID_7f3a3c217,/home/mahsa-nasehi/Desktop/IAAA/fracture/iaaa-contest-bct/Data/training/271313/ID_7f3a3c217.dcm,2,-66.026417171,512,512,0,0,heldout_patient_fold,aa2d72a2538f26976441e6d52c8c11ca964533e55b3978b8345a70a019d52638,ea81da4d34ee1570c8dd3460a4e44f8f247a0ba0f55b701dbf5093d392e32021,negative,0,0.0,0.0,[],"[[111.25, 0.0, 244.6666717529297, 131.25]]",[0.06781005859375],0.06781005859375,1
271313,37aeefb95d856cf81d18642c39b56ae8ddbe6c7929cee040bc246dc20208008c,ID_e15f0681e,/home/mahsa-nasehi/Desktop/IAAA/fracture/iaaa-contest-bct/Data/training/271313/ID_e15f0681e.dcm,3,-61.026854631,512,512,0,0,heldout_patient_fold,aa2d72a2538f26976441e6d52c8c11ca964533e55b3978b8345a70a019d52638,ea81da4d34ee1570c8dd3460a4e44f8f247a0ba0f55b701dbf5093d392e32021,negative,0,0.0,0.0,[],"[[111.58333587646484, 0.0, 242.33334350585938, 132.83334350585938]]",[0.01177978515625],0.01177978515625,1
271313,37aeefb95d856cf81d18642c39b56ae8ddbe6c7929cee040bc246dc20208008c,ID_3da5a1ece,/home/mahsa-nasehi/Desktop/IAAA/fracture/iaaa-contest-bct/Data/training/271313/ID_3da5a1ece.dcm,4,-56.026335786000004,512,512,0,0,heldout_patient_fold,aa2d72a2538f26976441e6d52c8c11ca964533e55b3978b8345a70a019d52638,ea81da4d34ee1570c8dd3460a4e44f8f247a0ba0f55b701dbf5093d392e32021,negative,0,0.0,0.0,[],[],[],0.0,0
271313,37aeefb95d856cf81d18642c39b56ae8ddbe6c7929cee040bc246dc20208008c,ID_0c695ef7f,/home/mahsa-nasehi/Desktop/IAAA/fracture/iaaa-contest-bct/Data/training/271313/ID_0c695ef7f.dcm,5,-51.026773246000005,512,512,0,0,heldout_patient_fold,aa2d72a2538f26976441e6d52c8c11ca964533e55b3978b8345a70a019d52638,ea81da4d34ee1570c8dd3460a4e44f8f247a0ba0f55b701dbf5093d392e32021,negative,0,0.0,0.0,[],[],[],0.0,0
271313,37aeefb95d856cf81d18642c39b56ae8ddbe6c7929cee040bc246dc20208008c,ID_febef3544,/home/mahsa-nasehi/Desktop/IAAA/fracture/iaaa-contest-bct/Data/training/271313/ID_febef3544.dcm,6,-46.026254401,512,512,0,0,heldout_patient_fold,aa2d72a2538f26976441e6d52c8c11ca964533e55b3978b8345a70a019d52638,ea81da4d34ee1570c8dd3460a4e44f8f247a0ba0f55b701dbf5093d392e32021,negative,0,0.0,0.0,[],[],[],0.0,0
271313,37aeefb95d856cf81d18642c39b56ae8ddbe6c7929cee040bc246dc20208008c,ID_dc3ab3213,/home/mahsa-nasehi/Desktop/IAAA/fracture/iaaa-contest-bct/Data/training/271313/ID_dc3ab3213.dcm,7,-41.026691861,512,512,0,0,heldout_patient_fold,aa2d72a2538f26976441e6d52c8c11ca964533e55b3978b8345a70a019d52638,ea81da4d34ee1570c8dd3460a4e44f8f247a0ba0f55b701dbf5093d392e32021,negative,0,0.0,0.0,[],[],[],0.0,0
271313,37aeefb95d856cf81d18642c39b56ae8ddbe6c7929cee040bc246dc20208008c,ID_c27f4edcf,/home/mahsa-nasehi/Desktop/IAAA/fracture/iaaa-contest-bct/Data/training/271313/ID_c27f4edcf.dcm,8,-40.165061056,512,512,0,0,heldout_patient_fold,aa2d72a2538f26976441e6d52c8c11ca964533e55b3978b8345a70a019d52638,ea81da4d34ee1570c8dd3460a4e44f8f247a0ba0f55b701dbf5093d392e32021,negative,0,0.0,0.0,[],[],[],0.0,0
271313,37aeefb95d856cf81d18642c39b56ae8ddbe6c7929cee040bc246dc20208008c,ID_6583038f6,/home/mahsa-nasehi/Desktop/IAAA/fracture/iaaa-contest-bct/Data/training/271313/ID_6583038f6.dcm,9,-36.026173016,512,512,0,0,heldout_patient_fold,aa2d72a2538f26976441e6d52c8c11ca964533e55b3978b8345a70a019d52638,ea81da4d34ee1570c8dd3460a4e44f8f247a0ba0f55b701dbf5093d392e32021,negative,0,0.0,0.0,[],[],[],0.0,0
271313,37aeefb95d856cf81d18642c39b56ae8ddbe6c7929cee040bc246dc20208008c,ID_23b177d63,/home/mahsa-nasehi/Desktop/IAAA/fracture/iaaa-contest-bct/Data/training/271313/ID_23b177d63.dcm,10,-35.165498516,512,512,0,0,heldout_patient_fold,aa2d72a2538f26976441e6d52c8c11ca964533e55b3978b8345a70a019d52638,ea81da4d34ee1570c8dd3460a4e44f8f247a0ba0f55b701dbf5093d392e32021,negative,0,0.0,0.0,[],[],[],0.0,0
271313,37aeefb95d856cf81d18642c39b56ae8ddbe6c7929cee040bc246dc20208008c,ID_b00043cd4,/home/mahsa-nasehi/Desktop/IAAA/fracture/iaaa-contest-bct/Data/training/271313/ID_b00043cd4.dcm,11,-31.026610476000002,512,512,0,0,heldout_patient_fold,aa2d72a2538f26976441e6d52c8c11ca964533e55b3978b8345a70a019d52638,ea81da4d34ee1570c8dd3460a4e44f8f247a0ba0f55b701dbf5093d392e32021,negative,0,0.0,0.0,[],"[[319.3333435058594, 259.16668701171875, 355.3333435058594, 297.16668701171875]]",[0.01146697998046875],0.01146697998046875,1
271313,37aeefb95d856cf81d18642c39b56ae8ddbe6c7929cee040bc246dc20208008c,ID_9c71d414f,/home/mahsa-nasehi/Desktop/IAAA/fracture/iaaa-contest-bct/Data/training/271313/ID_9c71d414f.dcm,12,-30.164979671,512,512,0,0,heldout_patient_fold,aa2d72a2538f26976441e6d52c8c11ca964533e55b3978b8345a70a019d52638,ea81da4d34ee1570c8dd3460a4e44f8f247a0ba0f55b701dbf5093d392e32021,negative,0,0.0,0.0,[],[],[],0.0,0
271313,37aeefb95d856cf81d18642c39b56ae8ddbe6c7929cee040bc246dc20208008c,ID_94bb279a2,/home/mahsa-nasehi/Desktop/IAAA/fracture/iaaa-contest-bct/Data/training/271313/ID_94bb279a2.dcm,13,-26.026091631000003,512,512,0,0,heldout_patient_fold,aa2d72a2538f26976441e6d52c8c11ca964533e55b3978b8345a70a019d52638,ea81da4d34ee1570c8dd3460a4e44f8f247a0ba0f55b701dbf5093d392e32021,negative,0,0.0,0.0,[],[],[],0.0,0
271313,37aeefb95d856cf81d18642c39b56ae8ddbe6c7929cee040bc246dc20208008c,ID_dff02a152,/home/mahsa-nasehi/Desktop/IAAA/fracture/iaaa-contest-bct/Data/training/271313/ID_dff02a152.dcm,14,-25.165417131,512,512,0,0,heldout_patient_fold,aa2d72a2538f26976441e6d52c8c11ca964533e55b3978b8345a70a019d52638,ea81da4d34ee1570c8dd3460a4e44f8f247a0ba0f55b701dbf5093d392e32021,negative,0,0.0,0.0,[],[],[],0.0,0
271313,37aeefb95d856cf81d18642c39b56ae8ddbe6c7929cee040bc246dc20208008c,ID_2f1199788,/home/mahsa-nasehi/Desktop/IAAA/fracture/iaaa-contest-bct/Data/training/271313/ID_2f1199788.dcm,15,-21.026529091,512,512,0,0,heldout_patient_fold,aa2d72a2538f26976441e6d52c8c11ca964533e55b3978b8345a70a019d52638,ea81da4d34ee1570c8dd3460a4e44f8f247a0ba0f55b701dbf5093d392e32021,negative,0,0.0,0.0,[],[],[],0.0,0
271313,37aeefb95d856cf81d18642c39b56ae8ddbe6c7929cee040bc246dc20208008c,ID_abe32201a,/home/mahsa-nasehi/Desktop/IAAA/fracture/iaaa-contest-bct/Data/training/271313/ID_abe32201a.dcm,16,-16.026010246000002,512,512,0,0,heldout_patient_fold,aa2d72a2538f26976441e6d52c8c11ca964533e55b3978b8345a70a019d52638,ea81da4d34ee1570c8dd3460a4e44f8f247a0ba0f55b701dbf5093d392e32021,negative,0,0.0,0.0,[],"[[111.0, 10.5, 249.0, 176.6666717529297]]",[0.010986328125],0.010986328125,1
271313,37aeefb95d856cf81d18642c39b56ae8ddbe6c7929cee040bc246dc20208008c,ID_534c03909,/home/mahsa-nasehi/Desktop/IAAA/fracture/iaaa-contest-bct/Data/training/271313/ID_534c03909.dcm,17,-11.026447706000003,512,512,0,0,heldout_patient_fold,aa2d72a2538f26976441e6d52c8c11ca964533e55b3978b8345a70a019d52638,ea81da4d34ee1570c8dd3460a4e44f8f247a0ba0f55b701dbf5093d392e32021,negative,0,0.0,0.0,[],[],[],0.0,0
271313,37aeefb95d856cf81d18642c39b56ae8ddbe6c7929cee040bc246dc20208008c,ID_61232c4ff,/home/mahsa-nasehi/Desktop/IAAA/fracture/iaaa-contest-bct/Data/training/271313/ID_61232c4ff.dcm,18,-6.025928861000002,512,512,0,0,heldout_patient_fold,aa2d72a2538f26976441e6d52c8c11ca964533e55b3978b8345a70a019d52638,ea81da4d34ee1570c8dd3460a4e44f8f247a0ba0f55b701dbf5093d392e32021,negative,0,0.0,0.0,[],[],[],0.0,0
271313,37aeefb95d856cf81d18642c39b56ae8ddbe6c7929cee040bc246dc20208008c,ID_a0ff45eae,/home/mahsa-nasehi/Desktop/IAAA/fracture/iaaa-contest-bct/Data/training/271313/ID_a0ff45eae.dcm,19,-1.0263663210000016,512,512,0,0,heldout_patient_fold,aa2d72a2538f26976441e6d52c8c11ca964533e55b3978b8345a70a019d52638,ea81da4d34ee1570c8dd3460a4e44f8f247a0ba0f55b701dbf5093d392e32021,negative,0,0.0,0.0,[],[],[],0.0,0
271313,37aeefb95d856cf81d18642c39b56ae8ddbe6c7929cee040bc246dc20208008c,ID_95e10ea73,/home/mahsa-nasehi/Desktop/IAAA/fracture/iaaa-contest-bct/Data/training/271313/ID_95e10ea73.dcm,20,3.9741525239999977,512,512,0,0,heldout_patient_fold,aa2d72a2538f26976441e6d52c8c11ca964533e55b3978b8345a70a019d52638,ea81da4d34ee1570c8dd3460a4e44f8f247a0ba0f55b701dbf5093d392e32021,negative,0,0.0,0.0,[],"[[186.1666717529297, 40.5, 321.5, 206.0]]",[0.0100555419921875],0.0100555419921875,1
271313,37aeefb95d856cf81d18642c39b56ae8ddbe6c7929cee040bc246dc20208008c,ID_6271905f3,/home/mahsa-nasehi/Desktop/IAAA/fracture/iaaa-contest-bct/Data/training/271313/ID_6271905f3.dcm,21,8.973715063999999,512,512,0,0,heldout_patient_fold,aa2d72a2538f26976441e6d52c8c11ca964533e55b3978b8345a70a019d52638,ea81da4d34ee1570c8dd3460a4e44f8f247a0ba0f55b701dbf5093d392e32021,negative,0,0.0,0.0,[],[],[],0.0,0
271313,37aeefb95d856cf81d18642c39b56ae8ddbe6c7929cee040bc246dc20208008c,ID_cead48de8,/home/mahsa-nasehi/Desktop/IAAA/fracture/iaaa-contest-bct/Data/training/271313/ID_cead48de8.dcm,22,13.974233908999997,512,512,0,0,heldout_patient_fold,aa2d72a2538f26976441e6d52c8c11ca964533e55b3978b8345a70a019d52638,ea81da4d34ee1570c8dd3460a4e44f8f247a0ba0f55b701dbf5093d392e32021,negative,0,0.0,0.0,[],[],[],0.0,0
271313,37aeefb95d856cf81d18642c39b56ae8ddbe6c7929cee040bc246dc20208008c,ID_18107645d,/home/mahsa-nasehi/Desktop/IAAA/fracture/iaaa-contest-bct/Data/training/271313/ID_18107645d.dcm,23,18.97379644899999,512,512,0,0,heldout_patient_fold,aa2d72a2538f26976441e6d52c8c11ca964533e55b3978b8345a70a019d52638,ea81da4d34ee1570c8dd3460a4e44f8f247a0ba0f55b701dbf5093d392e32021,negative,0,0.0,0.0,[],"[[60.0, 243.33334350585938, 96.83333587646484, 279.3333435058594]]",[0.0391845703125],0.0391845703125,1
271313,37aeefb95d856cf81d18642c39b56ae8ddbe6c7929cee040bc246dc20208008c,ID_b019d0612,/home/mahsa-nasehi/Desktop/IAAA/fracture/iaaa-contest-bct/Data/training/271313/ID_b019d0612.dcm,24,23.974315293999997,512,512,0,0,heldout_patient_fold,aa2d72a2538f26976441e6d52c8c11ca964533e55b3978b8345a70a019d52638,ea81da4d34ee1570c8dd3460a4e44f8f247a0ba0f55b701dbf5093d392e32021,negative,0,0.0,0.0,[],[],[],0.0,0
271313,37aeefb95d856cf81d18642c39b56ae8ddbe6c7929cee040bc246dc20208008c,ID_4ac557721,/home/mahsa-nasehi/Desktop/IAAA/fracture/iaaa-contest-bct/Data/training/271313/ID_4ac557721.dcm,25,28.973877833999993,512,512,0,0,heldout_patient_fold,aa2d72a2538f26976441e6d52c8c11ca964533e55b3978b8345a70a019d52638,ea81da4d34ee1570c8dd3460a4e44f8f247a0ba0f55b701dbf5093d392e32021,negative,0,0.0,0.0,[],[],[],0.0,0
271313,37aeefb95d856cf81d18642c39b56ae8ddbe6c7929cee040bc246dc20208008c,ID_0ffea471a,/home/mahsa-nasehi/Desktop/IAAA/fracture/iaaa-contest-bct/Data/training/271313/ID_0ffea471a.dcm,26,33.974396678999994,512,512,0,0,heldout_patient_fold,aa2d72a2538f26976441e6d52c8c11ca964533e55b3978b8345a70a019d52638,ea81da4d34ee1570c8dd3460a4e44f8f247a0ba0f55b701dbf5093d392e32021,negative,0,0.0,0.0,[],[],[],0.0,0
271313,37aeefb95d856cf81d18642c39b56ae8ddbe6c7929cee040bc246dc20208008c,ID_06f518a61,/home/mahsa-nasehi/Desktop/IAAA/fracture/iaaa-contest-bct/Data/training/271313/ID_06f518a61.dcm,27,38.973959219,512,512,0,0,heldout_patient_fold,aa2d72a2538f26976441e6d52c8c11ca964533e55b3978b8345a70a019d52638,ea81da4d34ee1570c8dd3460a4e44f8f247a0ba0f55b701dbf5093d392e32021,negative,0,0.0,0.0,[],"[[314.0, 241.0, 350.3333435058594, 277.3333435058594], [298.66668701171875, 229.6666717529297, 367.3333435058594, 289.3333435058594], [74.875, 256.3333435058594, 112.5, 293.0], [235.6666717529297, 111.33333587646484, 375.66668701171875, 284.66668701171875], [267.3333435058594, 145.5, 334.0, 211.5]]","[0.0703125, 0.058135986328125, 0.0313720703125, 0.0171051025390625, 0.01473236083984375]",0.0703125,5
271313,37aeefb95d856cf81d18642c39b56ae8ddbe6c7929cee040bc246dc20208008c,ID_51d67181d,/home/mahsa-nasehi/Desktop/IAAA/fracture/iaaa-contest-bct/Data/training/271313/ID_51d67181d.dcm,28,43.974478063999996,512,512,0,0,heldout_patient_fold,aa2d72a2538f26976441e6d52c8c11ca964533e55b3978b8345a70a019d52638,ea81da4d34ee1570c8dd3460a4e44f8f247a0ba0f55b701dbf5093d392e32021,negative,0,0.0,0.0,[],"[[310.66668701171875, 245.5, 347.3333435058594, 282.16668701171875], [293.3333435058594, 229.33334350585938, 361.0, 292.0], [251.1666717529297, 142.0, 317.8333435058594, 205.0]]","[0.0364990234375, 0.031982421875, 0.010986328125]",0.0364990234375,3
271313,37aeefb95d856cf81d18642c39b56ae8ddbe6c7929cee040bc246dc20208008c,ID_f1c8f72ef,/home/mahsa-nasehi/Desktop/IAAA/fracture/iaaa-contest-bct/Data/training/271313/ID_f1c8f72ef.dcm,29,48.974040603999995,512,512,0,0,heldout_patient_fold,aa2d72a2538f26976441e6d52c8c11ca964533e55b3978b8345a70a019d52638,ea81da4d34ee1570c8dd3460a4e44f8f247a0ba0f55b701dbf5093d392e32021,negative,0,0.0,0.0,[],"[[288.0, 236.1666717529297, 355.3333435058594, 304.5], [305.3333435058594, 245.0, 341.66668701171875, 282.3333435058594]]","[0.11163330078125, 0.0323486328125]",0.11163330078125,2
271313,37aeefb95d856cf81d18642c39b56ae8ddbe6c7929cee040bc246dc20208008c,ID_f8a71588f,/home/mahsa-nasehi/Desktop/IAAA/fracture/iaaa-contest-bct/Data/training/271313/ID_f8a71588f.dcm,30,53.97455944899999,512,512,0,0,heldout_patient_fold,aa2d72a2538f26976441e6d52c8c11ca964533e55b3978b8345a70a019d52638,ea81da4d34ee1570c8dd3460a4e44f8f247a0ba0f55b701dbf5093d392e32021,negative,0,0.0,0.0,[],"[[278.0, 249.33334350585938, 345.3333435058594, 313.3333435058594], [294.3333435058594, 264.66668701171875, 331.66668701171875, 301.0], [277.3333435058594, 229.6666717529297, 343.66668701171875, 291.0], [291.8333435058594, 243.33334350585938, 328.5, 279.3333435058594]]","[0.036224365234375, 0.02606201171875, 0.017242431640625, 0.016021728515625]",0.036224365234375,4
271313,37aeefb95d856cf81d18642c39b56ae8ddbe6c7929cee040bc246dc20208008c,ID_a39d62847,/home/mahsa-nasehi/Desktop/IAAA/fracture/iaaa-contest-bct/Data/training/271313/ID_a39d62847.dcm,31,58.974121989,512,512,0,0,heldout_patient_fold,aa2d72a2538f26976441e6d52c8c11ca964533e55b3978b8345a70a019d52638,ea81da4d34ee1570c8dd3460a4e44f8f247a0ba0f55b701dbf5093d392e32021,negative,0,0.0,0.0,[],"[[262.0, 239.33334350585938, 328.0, 301.0], [278.66668701171875, 251.33334350585938, 315.66668701171875, 288.0]]","[0.08038330078125, 0.047943115234375]",0.08038330078125,2
271313,37aeefb95d856cf81d18642c39b56ae8ddbe6c7929cee040bc246dc20208008c,ID_4125a6669,/home/mahsa-nasehi/Desktop/IAAA/fracture/iaaa-contest-bct/Data/training/271313/ID_4125a6669.dcm,32,63.974640834,512,512,0,0,heldout_patient_fold,aa2d72a2538f26976441e6d52c8c11ca964533e55b3978b8345a70a019d52638,ea81da4d34ee1570c8dd3460a4e44f8f247a0ba0f55b701dbf5093d392e32021,negative,0,0.0,0.0,[],"[[246.33334350585938, 245.0, 313.0, 306.0]]",[0.05987548828125],0.05987548828125,1
271313,37aeefb95d856cf81d18642c39b56ae8ddbe6c7929cee040bc246dc20208008c,ID_a004f8520,/home/mahsa-nasehi/Desktop/IAAA/fracture/iaaa-contest-bct/Data/training/271313/ID_a004f8520.dcm,33,68.974203374,512,512,0,0,heldout_patient_fold,aa2d72a2538f26976441e6d52c8c11ca964533e55b3978b8345a70a019d52638,ea81da4d34ee1570c8dd3460a4e44f8f247a0ba0f55b701dbf5093d392e32021,negative,0,0.0,0.0,[],"[[219.5, 261.0, 286.5, 320.66668701171875]]",[0.0723876953125],0.0723876953125,1
271313,37aeefb95d856cf81d18642c39b56ae8ddbe6c7929cee040bc246dc20208008c,ID_0d11b628d,/home/mahsa-nasehi/Desktop/IAAA/fracture/iaaa-contest-bct/Data/training/271313/ID_0d11b628d.dcm,34,73.97472221899999,512,512,0,0,heldout_patient_fold,aa2d72a2538f26976441e6d52c8c11ca964533e55b3978b8345a70a019d52638,ea81da4d34ee1570c8dd3460a4e44f8f247a0ba0f55b701dbf5093d392e32021,negative,0,0.0,0.0,[],[],[],0.0,0
271313,37aeefb95d856cf81d18642c39b56ae8ddbe6c7929cee040bc246dc20208008c,ID_454da43f4,/home/mahsa-nasehi/Desktop/IAAA/fracture/iaaa-contest-bct/Data/training/271313/ID_454da43f4.dcm,35,78.97428475899999,512,512,0,0,heldout_patient_fold,aa2d72a2538f26976441e6d52c8c11ca964533e55b3978b8345a70a019d52638,ea81da4d34ee1570c8dd3460a4e44f8f247a0ba0f55b701dbf5093d392e32021,negative,0,0.0,0.0,[],[],[],0.0,0
271335,256341a239f09350f7ed9b0078648d60d2f4216c601ce75aaa0d89adc948c845,ID_febe0ba3f,/home/mahsa-nasehi/Desktop/IAAA/fracture/iaaa-contest-bct/Data/training/271335/ID_febe0ba3f.dcm,0,-10.75,512,512,0,0,heldout_patient_fold,aa2d72a2538f26976441e6d52c8c11ca964533e55b3978b8345a70a019d52638,ea81da4d34ee1570c8dd3460a4e44f8f247a0ba0f55b701dbf5093d392e32021,negative,0,0.0,0.0,[],"[[142.6666717529297, 0.1666666716337204, 274.66668701171875, 163.6666717529297]]",[0.01812744140625],0.01812744140625,1
271335,256341a239f09350f7ed9b0078648d60d2f4216c601ce75aaa0d89adc948c845,ID_7bdc75454,/home/mahsa-nasehi/Desktop/IAAA/fracture/iaaa-contest-bct/Data/training/271335/ID_7bdc75454.dcm,1,-5.75,512,512,0,0,heldout_patient_fold,aa2d72a2538f26976441e6d52c8c11ca964533e55b3978b8345a70a019d52638,ea81da4d34ee1570c8dd3460a4e44f8f247a0ba0f55b701dbf5093d392e32021,negative,0,0.0,0.0,[],[],[],0.0,0
271335,256341a239f09350f7ed9b0078648d60d2f4216c601ce75aaa0d89adc948c845,ID_50f8941aa,/home/mahsa-nasehi/Desktop/IAAA/fracture/iaaa-contest-bct/Data/training/271335/ID_50f8941aa.dcm,2,-0.75,512,512,0,0,heldout_patient_fold,aa2d72a2538f26976441e6d52c8c11ca964533e55b3978b8345a70a019d52638,ea81da4d34ee1570c8dd3460a4e44f8f247a0ba0f55b701dbf5093d392e32021,negative,0,0.0,0.0,[],[],[],0.0,0
271335,256341a239f09350f7ed9b0078648d60d2f4216c601ce75aaa0d89adc948c845,ID_a9cd2e219,/home/mahsa-nasehi/Desktop/IAAA/fracture/iaaa-contest-bct/Data/training/271335/ID_a9cd2e219.dcm,3,4.25,512,512,0,0,heldout_patient_fold,aa2d72a2538f26976441e6d52c8c11ca964533e55b3978b8345a70a019d52638,ea81da4d34ee1570c8dd3460a4e44f8f247a0ba0f55b701dbf5093d392e32021,negative,0,0.0,0.0,[],[],[],0.0,0
271335,256341a239f09350f7ed9b0078648d60d2f4216c601ce75aaa0d89adc948c845,ID_3bc5e8813,/home/mahsa-nasehi/Desktop/IAAA/fracture/iaaa-contest-bct/Data/training/271335/ID_3bc5e8813.dcm,4,9.25,512,512,0,0,heldout_patient_fold,aa2d72a2538f26976441e6d52c8c11ca964533e55b3978b8345a70a019d52638,ea81da4d34ee1570c8dd3460a4e44f8f247a0ba0f55b701dbf5093d392e32021,negative,0,0.0,0.0,[],[],[],0.0,0
271335,256341a239f09350f7ed9b0078648d60d2f4216c601ce75aaa0d89adc948c845,ID_a32eebb44,/home/mahsa-nasehi/Desktop/IAAA/fracture/iaaa-contest-bct/Data/training/271335/ID_a32eebb44.dcm,5,14.25,512,512,0,0,heldout_patient_fold,aa2d72a2538f26976441e6d52c8c11ca964533e55b3978b8345a70a019d52638,ea81da4d34ee1570c8dd3460a4e44f8f247a0ba0f55b701dbf5093d392e32021,negative,0,0.0,0.0,[],[],[],0.0,0
271335,256341a239f09350f7ed9b0078648d60d2f4216c601ce75aaa0d89adc948c845,ID_c133bd439,/home/mahsa-nasehi/Desktop/IAAA/fracture/iaaa-contest-bct/Data/training/271335/ID_c133bd439.dcm,6,19.25,512,512,0,0,heldout_patient_fold,aa2d72a2538f26976441e6d52c8c11ca964533e55b3978b8345a70a019d52638,ea81da4d34ee1570c8dd3460a4e44f8f247a0ba0f55b701dbf5093d392e32021,negative,0,0.0,0.0,[],[],[],0.0,0
271335,256341a239f09350f7ed9b0078648d60d2f4216c601ce75aaa0d89adc948c845,ID_a87339fec,/home/mahsa-nasehi/Desktop/IAAA/fracture/iaaa-contest-bct/Data/training/271335/ID_a87339fec.dcm,7,24.25,512,512,0,0,heldout_patient_fold,aa2d72a2538f26976441e6d52c8c11ca964533e55b3978b8345a70a019d52638,ea81da4d34ee1570c8dd3460a4e44f8f247a0ba0f55b701dbf5093d392e32021,negative,0,0.0,0.0,[],[],[],0.0,0
271335,256341a239f09350f7ed9b0078648d60d2f4216c601ce75aaa0d89adc948c845,ID_bc7591ee7,/home/mahsa-nasehi/Desktop/IAAA/fracture/iaaa-contest-bct/Data/training/271335/ID_bc7591ee7.dcm,8,29.25,512,512,0,0,heldout_patient_fold,aa2d72a2538f26976441e6d52c8c11ca964533e55b3978b8345a70a019d52638,ea81da4d34ee1570c8dd3460a4e44f8f247a0ba0f55b701dbf5093d392e32021,negative,0,0.0,0.0,[],[],[],0.0,0
271335,256341a239f09350f7ed9b0078648d60d2f4216c601ce75aaa0d89adc948c845,ID_edea68ade,/home/mahsa-nasehi/Desktop/IAAA/fracture/iaaa-contest-bct/Data/training/271335/ID_edea68ade.dcm,9,34.25,512,512,0,0,heldout_patient_fold,aa2d72a2538f26976441e6d52c8c11ca964533e55b3978b8345a70a019d52638,ea81da4d34ee1570c8dd3460a4e44f8f247a0ba0f55b701dbf5093d392e32021,negative,0,0.0,0.0,[],[],[],0.0,0
271335,256341a239f09350f7ed9b0078648d60d2f4216c601ce75aaa0d89adc948c845,ID_cc9a18da0,/home/mahsa-nasehi/Desktop/IAAA/fracture/iaaa-contest-bct/Data/training/271335/ID_cc9a18da0.dcm,10,39.25,512,512,0,0,heldout_patient_fold,aa2d72a2538f26976441e6d52c8c11ca964533e55b3978b8345a70a019d52638,ea81da4d34ee1570c8dd3460a4e44f8f247a0ba0f55b701dbf5093d392e32021,negative,0,0.0,0.0,[],[],[],0.0,0
271335,256341a239f09350f7ed9b0078648d60d2f4216c601ce75aaa0d89adc948c845,ID_94696b2ab,/home/mahsa-nasehi/Desktop/IAAA/fracture/iaaa-contest-bct/Data/training/271335/ID_94696b2ab.dcm,11,44.25,512,512,0,0,heldout_patient_fold,aa2d72a2538f26976441e6d52c8c11ca964533e55b3978b8345a70a019d52638,ea81da4d34ee1570c8dd3460a4e44f8f247a0ba0f55b701dbf5093d392e32021,negative,0,0.0,0.0,[],[],[],0.0,0
271335,256341a239f09350f7ed9b0078648d60d2f4216c601ce75aaa0d89adc948c845,ID_5e01c1a18,/home/mahsa-nasehi/Desktop/IAAA/fracture/iaaa-contest-bct/Data/training/271335/ID_5e01c1a18.dcm,12,49.25,512,512,0,0,heldout_patient_fold,aa2d72a2538f26976441e6d52c8c11ca964533e55b3978b8345a70a019d52638,ea81da4d34ee1570c8dd3460a4e44f8f247a0ba0f55b701dbf5093d392e32021,negative,0,0.0,0.0,[],[],[],0.0,0
271335,256341a239f09350f7ed9b0078648d60d2f4216c601ce75aaa0d89adc948c845,ID_7dbab8157,/home/mahsa-nasehi/Desktop/IAAA/fracture/iaaa-contest-bct/Data/training/271335/ID_7dbab8157.dcm,13,54.25,512,512,0,0,heldout_patient_fold,aa2d72a2538f26976441e6d52c8c11ca964533e55b3978b8345a70a019d52638,ea81da4d34ee1570c8dd3460a4e44f8f247a0ba0f55b701dbf5093d392e32021,negative,0,0.0,0.0,[],[],[],0.0,0
271335,256341a239f09350f7ed9b0078648d60d2f4216c601ce75aaa0d89adc948c845,ID_c5cdd4c1d,/home/mahsa-nasehi/Desktop/IAAA/fracture/iaaa-contest-bct/Data/training/271335/ID_c5cdd4c1d.dcm,14,59.25,512,512,0,0,heldout_patient_fold,aa2d72a2538f26976441e6d52c8c11ca964533e55b3978b8345a70a019d52638,ea81da4d34ee1570c8dd3460a4e44f8f247a0ba0f55b701dbf5093d392e32021,negative,0,0.0,0.0,[],[],[],0.0,0
271335,256341a239f09350f7ed9b0078648d60d2f4216c601ce75aaa0d89adc948c845,ID_9d154a265,/home/mahsa-nasehi/Desktop/IAAA/fracture/iaaa-contest-bct/Data/training/271335/ID_9d154a265.dcm,15,64.25,512,512,0,0,heldout_patient_fold,aa2d72a2538f26976441e6d52c8c11ca964533e55b3978b8345a70a019d52638,ea81da4d34ee1570c8dd3460a4e44f8f247a0ba0f55b701dbf5093d392e32021,negative,0,0.0,0.0,[],[],[],0.0,0
271335,256341a239f09350f7ed9b0078648d60d2f4216c601ce75aaa0d89adc948c845,ID_851965e08,/home/mahsa-nasehi/Desktop/IAAA/fracture/iaaa-contest-bct/Data/training/271335/ID_851965e08.dcm,16,69.25,512,512,0,0,heldout_patient_fold,aa2d72a2538f26976441e6d52c8c11ca964533e55b3978b8345a70a019d52638,ea81da4d34ee1570c8dd3460a4e44f8f247a0ba0f55b701dbf5093d392e32021,negative,0,0.0,0.0,[],[],[],0.0,0
271335,256341a239f09350f7ed9b0078648d60d2f4216c601ce75aaa0d89adc948c845,ID_a214d7a12,/home/mahsa-nasehi/Desktop/IAAA/fracture/iaaa-contest-bct/Data/training/271335/ID_a214d7a12.dcm,17,74.25,512,512,0,0,heldout_patient_fold,aa2d72a2538f26976441e6d52c8c11ca964533e55b3978b8345a70a019d52638,ea81da4d34ee1570c8dd3460a4e44f8f247a0ba0f55b701dbf5093d392e32021,negative,0,0.0,0.0,[],"[[165.6666717529297, 76.54167175292969, 232.0, 141.83334350585938]]",[0.01507568359375],0.01507568359375,1
271335,256341a239f09350f7ed9b0078648d60d2f4216c601ce75aaa0d89adc948c845,ID_dcf4b51f4,/home/mahsa-nasehi/Desktop/IAAA/fracture/iaaa-contest-bct/Data/training/271335/ID_dcf4b51f4.dcm,18,79.25,512,512,0,0,heldout_patient_fold,aa2d72a2538f26976441e6d52c8c11ca964533e55b3978b8345a70a019d52638,ea81da4d34ee1570c8dd3460a4e44f8f247a0ba0f55b701dbf5093d392e32021,negative,0,0.0,0.0,[],[],[],0.0,0
271335,256341a239f09350f7ed9b0078648d60d2f4216c601ce75aaa0d89adc948c845,ID_d61a62201,/home/mahsa-nasehi/Desktop/IAAA/fracture/iaaa-contest-bct/Data/training/271335/ID_d61a62201.dcm,19,84.25,512,512,0,0,heldout_patient_fold,aa2d72a2538f26976441e6d52c8c11ca964533e55b3978b8345a70a019d52638,ea81da4d34ee1570c8dd3460a4e44f8f247a0ba0f55b701dbf5093d392e32021,negative,0,0.0,0.0,[],[],[],0.0,0
271335,256341a239f09350f7ed9b0078648d60d2f4216c601ce75aaa0d89adc948c845,ID_c93cb120a,/home/mahsa-nasehi/Desktop/IAAA/fracture/iaaa-contest-bct/Data/training/271335/ID_c93cb120a.dcm,20,89.25,512,512,0,0,heldout_patient_fold,aa2d72a2538f26976441e6d52c8c11ca964533e55b3978b8345a70a019d52638,ea81da4d34ee1570c8dd3460a4e44f8f247a0ba0f55b701dbf5093d392e32021,negative,0,0.0,0.0,[],[],[],0.0,0
271335,256341a239f09350f7ed9b0078648d60d2f4216c601ce75aaa0d89adc948c845,ID_64d0ec1f1,/home/mahsa-nasehi/Desktop/IAAA/fracture/iaaa-contest-bct/Data/training/271335/ID_64d0ec1f1.dcm,21,94.25,512,512,0,0,heldout_patient_fold,aa2d72a2538f26976441e6d52c8c11ca964533e55b3978b8345a70a019d52638,ea81da4d34ee1570c8dd3460a4e44f8f247a0ba0f55b701dbf5093d392e32021,negative,0,0.0,0.0,[],[],[],0.0,0
271335,256341a239f09350f7ed9b0078648d60d2f4216c601ce75aaa0d89adc948c845,ID_fbbcd1123,/home/mahsa-nasehi/Desktop/IAAA/fracture/iaaa-contest-bct/Data/training/271335/ID_fbbcd1123.dcm,22,99.25,512,512,0,0,heldout_patient_fold,aa2d72a2538f26976441e6d52c8c11ca964533e55b3978b8345a70a019d52638,ea81da4d34ee1570c8dd3460a4e44f8f247a0ba0f55b701dbf5093d392e32021,negative,0,0.0,0.0,[],[],[],0.0,0
271335,256341a239f09350f7ed9b0078648d60d2f4216c601ce75aaa0d89adc948c845,ID_61ce88b4b,/home/mahsa-nasehi/Desktop/IAAA/fracture/iaaa-contest-bct/Data/training/271335/ID_61ce88b4b.dcm,23,104.25,512,512,0,0,heldout_patient_fold,aa2d72a2538f26976441e6d52c8c11ca964533e55b3978b8345a70a019d52638,ea81da4d34ee1570c8dd3460a4e44f8f247a0ba0f55b701dbf5093d392e32021,negative,0,0.0,0.0,[],"[[398.66668701171875, 302.3333435058594, 435.3333435058594, 337.66668701171875]]",[0.01085662841796875],0.01085662841796875,1
271335,256341a239f09350f7ed9b0078648d60d2f4216c601ce75aaa0d89adc948c845,ID_d32de660f,/home/mahsa-nasehi/Desktop/IAAA/fracture/iaaa-contest-bct/Data/training/271335/ID_d32de660f.dcm,24,109.25,512,512,0,0,heldout_patient_fold,aa2d72a2538f26976441e6d52c8c11ca964533e55b3978b8345a70a019d52638,ea81da4d34ee1570c8dd3460a4e44f8f247a0ba0f55b701dbf5093d392e32021,negative,0,0.0,0.0,[],"[[390.0, 275.5, 427.3333435058594, 311.16668701171875], [386.0, 320.66668701171875, 422.0, 356.66668701171875]]","[0.044525146484375, 0.01009368896484375]",0.044525146484375,2
271335,256341a239f09350f7ed9b0078648d60d2f4216c601ce75aaa0d89adc948c845,ID_61cd79052,/home/mahsa-nasehi/Desktop/IAAA/fracture/iaaa-contest-bct/Data/training/271335/ID_61cd79052.dcm,25,114.25,512,512,0,0,heldout_patient_fold,aa2d72a2538f26976441e6d52c8c11ca964533e55b3978b8345a70a019d52638,ea81da4d34ee1570c8dd3460a4e44f8f247a0ba0f55b701dbf5093d392e32021,negative,0,0.0,0.0,[],"[[374.0, 243.1666717529297, 411.3333435058594, 279.5]]",[0.010406494140625],0.010406494140625,1
271335,256341a239f09350f7ed9b0078648d60d2f4216c601ce75aaa0d89adc948c845,ID_d1e083a21,/home/mahsa-nasehi/Desktop/IAAA/fracture/iaaa-contest-bct/Data/training/271335/ID_d1e083a21.dcm,26,119.25,512,512,0,0,heldout_patient_fold,aa2d72a2538f26976441e6d52c8c11ca964533e55b3978b8345a70a019d52638,ea81da4d34ee1570c8dd3460a4e44f8f247a0ba0f55b701dbf5093d392e32021,negative,0,0.0,0.0,[],[],[],0.0,0
271335,256341a239f09350f7ed9b0078648d60d2f4216c601ce75aaa0d89adc948c845,ID_e5184a7e6,/home/mahsa-nasehi/Desktop/IAAA/fracture/iaaa-contest-bct/Data/training/271335/ID_e5184a7e6.dcm,27,124.25,512,512,0,0,heldout_patient_fold,aa2d72a2538f26976441e6d52c8c11ca964533e55b3978b8345a70a019d52638,ea81da4d34ee1570c8dd3460a4e44f8f247a0ba0f55b701dbf5093d392e32021,negative,0,0.0,0.0,[],[],[],0.0,0
271335,256341a239f09350f7ed9b0078648d60d2f4216c601ce75aaa0d89adc948c845,ID_65dbedb39,/home/mahsa-nasehi/Desktop/IAAA/fracture/iaaa-contest-bct/Data/training/271335/ID_65dbedb39.dcm,28,129.25,512,512,0,0,heldout_patient_fold,aa2d72a2538f26976441e6d52c8c11ca964533e55b3978b8345a70a019d52638,ea81da4d34ee1570c8dd3460a4e44f8f247a0ba0f55b701dbf5093d392e32021,negative,0,0.0,0.0,[],[],[],0.0,0
271335,256341a239f09350f7ed9b0078648d60d2f4216c601ce75aaa0d89adc948c845,ID_8a234890a,/home/mahsa-nasehi/Desktop/IAAA/fracture/iaaa-contest-bct/Data/training/271335/ID_8a234890a.dcm,29,134.25,512,512,0,0,heldout_patient_fold,aa2d72a2538f26976441e6d52c8c11ca964533e55b3978b8345a70a019d52638,ea81da4d34ee1570c8dd3460a4e44f8f247a0ba0f55b701dbf5093d392e32021,negative,0,0.0,0.0,[],[],[],0.0,0
271335,256341a239f09350f7ed9b0078648d60d2f4216c601ce75aaa0d89adc948c845,ID_a77ed7f56,/home/mahsa-nasehi/Desktop/IAAA/fracture/iaaa-contest-bct/Data/training/271335/ID_a77ed7f56.dcm,30,139.25,512,512,0,0,heldout_patient_fold,aa2d72a2538f26976441e6d52c8c11ca964533e55b3978b8345a70a019d52638,ea81da4d34ee1570c8dd3460a4e44f8f247a0ba0f55b701dbf5093d392e32021,negative,0,0.0,0.0,[],[],[],0.0,0
271335,256341a239f09350f7ed9b0078648d60d2f4216c601ce75aaa0d89adc948c845,ID_30e94e820,/home/mahsa-nasehi/Desktop/IAAA/fracture/iaaa-contest-bct/Data/training/271335/ID_30e94e820.dcm,31,144.25,512,512,0,0,heldout_patient_fold,aa2d72a2538f26976441e6d52c8c11ca964533e55b3978b8345a70a019d52638,ea81da4d34ee1570c8dd3460a4e44f8f247a0ba0f55b701dbf5093d392e32021,negative,0,0.0,0.0,[],[],[],0.0,0
271508,637c30082a0b2c420dfc43cfd406660ba5bbfcf11a3dbc7776fb6836756fc385,ID_4274fbcd2,/home/mahsa-nasehi/Desktop/IAAA/fracture/iaaa-contest-bct/Data/training/271508/ID_4274fbcd2.dcm,0,626.2216414205823,512,512,0,0,heldout_patient_fold,aa2d72a2538f26976441e6d52c8c11ca964533e55b3978b8345a70a019d52638,ea81da4d34ee1570c8dd3460a4e44f8f247a0ba0f55b701dbf5093d392e32021,negative,0,0.0,0.0,[],[],[],0.0,0
271508,637c30082a0b2c420dfc43cfd406660ba5bbfcf11a3dbc7776fb6836756fc385,ID_3c2907ba2,/home/mahsa-nasehi/Desktop/IAAA/fracture/iaaa-contest-bct/Data/training/271508/ID_3c2907ba2.dcm,1,631.2216490391353,512,512,0,0,heldout_patient_fold,aa2d72a2538f26976441e6d52c8c11ca964533e55b3978b8345a70a019d52638,ea81da4d34ee1570c8dd3460a4e44f8f247a0ba0f55b701dbf5093d392e32021,negative,0,0.0,0.0,[],[],[],0.0,0
271508,637c30082a0b2c420dfc43cfd406660ba5bbfcf11a3dbc7776fb6836756fc385,ID_1ba2ba4f7,/home/mahsa-nasehi/Desktop/IAAA/fracture/iaaa-contest-bct/Data/training/271508/ID_1ba2ba4f7.dcm,2,636.215733972577,512,512,0,0,heldout_patient_fold,aa2d72a2538f26976441e6d52c8c11ca964533e55b3978b8345a70a019d52638,ea81da4d34ee1570c8dd3460a4e44f8f247a0ba0f55b701dbf5093d392e32021,negative,0,0.0,0.0,[],[],[],0.0,0
271508,637c30082a0b2c420dfc43cfd406660ba5bbfcf11a3dbc7776fb6836756fc385,ID_ba9d8f37b,/home/mahsa-nasehi/Desktop/IAAA/fracture/iaaa-contest-bct/Data/training/271508/ID_ba9d8f37b.dcm,3,641.2157425614259,512,512,0,0,heldout_patient_fold,aa2d72a2538f26976441e6d52c8c11ca964533e55b3978b8345a70a019d52638,ea81da4d34ee1570c8dd3460a4e44f8f247a0ba0f55b701dbf5093d392e32021,negative,0,0.0,0.0,[],[],[],0.0,0
271508,637c30082a0b2c420dfc43cfd406660ba5bbfcf11a3dbc7776fb6836756fc385,ID_76066682e,/home/mahsa-nasehi/Desktop/IAAA/fracture/iaaa-contest-bct/Data/training/271508/ID_76066682e.dcm,4,646.2097683068283,512,512,0,0,heldout_patient_fold,aa2d72a2538f26976441e6d52c8c11ca964533e55b3978b8345a70a019d52638,ea81da4d34ee1570c8dd3460a4e44f8f247a0ba0f55b701dbf5093d392e32021,negative,0,0.0,0.0,[],[],[],0.0,0
271508,637c30082a0b2c420dfc43cfd406660ba5bbfcf11a3dbc7776fb6836756fc385,ID_8408ac9cd,/home/mahsa-nasehi/Desktop/IAAA/fracture/iaaa-contest-bct/Data/training/271508/ID_8408ac9cd.dcm,5,651.2097759253816,512,512,0,0,heldout_patient_fold,aa2d72a2538f26976441e6d52c8c11ca964533e55b3978b8345a70a019d52638,ea81da4d34ee1570c8dd3460a4e44f8f247a0ba0f55b701dbf5093d392e32021,negative,0,0.0,0.0,[],[],[],0.0,0
271508,637c30082a0b2c420dfc43cfd406660ba5bbfcf11a3dbc7776fb6836756fc385,ID_1f7634128,/home/mahsa-nasehi/Desktop/IAAA/fracture/iaaa-contest-bct/Data/training/271508/ID_1f7634128.dcm,6,656.2038026410796,512,512,0,0,heldout_patient_fold,aa2d72a2538f26976441e6d52c8c11ca964533e55b3978b8345a70a019d52638,ea81da4d34ee1570c8dd3460a4e44f8f247a0ba0f55b701dbf5093d392e32021,negative,0,0.0,0.0,[],[],[],0.0,0
271508,637c30082a0b2c420dfc43cfd406660ba5bbfcf11a3dbc7776fb6836756fc385,ID_df384cd93,/home/mahsa-nasehi/Desktop/IAAA/fracture/iaaa-contest-bct/Data/training/271508/ID_df384cd93.dcm,7,661.2038102596327,512,512,0,0,heldout_patient_fold,aa2d72a2538f26976441e6d52c8c11ca964533e55b3978b8345a70a019d52638,ea81da4d34ee1570c8dd3460a4e44f8f247a0ba0f55b701dbf5093d392e32021,negative,0,0.0,0.0,[],"[[178.0, 131.75, 214.0, 167.58334350585938]]",[0.0119171142578125],0.0119171142578125,1
271508,637c30082a0b2c420dfc43cfd406660ba5bbfcf11a3dbc7776fb6836756fc385,ID_deef0ef43,/home/mahsa-nasehi/Desktop/IAAA/fracture/iaaa-contest-bct/Data/training/271508/ID_deef0ef43.dcm,8,666.1978369753309,512,512,0,0,heldout_patient_fold,aa2d72a2538f26976441e6d52c8c11ca964533e55b3978b8345a70a019d52638,ea81da4d34ee1570c8dd3460a4e44f8f247a0ba0f55b701dbf5093d392e32021,negative,0,0.0,0.0,[],"[[155.58334350585938, 126.33333587646484, 223.6666717529297, 187.1666717529297], [174.0, 136.83334350585938, 211.33334350585938, 172.33334350585938]]","[0.0294189453125, 0.0240478515625]",0.0294189453125,2
271508,637c30082a0b2c420dfc43cfd406660ba5bbfcf11a3dbc7776fb6836756fc385,ID_e1fc9bf9b,/home/mahsa-nasehi/Desktop/IAAA/fracture/iaaa-contest-bct/Data/training/271508/ID_e1fc9bf9b.dcm,9,671.197844593884,512,512,0,0,heldout_patient_fold,aa2d72a2538f26976441e6d52c8c11ca964533e55b3978b8345a70a019d52638,ea81da4d34ee1570c8dd3460a4e44f8f247a0ba0f55b701dbf5093d392e32021,negative,0,0.0,0.0,[],[],[],0.0,0
271508,637c30082a0b2c420dfc43cfd406660ba5bbfcf11a3dbc7776fb6836756fc385,ID_999c178f9,/home/mahsa-nasehi/Desktop/IAAA/fracture/iaaa-contest-bct/Data/training/271508/ID_999c178f9.dcm,10,676.1918713095822,512,512,0,0,heldout_patient_fold,aa2d72a2538f26976441e6d52c8c11ca964533e55b3978b8345a70a019d52638,ea81da4d34ee1570c8dd3460a4e44f8f247a0ba0f55b701dbf5093d392e32021,negative,0,0.0,0.0,[],"[[142.6666717529297, 264.3333435058594, 179.33334350585938, 301.0]]",[0.03790283203125],0.03790283203125,1
271508,637c30082a0b2c420dfc43cfd406660ba5bbfcf11a3dbc7776fb6836756fc385,ID_aa0928533,/home/mahsa-nasehi/Desktop/IAAA/fracture/iaaa-contest-bct/Data/training/271508/ID_aa0928533.dcm,11,681.1918789281353,512,512,0,0,heldout_patient_fold,aa2d72a2538f26976441e6d52c8c11ca964533e55b3978b8345a70a019d52638,ea81da4d34ee1570c8dd3460a4e44f8f247a0ba0f55b701dbf5093d392e32021,negative,0,0.0,0.0,[],[],[],0.0,0
271508,637c30082a0b2c420dfc43cfd406660ba5bbfcf11a3dbc7776fb6836756fc385,ID_e61e08f22,/home/mahsa-nasehi/Desktop/IAAA/fracture/iaaa-contest-bct/Data/training/271508/ID_e61e08f22.dcm,12,686.185963861577,512,512,0,0,heldout_patient_fold,aa2d72a2538f26976441e6d52c8c11ca964533e55b3978b8345a70a019d52638,ea81da4d34ee1570c8dd3460a4e44f8f247a0ba0f55b701dbf5093d392e32021,negative,0,0.0,0.0,[],[],[],0.0,0
271508,637c30082a0b2c420dfc43cfd406660ba5bbfcf11a3dbc7776fb6836756fc385,ID_9e3830ce4,/home/mahsa-nasehi/Desktop/IAAA/fracture/iaaa-contest-bct/Data/training/271508/ID_9e3830ce4.dcm,13,691.185972450426,512,512,0,0,heldout_patient_fold,aa2d72a2538f26976441e6d52c8c11ca964533e55b3978b8345a70a019d52638,ea81da4d34ee1570c8dd3460a4e44f8f247a0ba0f55b701dbf5093d392e32021,negative,0,0.0,0.0,[],[],[],0.0,0
271508,637c30082a0b2c420dfc43cfd406660ba5bbfcf11a3dbc7776fb6836756fc385,ID_91243d92e,/home/mahsa-nasehi/Desktop/IAAA/fracture/iaaa-contest-bct/Data/training/271508/ID_91243d92e.dcm,14,696.1799981958283,512,512,0,0,heldout_patient_fold,aa2d72a2538f26976441e6d52c8c11ca964533e55b3978b8345a70a019d52638,ea81da4d34ee1570c8dd3460a4e44f8f247a0ba0f55b701dbf5093d392e32021,negative,0,0.0,0.0,[],[],[],0.0,0
271508,637c30082a0b2c420dfc43cfd406660ba5bbfcf11a3dbc7776fb6836756fc385,ID_e3ce6307c,/home/mahsa-nasehi/Desktop/IAAA/fracture/iaaa-contest-bct/Data/training/271508/ID_e3ce6307c.dcm,15,701.1800058143815,512,512,0,0,heldout_patient_fold,aa2d72a2538f26976441e6d52c8c11ca964533e55b3978b8345a70a019d52638,ea81da4d34ee1570c8dd3460a4e44f8f247a0ba0f55b701dbf5093d392e32021,negative,0,0.0,0.0,[],[],[],0.0,0
271508,637c30082a0b2c420dfc43cfd406660ba5bbfcf11a3dbc7776fb6836756fc385,ID_562a5a5bb,/home/mahsa-nasehi/Desktop/IAAA/fracture/iaaa-contest-bct/Data/training/271508/ID_562a5a5bb.dcm,16,706.1740917181189,512,512,0,0,heldout_patient_fold,aa2d72a2538f26976441e6d52c8c11ca964533e55b3978b8345a70a019d52638,ea81da4d34ee1570c8dd3460a4e44f8f247a0ba0f55b701dbf5093d392e32021,negative,0,0.0,0.0,[],[],[],0.0,0
271508,637c30082a0b2c420dfc43cfd406660ba5bbfcf11a3dbc7776fb6836756fc385,ID_b4f2dcebc,/home/mahsa-nasehi/Desktop/IAAA/fracture/iaaa-contest-bct/Data/training/271508/ID_b4f2dcebc.dcm,17,711.174099336672,512,512,0,0,heldout_patient_fold,aa2d72a2538f26976441e6d52c8c11ca964533e55b3978b8345a70a019d52638,ea81da4d34ee1570c8dd3460a4e44f8f247a0ba0f55b701dbf5093d392e32021,negative,0,0.0,0.0,[],[],[],0.0,0
271508,637c30082a0b2c420dfc43cfd406660ba5bbfcf11a3dbc7776fb6836756fc385,ID_d04c41539,/home/mahsa-nasehi/Desktop/IAAA/fracture/iaaa-contest-bct/Data/training/271508/ID_d04c41539.dcm,18,716.168066864331,512,512,0,0,heldout_patient_fold,aa2d72a2538f26976441e6d52c8c11ca964533e55b3978b8345a70a019d52638,ea81da4d34ee1570c8dd3460a4e44f8f247a0ba0f55b701dbf5093d392e32021,negative,0,0.0,0.0,[],"[[288.66668701171875, 114.66667175292969, 355.3333435058594, 178.6666717529297]]",[0.010650634765625],0.010650634765625,1
271508,637c30082a0b2c420dfc43cfd406660ba5bbfcf11a3dbc7776fb6836756fc385,ID_67e777e42,/home/mahsa-nasehi/Desktop/IAAA/fracture/iaaa-contest-bct/Data/training/271508/ID_67e777e42.dcm,19,721.1680744828841,512,512,0,0,heldout_patient_fold,aa2d72a2538f26976441e6d52c8c11ca964533e55b3978b8345a70a019d52638,ea81da4d34ee1570c8dd3460a4e44f8f247a0ba0f55b701dbf5093d392e32021,negative,0,0.0,0.0,[],[],[],0.0,0
271508,637c30082a0b2c420dfc43cfd406660ba5bbfcf11a3dbc7776fb6836756fc385,ID_bae3cebbd,/home/mahsa-nasehi/Desktop/IAAA/fracture/iaaa-contest-bct/Data/training/271508/ID_bae3cebbd.dcm,20,726.1621603866215,512,512,0,0,heldout_patient_fold,aa2d72a2538f26976441e6d52c8c11ca964533e55b3978b8345a70a019d52638,ea81da4d34ee1570c8dd3460a4e44f8f247a0ba0f55b701dbf5093d392e32021,negative,0,0.0,0.0,[],[],[],0.0,0
271508,637c30082a0b2c420dfc43cfd406660ba5bbfcf11a3dbc7776fb6836756fc385,ID_bb4f01974,/home/mahsa-nasehi/Desktop/IAAA/fracture/iaaa-contest-bct/Data/training/271508/ID_bb4f01974.dcm,21,731.1621680051747,512,512,0,0,heldout_patient_fold,aa2d72a2538f26976441e6d52c8c11ca964533e55b3978b8345a70a019d52638,ea81da4d34ee1570c8dd3460a4e44f8f247a0ba0f55b701dbf5093d392e32021,negative,0,0.0,0.0,[],[],[],0.0,0
271508,637c30082a0b2c420dfc43cfd406660ba5bbfcf11a3dbc7776fb6836756fc385,ID_2c44822da,/home/mahsa-nasehi/Desktop/IAAA/fracture/iaaa-contest-bct/Data/training/271508/ID_2c44822da.dcm,22,736.1561345625378,512,512,0,0,heldout_patient_fold,aa2d72a2538f26976441e6d52c8c11ca964533e55b3978b8345a70a019d52638,ea81da4d34ee1570c8dd3460a4e44f8f247a0ba0f55b701dbf5093d392e32021,negative,0,0.0,0.0,[],[],[],0.0,0
271508,637c30082a0b2c420dfc43cfd406660ba5bbfcf11a3dbc7776fb6836756fc385,ID_c9e48f459,/home/mahsa-nasehi/Desktop/IAAA/fracture/iaaa-contest-bct/Data/training/271508/ID_c9e48f459.dcm,23,741.1561431513867,512,512,0,0,heldout_patient_fold,aa2d72a2538f26976441e6d52c8c11ca964533e55b3978b8345a70a019d52638,ea81da4d34ee1570c8dd3460a4e44f8f247a0ba0f55b701dbf5093d392e32021,negative,0,0.0,0.0,[],[],[],0.0,0
271508,637c30082a0b2c420dfc43cfd406660ba5bbfcf11a3dbc7776fb6836756fc385,ID_fc2b99b80,/home/mahsa-nasehi/Desktop/IAAA/fracture/iaaa-contest-bct/Data/training/271508/ID_fc2b99b80.dcm,24,746.1502280848283,512,512,0,0,heldout_patient_fold,aa2d72a2538f26976441e6d52c8c11ca964533e55b3978b8345a70a019d52638,ea81da4d34ee1570c8dd3460a4e44f8f247a0ba0f55b701dbf5093d392e32021,negative,0,0.0,0.0,[],[],[],0.0,0
271508,637c30082a0b2c420dfc43cfd406660ba5bbfcf11a3dbc7776fb6836756fc385,ID_b32729399,/home/mahsa-nasehi/Desktop/IAAA/fracture/iaaa-contest-bct/Data/training/271508/ID_b32729399.dcm,25,751.1502357033816,512,512,0,0,heldout_patient_fold,aa2d72a2538f26976441e6d52c8c11ca964533e55b3978b8345a70a019d52638,ea81da4d34ee1570c8dd3460a4e44f8f247a0ba0f55b701dbf5093d392e32021,negative,0,0.0,0.0,[],[],[],0.0,0
271508,637c30082a0b2c420dfc43cfd406660ba5bbfcf11a3dbc7776fb6836756fc385,ID_7b5ab89db,/home/mahsa-nasehi/Desktop/IAAA/fracture/iaaa-contest-bct/Data/training/271508/ID_7b5ab89db.dcm,26,756.144321607119,512,512,0,0,heldout_patient_fold,aa2d72a2538f26976441e6d52c8c11ca964533e55b3978b8345a70a019d52638,ea81da4d34ee1570c8dd3460a4e44f8f247a0ba0f55b701dbf5093d392e32021,negative,0,0.0,0.0,[],[],[],0.0,0
271508,637c30082a0b2c420dfc43cfd406660ba5bbfcf11a3dbc7776fb6836756fc385,ID_82dba2bd0,/home/mahsa-nasehi/Desktop/IAAA/fracture/iaaa-contest-bct/Data/training/271508/ID_82dba2bd0.dcm,27,761.1443292256721,512,512,0,0,heldout_patient_fold,aa2d72a2538f26976441e6d52c8c11ca964533e55b3978b8345a70a019d52638,ea81da4d34ee1570c8dd3460a4e44f8f247a0ba0f55b701dbf5093d392e32021,negative,0,0.0,0.0,[],[],[],0.0,0
271508,637c30082a0b2c420dfc43cfd406660ba5bbfcf11a3dbc7776fb6836756fc385,ID_503f05dcd,/home/mahsa-nasehi/Desktop/IAAA/fracture/iaaa-contest-bct/Data/training/271508/ID_503f05dcd.dcm,28,766.1382967533309,512,512,0,0,heldout_patient_fold,aa2d72a2538f26976441e6d52c8c11ca964533e55b3978b8345a70a019d52638,ea81da4d34ee1570c8dd3460a4e44f8f247a0ba0f55b701dbf5093d392e32021,negative,0,0.0,0.0,[],[],[],0.0,0
271508,637c30082a0b2c420dfc43cfd406660ba5bbfcf11a3dbc7776fb6836756fc385,ID_446f4d3d9,/home/mahsa-nasehi/Desktop/IAAA/fracture/iaaa-contest-bct/Data/training/271508/ID_446f4d3d9.dcm,29,771.138304371884,512,512,0,0,heldout_patient_fold,aa2d72a2538f26976441e6d52c8c11ca964533e55b3978b8345a70a019d52638,ea81da4d34ee1570c8dd3460a4e44f8f247a0ba0f55b701dbf5093d392e32021,negative,0,0.0,0.0,[],[],[],0.0,0
271623,95fd74c952aa692b87ab414ebf818ecc073eb43b1ea0ddb7f062393ac6f4eb8c,ID_89f021c84,/home/mahsa-nasehi/Desktop/IAAA/fracture/iaaa-contest-bct/Data/training/271623/ID_89f021c84.dcm,0,-274.300049,512,512,1,0,heldout_patient_fold,aa2d72a2538f26976441e6d52c8c11ca964533e55b3978b8345a70a019d52638,ea81da4d34ee1570c8dd3460a4e44f8f247a0ba0f55b701dbf5093d392e32021,negative,0,0.0,0.0,[],"[[205.33334350585938, 129.08334350585938, 241.0, 165.75], [175.0, 10.0, 307.0, 172.33334350585938]]","[0.01177978515625, 0.01056671142578125]",0.01177978515625,2
271623,95fd74c952aa692b87ab414ebf818ecc073eb43b1ea0ddb7f062393ac6f4eb8c,ID_f5a32a4bc,/home/mahsa-nasehi/Desktop/IAAA/fracture/iaaa-contest-bct/Data/training/271623/ID_f5a32a4bc.dcm,1,-269.300049,512,512,1,0,heldout_patient_fold,aa2d72a2538f26976441e6d52c8c11ca964533e55b3978b8345a70a019d52638,ea81da4d34ee1570c8dd3460a4e44f8f247a0ba0f55b701dbf5093d392e32021,negative,0,0.0,0.0,[],"[[214.6666717529297, 106.0, 251.6666717529297, 144.33334350585938], [186.83334350585938, 87.33333587646484, 253.5, 153.6666717529297], [155.6666717529297, 32.16666793823242, 288.3333435058594, 197.5]]","[0.132080078125, 0.0213623046875, 0.0189056396484375]",0.132080078125,3
271623,95fd74c952aa692b87ab414ebf818ecc073eb43b1ea0ddb7f062393ac6f4eb8c,ID_b7735a11a,/home/mahsa-nasehi/Desktop/IAAA/fracture/iaaa-contest-bct/Data/training/271623/ID_b7735a11a.dcm,2,-264.300049,512,512,1,0,heldout_patient_fold,aa2d72a2538f26976441e6d52c8c11ca964533e55b3978b8345a70a019d52638,ea81da4d34ee1570c8dd3460a4e44f8f247a0ba0f55b701dbf5093d392e32021,negative,0,0.0,0.0,[],"[[211.5, 130.33334350585938, 248.1666717529297, 167.6666717529297], [215.0, 110.0, 251.6666717529297, 146.33334350585938], [192.33334350585938, 119.66667175292969, 260.3333435058594, 183.33334350585938]]","[0.01971435546875, 0.0150146484375, 0.01036834716796875]",0.01971435546875,3
271623,95fd74c952aa692b87ab414ebf818ecc073eb43b1ea0ddb7f062393ac6f4eb8c,ID_e13afe214,/home/mahsa-nasehi/Desktop/IAAA/fracture/iaaa-contest-bct/Data/training/271623/ID_e13afe214.dcm,3,-259.300049,512,512,1,0,heldout_patient_fold,aa2d72a2538f26976441e6d52c8c11ca964533e55b3978b8345a70a019d52638,ea81da4d34ee1570c8dd3460a4e44f8f247a0ba0f55b701dbf5093d392e32021,negative,0,0.0,0.0,[],"[[165.9166717529297, 21.625, 302.0, 188.0]]",[0.01812744140625],0.01812744140625,1
271623,95fd74c952aa692b87ab414ebf818ecc073eb43b1ea0ddb7f062393ac6f4eb8c,ID_affc2112b,/home/mahsa-nasehi/Desktop/IAAA/fracture/iaaa-contest-bct/Data/training/271623/ID_affc2112b.dcm,4,-254.300049,512,512,1,0,heldout_patient_fold,aa2d72a2538f26976441e6d52c8c11ca964533e55b3978b8345a70a019d52638,ea81da4d34ee1570c8dd3460a4e44f8f247a0ba0f55b701dbf5093d392e32021,negative,0,0.0,0.0,[],[],[],0.0,0
271623,95fd74c952aa692b87ab414ebf818ecc073eb43b1ea0ddb7f062393ac6f4eb8c,ID_91f99df39,/home/mahsa-nasehi/Desktop/IAAA/fracture/iaaa-contest-bct/Data/training/271623/ID_91f99df39.dcm,5,-249.300049,512,512,1,0,heldout_patient_fold,aa2d72a2538f26976441e6d52c8c11ca964533e55b3978b8345a70a019d52638,ea81da4d34ee1570c8dd3460a4e44f8f247a0ba0f55b701dbf5093d392e32021,negative,0,0.0,0.0,[],[],[],0.0,0
271623,95fd74c952aa692b87ab414ebf818ecc073eb43b1ea0ddb7f062393ac6f4eb8c,ID_e90dfc648,/home/mahsa-nasehi/Desktop/IAAA/fracture/iaaa-contest-bct/Data/training/271623/ID_e90dfc648.dcm,6,-244.300049,512,512,1,0,heldout_patient_fold,aa2d72a2538f26976441e6d52c8c11ca964533e55b3978b8345a70a019d52638,ea81da4d34ee1570c8dd3460a4e44f8f247a0ba0f55b701dbf5093d392e32021,negative,0,0.0,0.0,[],"[[163.5, 29.83333396911621, 300.8333435058594, 197.33334350585938]]",[0.0165863037109375],0.0165863037109375,1
271623,95fd74c952aa692b87ab414ebf818ecc073eb43b1ea0ddb7f062393ac6f4eb8c,ID_1544be5d4,/home/mahsa-nasehi/Desktop/IAAA/fracture/iaaa-contest-bct/Data/training/271623/ID_1544be5d4.dcm,7,-239.300049,512,512,1,0,heldout_patient_fold,aa2d72a2538f26976441e6d52c8c11ca964533e55b3978b8345a70a019d52638,ea81da4d34ee1570c8dd3460a4e44f8f247a0ba0f55b701dbf5093d392e32021,negative,0,0.0,0.0,[],[],[],0.0,0
271623,95fd74c952aa692b87ab414ebf818ecc073eb43b1ea0ddb7f062393ac6f4eb8c,ID_ea3d72eb9,/home/mahsa-nasehi/Desktop/IAAA/fracture/iaaa-contest-bct/Data/training/271623/ID_ea3d72eb9.dcm,8,-234.300049,512,512,1,0,heldout_patient_fold,aa2d72a2538f26976441e6d52c8c11ca964533e55b3978b8345a70a019d52638,ea81da4d34ee1570c8dd3460a4e44f8f247a0ba0f55b701dbf5093d392e32021,negative,0,0.0,0.0,[],[],[],0.0,0
271623,95fd74c952aa692b87ab414ebf818ecc073eb43b1ea0ddb7f062393ac6f4eb8c,ID_4a863b00a,/home/mahsa-nasehi/Desktop/IAAA/fracture/iaaa-contest-bct/Data/training/271623/ID_4a863b00a.dcm,9,-229.300049,512,512,1,0,heldout_patient_fold,aa2d72a2538f26976441e6d52c8c11ca964533e55b3978b8345a70a019d52638,ea81da4d34ee1570c8dd3460a4e44f8f247a0ba0f55b701dbf5093d392e32021,negative,0,0.0,0.0,[],[],[],0.0,0
271623,95fd74c952aa692b87ab414ebf818ecc073eb43b1ea0ddb7f062393ac6f4eb8c,ID_ebb60c44d,/home/mahsa-nasehi/Desktop/IAAA/fracture/iaaa-contest-bct/Data/training/271623/ID_ebb60c44d.dcm,10,-224.300049,512,512,1,0,heldout_patient_fold,aa2d72a2538f26976441e6d52c8c11ca964533e55b3978b8345a70a019d52638,ea81da4d34ee1570c8dd3460a4e44f8f247a0ba0f55b701dbf5093d392e32021,negative,0,0.0,0.0,[],[],[],0.0,0
271623,95fd74c952aa692b87ab414ebf818ecc073eb43b1ea0ddb7f062393ac6f4eb8c,ID_787c06843,/home/mahsa-nasehi/Desktop/IAAA/fracture/iaaa-contest-bct/Data/training/271623/ID_787c06843.dcm,11,-219.300049,512,512,1,0,heldout_patient_fold,aa2d72a2538f26976441e6d52c8c11ca964533e55b3978b8345a70a019d52638,ea81da4d34ee1570c8dd3460a4e44f8f247a0ba0f55b701dbf5093d392e32021,negative,0,0.0,0.0,[],[],[],0.0,0
271623,95fd74c952aa692b87ab414ebf818ecc073eb43b1ea0ddb7f062393ac6f4eb8c,ID_e47244ee9,/home/mahsa-nasehi/Desktop/IAAA/fracture/iaaa-contest-bct/Data/training/271623/ID_e47244ee9.dcm,12,-214.300049,512,512,1,0,heldout_patient_fold,aa2d72a2538f26976441e6d52c8c11ca964533e55b3978b8345a70a019d52638,ea81da4d34ee1570c8dd3460a4e44f8f247a0ba0f55b701dbf5093d392e32021,positive,1,5293.0,5293.0,"[[123.0, 183.0, 190.0, 262.0]]",[],[],0.0,0
271623,95fd74c952aa692b87ab414ebf818ecc073eb43b1ea0ddb7f062393ac6f4eb8c,ID_aeee6d4a0,/home/mahsa-nasehi/Desktop/IAAA/fracture/iaaa-contest-bct/Data/training/271623/ID_aeee6d4a0.dcm,13,-209.300049,512,512,1,0,heldout_patient_fold,aa2d72a2538f26976441e6d52c8c11ca964533e55b3978b8345a70a019d52638,ea81da4d34ee1570c8dd3460a4e44f8f247a0ba0f55b701dbf5093d392e32021,positive,2,2015.0,22984.0,"[[77.0, 155.0, 213.0, 324.0], [164.0, 241.0, 195.0, 306.0]]",[],[],0.0,0
271623,95fd74c952aa692b87ab414ebf818ecc073eb43b1ea0ddb7f062393ac6f4eb8c,ID_fb96ca701,/home/mahsa-nasehi/Desktop/IAAA/fracture/iaaa-contest-bct/Data/training/271623/ID_fb96ca701.dcm,14,-204.300049,512,512,1,0,heldout_patient_fold,aa2d72a2538f26976441e6d52c8c11ca964533e55b3978b8345a70a019d52638,ea81da4d34ee1570c8dd3460a4e44f8f247a0ba0f55b701dbf5093d392e32021,positive,1,24975.0,24975.0,"[[68.0, 143.0, 203.0, 328.0]]","[[365.3333435058594, 304.3333435058594, 400.66668701171875, 341.66668701171875]]",[0.01306915283203125],0.01306915283203125,1
271623,95fd74c952aa692b87ab414ebf818ecc073eb43b1ea0ddb7f062393ac6f4eb8c,ID_8375bc153,/home/mahsa-nasehi/Desktop/IAAA/fracture/iaaa-contest-bct/Data/training/271623/ID_8375bc153.dcm,15,-199.300049,512,512,1,0,heldout_patient_fold,aa2d72a2538f26976441e6d52c8c11ca964533e55b3978b8345a70a019d52638,ea81da4d34ee1570c8dd3460a4e44f8f247a0ba0f55b701dbf5093d392e32021,positive,3,286.0,24888.0,"[[67.0, 152.0, 203.0, 335.0], [168.0, 209.0, 178.0, 238.0], [166.0, 241.0, 177.0, 267.0]]","[[95.83333587646484, 280.3333435058594, 131.1666717529297, 317.0]]",[0.015960693359375],0.015960693359375,1
271623,95fd74c952aa692b87ab414ebf818ecc073eb43b1ea0ddb7f062393ac6f4eb8c,ID_300e4c518,/home/mahsa-nasehi/Desktop/IAAA/fracture/iaaa-contest-bct/Data/training/271623/ID_300e4c518.dcm,16,-194.300049,512,512,1,0,heldout_patient_fold,aa2d72a2538f26976441e6d52c8c11ca964533e55b3978b8345a70a019d52638,ea81da4d34ee1570c8dd3460a4e44f8f247a0ba0f55b701dbf5093d392e32021,positive,1,28485.0,28485.0,"[[62.0, 138.0, 197.0, 349.0]]",[],[],0.0,0
271623,95fd74c952aa692b87ab414ebf818ecc073eb43b1ea0ddb7f062393ac6f4eb8c,ID_c0b602204,/home/mahsa-nasehi/Desktop/IAAA/fracture/iaaa-contest-bct/Data/training/271623/ID_c0b602204.dcm,17,-189.300049,512,512,1,0,heldout_patient_fold,aa2d72a2538f26976441e6d52c8c11ca964533e55b3978b8345a70a019d52638,ea81da4d34ee1570c8dd3460a4e44f8f247a0ba0f55b701dbf5093d392e32021,positive,1,36750.0,36750.0,"[[48.0, 123.0, 198.0, 368.0]]",[],[],0.0,0
271623,95fd74c952aa692b87ab414ebf818ecc073eb43b1ea0ddb7f062393ac6f4eb8c,ID_28fc78afa,/home/mahsa-nasehi/Desktop/IAAA/fracture/iaaa-contest-bct/Data/training/271623/ID_28fc78afa.dcm,18,-184.300049,512,512,1,0,heldout_patient_fold,aa2d72a2538f26976441e6d52c8c11ca964533e55b3978b8345a70a019d52638,ea81da4d34ee1570c8dd3460a4e44f8f247a0ba0f55b701dbf5093d392e32021,positive,2,9604.0,39456.0,"[[58.0, 71.0, 202.0, 345.0], [81.0, 280.0, 179.0, 378.0]]",[],[],0.0,0
271623,95fd74c952aa692b87ab414ebf818ecc073eb43b1ea0ddb7f062393ac6f4eb8c,ID_63702e695,/home/mahsa-nasehi/Desktop/IAAA/fracture/iaaa-contest-bct/Data/training/271623/ID_63702e695.dcm,19,-179.300049,512,512,1,0,heldout_patient_fold,aa2d72a2538f26976441e6d52c8c11ca964533e55b3978b8345a70a019d52638,ea81da4d34ee1570c8dd3460a4e44f8f247a0ba0f55b701dbf5093d392e32021,positive,1,63961.0,63961.0,"[[55.0, 59.0, 222.0, 442.0]]",[],[],0.0,0
271623,95fd74c952aa692b87ab414ebf818ecc073eb43b1ea0ddb7f062393ac6f4eb8c,ID_b17d6d1c3,/home/mahsa-nasehi/Desktop/IAAA/fracture/iaaa-contest-bct/Data/training/271623/ID_b17d6d1c3.dcm,20,-174.300049,512,512,1,0,heldout_patient_fold,aa2d72a2538f26976441e6d52c8c11ca964533e55b3978b8345a70a019d52638,ea81da4d34ee1570c8dd3460a4e44f8f247a0ba0f55b701dbf5093d392e32021,positive,1,72512.0,72512.0,"[[60.0, 49.0, 236.0, 461.0]]",[],[],0.0,0
271623,95fd74c952aa692b87ab414ebf818ecc073eb43b1ea0ddb7f062393ac6f4eb8c,ID_dd5b7e476,/home/mahsa-nasehi/Desktop/IAAA/fracture/iaaa-contest-bct/Data/training/271623/ID_dd5b7e476.dcm,21,-169.300049,512,512,1,0,heldout_patient_fold,aa2d72a2538f26976441e6d52c8c11ca964533e55b3978b8345a70a019d52638,ea81da4d34ee1570c8dd3460a4e44f8f247a0ba0f55b701dbf5093d392e32021,positive,1,73248.0,73248.0,"[[63.0, 42.0, 231.0, 478.0]]",[],[],0.0,0
271623,95fd74c952aa692b87ab414ebf818ecc073eb43b1ea0ddb7f062393ac6f4eb8c,ID_64e60d94a,/home/mahsa-nasehi/Desktop/IAAA/fracture/iaaa-contest-bct/Data/training/271623/ID_64e60d94a.dcm,22,-164.300049,512,512,1,0,heldout_patient_fold,aa2d72a2538f26976441e6d52c8c11ca964533e55b3978b8345a70a019d52638,ea81da4d34ee1570c8dd3460a4e44f8f247a0ba0f55b701dbf5093d392e32021,positive,1,101695.0,101695.0,"[[56.0, 16.0, 271.0, 489.0]]",[],[],0.0,0
271623,95fd74c952aa692b87ab414ebf818ecc073eb43b1ea0ddb7f062393ac6f4eb8c,ID_6f3ad82e9,/home/mahsa-nasehi/Desktop/IAAA/fracture/iaaa-contest-bct/Data/training/271623/ID_6f3ad82e9.dcm,23,-159.300049,512,512,1,0,heldout_patient_fold,aa2d72a2538f26976441e6d52c8c11ca964533e55b3978b8345a70a019d52638,ea81da4d34ee1570c8dd3460a4e44f8f247a0ba0f55b701dbf5093d392e32021,positive,1,98468.0,98468.0,"[[67.0, 22.0, 273.0, 500.0]]","[[132.33334350585938, 387.3333435058594, 168.6666717529297, 423.3333435058594]]",[0.0141143798828125],0.0141143798828125,1
271623,95fd74c952aa692b87ab414ebf818ecc073eb43b1ea0ddb7f062393ac6f4eb8c,ID_50ca027bf,/home/mahsa-nasehi/Desktop/IAAA/fracture/iaaa-contest-bct/Data/training/271623/ID_50ca027bf.dcm,24,-154.300049,512,512,1,0,heldout_patient_fold,aa2d72a2538f26976441e6d52c8c11ca964533e55b3978b8345a70a019d52638,ea81da4d34ee1570c8dd3460a4e44f8f247a0ba0f55b701dbf5093d392e32021,positive,1,101069.0,101069.0,"[[66.0, 30.0, 277.0, 509.0]]",[],[],0.0,0
271623,95fd74c952aa692b87ab414ebf818ecc073eb43b1ea0ddb7f062393ac6f4eb8c,ID_e22137df9,/home/mahsa-nasehi/Desktop/IAAA/fracture/iaaa-contest-bct/Data/training/271623/ID_e22137df9.dcm,25,-149.300049,512,512,1,0,heldout_patient_fold,aa2d72a2538f26976441e6d52c8c11ca964533e55b3978b8345a70a019d52638,ea81da4d34ee1570c8dd3460a4e44f8f247a0ba0f55b701dbf5093d392e32021,positive,1,66633.0,66633.0,"[[82.0, 76.0, 249.0, 475.0]]",[],[],0.0,0
271623,95fd74c952aa692b87ab414ebf818ecc073eb43b1ea0ddb7f062393ac6f4eb8c,ID_ace47bc32,/home/mahsa-nasehi/Desktop/IAAA/fracture/iaaa-contest-bct/Data/training/271623/ID_ace47bc32.dcm,26,-144.300049,512,512,1,0,heldout_patient_fold,aa2d72a2538f26976441e6d52c8c11ca964533e55b3978b8345a70a019d52638,ea81da4d34ee1570c8dd3460a4e44f8f247a0ba0f55b701dbf5093d392e32021,positive,1,50400.0,50400.0,"[[84.0, 103.0, 234.0, 439.0]]","[[346.0, 336.66668701171875, 382.0, 373.3333435058594]]",[0.0189056396484375],0.0189056396484375,1
271623,95fd74c952aa692b87ab414ebf818ecc073eb43b1ea0ddb7f062393ac6f4eb8c,ID_ffbd2f0f6,/home/mahsa-nasehi/Desktop/IAAA/fracture/iaaa-contest-bct/Data/training/271623/ID_ffbd2f0f6.dcm,27,-139.300049,512,512,1,0,heldout_patient_fold,aa2d72a2538f26976441e6d52c8c11ca964533e55b3978b8345a70a019d52638,ea81da4d34ee1570c8dd3460a4e44f8f247a0ba0f55b701dbf5093d392e32021,positive,1,51813.0,51813.0,"[[70.0, 115.0, 241.0, 418.0]]","[[343.0, 336.66668701171875, 379.66668701171875, 372.66668701171875], [325.3333435058594, 325.16668701171875, 392.0, 385.3333435058594]]","[0.041778564453125, 0.0279083251953125]",0.041778564453125,2
271623,95fd74c952aa692b87ab414ebf818ecc073eb43b1ea0ddb7f062393ac6f4eb8c,ID_ee3bc5023,/home/mahsa-nasehi/Desktop/IAAA/fracture/iaaa-contest-bct/Data/training/271623/ID_ee3bc5023.dcm,28,-134.300049,512,512,1,0,heldout_patient_fold,aa2d72a2538f26976441e6d52c8c11ca964533e55b3978b8345a70a019d52638,ea81da4d34ee1570c8dd3460a4e44f8f247a0ba0f55b701dbf5093d392e32021,negative,0,0.0,0.0,[],"[[331.5, 208.6666717529297, 368.66668701171875, 244.6666717529297]]",[0.0182647705078125],0.0182647705078125,1
271623,95fd74c952aa692b87ab414ebf818ecc073eb43b1ea0ddb7f062393ac6f4eb8c,ID_a3d6a81fb,/home/mahsa-nasehi/Desktop/IAAA/fracture/iaaa-contest-bct/Data/training/271623/ID_a3d6a81fb.dcm,29,-129.300049,512,512,1,0,heldout_patient_fold,aa2d72a2538f26976441e6d52c8c11ca964533e55b3978b8345a70a019d52638,ea81da4d34ee1570c8dd3460a4e44f8f247a0ba0f55b701dbf5093d392e32021,negative,0,0.0,0.0,[],"[[310.0, 201.6666717529297, 377.3333435058594, 262.3333435058594], [326.0, 213.33334350585938, 363.3333435058594, 250.0]]","[0.0153656005859375, 0.01229095458984375]",0.0153656005859375,2
271623,95fd74c952aa692b87ab414ebf818ecc073eb43b1ea0ddb7f062393ac6f4eb8c,ID_90b0c4cc3,/home/mahsa-nasehi/Desktop/IAAA/fracture/iaaa-contest-bct/Data/training/271623/ID_90b0c4cc3.dcm,30,-124.300049,512,512,1,0,heldout_patient_fold,aa2d72a2538f26976441e6d52c8c11ca964533e55b3978b8345a70a019d52638,ea81da4d34ee1570c8dd3460a4e44f8f247a0ba0f55b701dbf5093d392e32021,negative,0,0.0,0.0,[],[],[],0.0,0
271623,95fd74c952aa692b87ab414ebf818ecc073eb43b1ea0ddb7f062393ac6f4eb8c,ID_9c94ccc79,/home/mahsa-nasehi/Desktop/IAAA/fracture/iaaa-contest-bct/Data/training/271623/ID_9c94ccc79.dcm,31,-119.300049,512,512,1,0,heldout_patient_fold,aa2d72a2538f26976441e6d52c8c11ca964533e55b3978b8345a70a019d52638,ea81da4d34ee1570c8dd3460a4e44f8f247a0ba0f55b701dbf5093d392e32021,negative,0,0.0,0.0,[],[],[],0.0,0
271623,95fd74c952aa692b87ab414ebf818ecc073eb43b1ea0ddb7f062393ac6f4eb8c,ID_05f9e405a,/home/mahsa-nasehi/Desktop/IAAA/fracture/iaaa-contest-bct/Data/training/271623/ID_05f9e405a.dcm,32,-114.300049,512,512,1,0,heldout_patient_fold,aa2d72a2538f26976441e6d52c8c11ca964533e55b3978b8345a70a019d52638,ea81da4d34ee1570c8dd3460a4e44f8f247a0ba0f55b701dbf5093d392e32021,negative,0,0.0,0.0,[],[],[],0.0,0
271623,95fd74c952aa692b87ab414ebf818ecc073eb43b1ea0ddb7f062393ac6f4eb8c,ID_1830e30e9,/home/mahsa-nasehi/Desktop/IAAA/fracture/iaaa-contest-bct/Data/training/271623/ID_1830e30e9.dcm,33,-109.300049,512,512,1,0,heldout_patient_fold,aa2d72a2538f26976441e6d52c8c11ca964533e55b3978b8345a70a019d52638,ea81da4d34ee1570c8dd3460a4e44f8f247a0ba0f55b701dbf5093d392e32021,negative,0,0.0,0.0,[],[],[],0.0,0
271623,95fd74c952aa692b87ab414ebf818ecc073eb43b1ea0ddb7f062393ac6f4eb8c,ID_ab70953a0,/home/mahsa-nasehi/Desktop/IAAA/fracture/iaaa-contest-bct/Data/training/271623/ID_ab70953a0.dcm,34,-104.300049,512,512,1,0,heldout_patient_fold,aa2d72a2538f26976441e6d52c8c11ca964533e55b3978b8345a70a019d52638,ea81da4d34ee1570c8dd3460a4e44f8f247a0ba0f55b701dbf5093d392e32021,negative,0,0.0,0.0,[],[],[],0.0,0
271686,e51544c450893a7be1d0178b08f7ca9c99685006b37ba0841559f5995ad181b2,ID_2ed796b63,/home/mahsa-nasehi/Desktop/IAAA/fracture/iaaa-contest-bct/Data/training/271686/ID_2ed796b63.dcm,0,-2.444518,512,512,0,0,heldout_patient_fold,aa2d72a2538f26976441e6d52c8c11ca964533e55b3978b8345a70a019d52638,ea81da4d34ee1570c8dd3460a4e44f8f247a0ba0f55b701dbf5093d392e32021,negative,0,0.0,0.0,[],[],[],0.0,0
271686,e51544c450893a7be1d0178b08f7ca9c99685006b37ba0841559f5995ad181b2,ID_9190016d1,/home/mahsa-nasehi/Desktop/IAAA/fracture/iaaa-contest-bct/Data/training/271686/ID_9190016d1.dcm,1,2.555482,512,512,0,0,heldout_patient_fold,aa2d72a2538f26976441e6d52c8c11ca964533e55b3978b8345a70a019d52638,ea81da4d34ee1570c8dd3460a4e44f8f247a0ba0f55b701dbf5093d392e32021,negative,0,0.0,0.0,[],"[[359.3333435058594, 187.6666717529297, 395.3333435058594, 223.6666717529297]]",[0.0154266357421875],0.0154266357421875,1
271686,e51544c450893a7be1d0178b08f7ca9c99685006b37ba0841559f5995ad181b2,ID_f27b8ec8e,/home/mahsa-nasehi/Desktop/IAAA/fracture/iaaa-contest-bct/Data/training/271686/ID_f27b8ec8e.dcm,2,7.555482,512,512,0,0,heldout_patient_fold,aa2d72a2538f26976441e6d52c8c11ca964533e55b3978b8345a70a019d52638,ea81da4d34ee1570c8dd3460a4e44f8f247a0ba0f55b701dbf5093d392e32021,negative,0,0.0,0.0,[],"[[132.25, 63.333335876464844, 267.0, 226.6666717529297]]",[0.0125732421875],0.0125732421875,1
271686,e51544c450893a7be1d0178b08f7ca9c99685006b37ba0841559f5995ad181b2,ID_09141c364,/home/mahsa-nasehi/Desktop/IAAA/fracture/iaaa-contest-bct/Data/training/271686/ID_09141c364.dcm,3,12.555482,512,512,0,0,heldout_patient_fold,aa2d72a2538f26976441e6d52c8c11ca964533e55b3978b8345a70a019d52638,ea81da4d34ee1570c8dd3460a4e44f8f247a0ba0f55b701dbf5093d392e32021,negative,0,0.0,0.0,[],[],[],0.0,0
271686,e51544c450893a7be1d0178b08f7ca9c99685006b37ba0841559f5995ad181b2,ID_32ebefa3c,/home/mahsa-nasehi/Desktop/IAAA/fracture/iaaa-contest-bct/Data/training/271686/ID_32ebefa3c.dcm,4,17.555481,512,512,0,0,heldout_patient_fold,aa2d72a2538f26976441e6d52c8c11ca964533e55b3978b8345a70a019d52638,ea81da4d34ee1570c8dd3460a4e44f8f247a0ba0f55b701dbf5093d392e32021,negative,0,0.0,0.0,[],"[[128.33334350585938, 263.66668701171875, 196.5, 329.66668701171875]]",[0.039642333984375],0.039642333984375,1
271686,e51544c450893a7be1d0178b08f7ca9c99685006b37ba0841559f5995ad181b2,ID_d9f28691f,/home/mahsa-nasehi/Desktop/IAAA/fracture/iaaa-contest-bct/Data/training/271686/ID_d9f28691f.dcm,5,22.555481,512,512,0,0,heldout_patient_fold,aa2d72a2538f26976441e6d52c8c11ca964533e55b3978b8345a70a019d52638,ea81da4d34ee1570c8dd3460a4e44f8f247a0ba0f55b701dbf5093d392e32021,negative,0,0.0,0.0,[],[],[],0.0,0
271686,e51544c450893a7be1d0178b08f7ca9c99685006b37ba0841559f5995ad181b2,ID_d36df632d,/home/mahsa-nasehi/Desktop/IAAA/fracture/iaaa-contest-bct/Data/training/271686/ID_d36df632d.dcm,6,27.555481,512,512,0,0,heldout_patient_fold,aa2d72a2538f26976441e6d52c8c11ca964533e55b3978b8345a70a019d52638,ea81da4d34ee1570c8dd3460a4e44f8f247a0ba0f55b701dbf5093d392e32021,negative,0,0.0,0.0,[],[],[],0.0,0
271686,e51544c450893a7be1d0178b08f7ca9c99685006b37ba0841559f5995ad181b2,ID_fb4511025,/home/mahsa-nasehi/Desktop/IAAA/fracture/iaaa-contest-bct/Data/training/271686/ID_fb4511025.dcm,7,32.555481,512,512,0,0,heldout_patient_fold,aa2d72a2538f26976441e6d52c8c11ca964533e55b3978b8345a70a019d52638,ea81da4d34ee1570c8dd3460a4e44f8f247a0ba0f55b701dbf5093d392e32021,negative,0,0.0,0.0,[],[],[],0.0,0
271686,e51544c450893a7be1d0178b08f7ca9c99685006b37ba0841559f5995ad181b2,ID_1da91ac29,/home/mahsa-nasehi/Desktop/IAAA/fracture/iaaa-contest-bct/Data/training/271686/ID_1da91ac29.dcm,8,37.555481,512,512,0,0,heldout_patient_fold,aa2d72a2538f26976441e6d52c8c11ca964533e55b3978b8345a70a019d52638,ea81da4d34ee1570c8dd3460a4e44f8f247a0ba0f55b701dbf5093d392e32021,negative,0,0.0,0.0,[],"[[359.3333435058594, 326.0, 395.3333435058594, 362.0]]",[0.02886962890625],0.02886962890625,1
271686,e51544c450893a7be1d0178b08f7ca9c99685006b37ba0841559f5995ad181b2,ID_4d3b9d937,/home/mahsa-nasehi/Desktop/IAAA/fracture/iaaa-contest-bct/Data/training/271686/ID_4d3b9d937.dcm,9,42.555481,512,512,0,0,heldout_patient_fold,aa2d72a2538f26976441e6d52c8c11ca964533e55b3978b8345a70a019d52638,ea81da4d34ee1570c8dd3460a4e44f8f247a0ba0f55b701dbf5093d392e32021,negative,0,0.0,0.0,[],"[[135.33334350585938, 230.1666717529297, 171.6666717529297, 266.8333435058594]]",[0.0147857666015625],0.0147857666015625,1
271686,e51544c450893a7be1d0178b08f7ca9c99685006b37ba0841559f5995ad181b2,ID_e6f5a88fd,/home/mahsa-nasehi/Desktop/IAAA/fracture/iaaa-contest-bct/Data/training/271686/ID_e6f5a88fd.dcm,10,47.555481,512,512,0,0,heldout_patient_fold,aa2d72a2538f26976441e6d52c8c11ca964533e55b3978b8345a70a019d52638,ea81da4d34ee1570c8dd3460a4e44f8f247a0ba0f55b701dbf5093d392e32021,negative,0,0.0,0.0,[],[],[],0.0,0
271686,e51544c450893a7be1d0178b08f7ca9c99685006b37ba0841559f5995ad181b2,ID_7d920d877,/home/mahsa-nasehi/Desktop/IAAA/fracture/iaaa-contest-bct/Data/training/271686/ID_7d920d877.dcm,11,52.555481,512,512,0,0,heldout_patient_fold,aa2d72a2538f26976441e6d52c8c11ca964533e55b3978b8345a70a019d52638,ea81da4d34ee1570c8dd3460a4e44f8f247a0ba0f55b701dbf5093d392e32021,negative,0,0.0,0.0,[],[],[],0.0,0
271686,e51544c450893a7be1d0178b08f7ca9c99685006b37ba0841559f5995ad181b2,ID_3eb30bc4b,/home/mahsa-nasehi/Desktop/IAAA/fracture/iaaa-contest-bct/Data/training/271686/ID_3eb30bc4b.dcm,12,57.555481,512,512,0,0,heldout_patient_fold,aa2d72a2538f26976441e6d52c8c11ca964533e55b3978b8345a70a019d52638,ea81da4d34ee1570c8dd3460a4e44f8f247a0ba0f55b701dbf5093d392e32021,negative,0,0.0,0.0,[],[],[],0.0,0
271686,e51544c450893a7be1d0178b08f7ca9c99685006b37ba0841559f5995ad181b2,ID_30ed0cd45,/home/mahsa-nasehi/Desktop/IAAA/fracture/iaaa-contest-bct/Data/training/271686/ID_30ed0cd45.dcm,13,62.555481,512,512,0,0,heldout_patient_fold,aa2d72a2538f26976441e6d52c8c11ca964533e55b3978b8345a70a019d52638,ea81da4d34ee1570c8dd3460a4e44f8f247a0ba0f55b701dbf5093d392e32021,negative,0,0.0,0.0,[],"[[219.0, 118.91667175292969, 352.66668701171875, 283.66668701171875]]",[0.01332855224609375],0.01332855224609375,1
271686,e51544c450893a7be1d0178b08f7ca9c99685006b37ba0841559f5995ad181b2,ID_a5595c2f1,/home/mahsa-nasehi/Desktop/IAAA/fracture/iaaa-contest-bct/Data/training/271686/ID_a5595c2f1.dcm,14,67.555481,512,512,0,0,heldout_patient_fold,aa2d72a2538f26976441e6d52c8c11ca964533e55b3978b8345a70a019d52638,ea81da4d34ee1570c8dd3460a4e44f8f247a0ba0f55b701dbf5093d392e32021,negative,0,0.0,0.0,[],[],[],0.0,0
271686,e51544c450893a7be1d0178b08f7ca9c99685006b37ba0841559f5995ad181b2,ID_4b93c8aed,/home/mahsa-nasehi/Desktop/IAAA/fracture/iaaa-contest-bct/Data/training/271686/ID_4b93c8aed.dcm,15,72.555481,512,512,0,0,heldout_patient_fold,aa2d72a2538f26976441e6d52c8c11ca964533e55b3978b8345a70a019d52638,ea81da4d34ee1570c8dd3460a4e44f8f247a0ba0f55b701dbf5093d392e32021,negative,0,0.0,0.0,[],[],[],0.0,0
271686,e51544c450893a7be1d0178b08f7ca9c99685006b37ba0841559f5995ad181b2,ID_6b701d883,/home/mahsa-nasehi/Desktop/IAAA/fracture/iaaa-contest-bct/Data/training/271686/ID_6b701d883.dcm,16,77.555481,512,512,0,0,heldout_patient_fold,aa2d72a2538f26976441e6d52c8c11ca964533e55b3978b8345a70a019d52638,ea81da4d34ee1570c8dd3460a4e44f8f247a0ba0f55b701dbf5093d392e32021,negative,0,0.0,0.0,[],[],[],0.0,0
271686,e51544c450893a7be1d0178b08f7ca9c99685006b37ba0841559f5995ad181b2,ID_e42e11bfe,/home/mahsa-nasehi/Desktop/IAAA/fracture/iaaa-contest-bct/Data/training/271686/ID_e42e11bfe.dcm,17,82.555481,512,512,0,0,heldout_patient_fold,aa2d72a2538f26976441e6d52c8c11ca964533e55b3978b8345a70a019d52638,ea81da4d34ee1570c8dd3460a4e44f8f247a0ba0f55b701dbf5093d392e32021,negative,0,0.0,0.0,[],[],[],0.0,0
271686,e51544c450893a7be1d0178b08f7ca9c99685006b37ba0841559f5995ad181b2,ID_a9ce10119,/home/mahsa-nasehi/Desktop/IAAA/fracture/iaaa-contest-bct/Data/training/271686/ID_a9ce10119.dcm,18,87.555481,512,512,0,0,heldout_patient_fold,aa2d72a2538f26976441e6d52c8c11ca964533e55b3978b8345a70a019d52638,ea81da4d34ee1570c8dd3460a4e44f8f247a0ba0f55b701dbf5093d392e32021,negative,0,0.0,0.0,[],[],[],0.0,0
271686,e51544c450893a7be1d0178b08f7ca9c99685006b37ba0841559f5995ad181b2,ID_e0c3d06ec,/home/mahsa-nasehi/Desktop/IAAA/fracture/iaaa-contest-bct/Data/training/271686/ID_e0c3d06ec.dcm,19,92.555481,512,512,0,0,heldout_patient_fold,aa2d72a2538f26976441e6d52c8c11ca964533e55b3978b8345a70a019d52638,ea81da4d34ee1570c8dd3460a4e44f8f247a0ba0f55b701dbf5093d392e32021,negative,0,0.0,0.0,[],[],[],0.0,0
271686,e51544c450893a7be1d0178b08f7ca9c99685006b37ba0841559f5995ad181b2,ID_ff6189246,/home/mahsa-nasehi/Desktop/IAAA/fracture/iaaa-contest-bct/Data/training/271686/ID_ff6189246.dcm,20,97.555481,512,512,0,0,heldout_patient_fold,aa2d72a2538f26976441e6d52c8c11ca964533e55b3978b8345a70a019d52638,ea81da4d34ee1570c8dd3460a4e44f8f247a0ba0f55b701dbf5093d392e32021,negative,0,0.0,0.0,[],[],[],0.0,0
271686,e51544c450893a7be1d0178b08f7ca9c99685006b37ba0841559f5995ad181b2,ID_b9410ffce,/home/mahsa-nasehi/Desktop/IAAA/fracture/iaaa-contest-bct/Data/training/271686/ID_b9410ffce.dcm,21,102.555481,512,512,0,0,heldout_patient_fold,aa2d72a2538f26976441e6d52c8c11ca964533e55b3978b8345a70a019d52638,ea81da4d34ee1570c8dd3460a4e44f8f247a0ba0f55b701dbf5093d392e32021,negative,0,0.0,0.0,[],[],[],0.0,0
271686,e51544c450893a7be1d0178b08f7ca9c99685006b37ba0841559f5995ad181b2,ID_b86d14ab7,/home/mahsa-nasehi/Desktop/IAAA/fracture/iaaa-contest-bct/Data/training/271686/ID_b86d14ab7.dcm,22,107.555481,512,512,0,0,heldout_patient_fold,aa2d72a2538f26976441e6d52c8c11ca964533e55b3978b8345a70a019d52638,ea81da4d34ee1570c8dd3460a4e44f8f247a0ba0f55b701dbf5093d392e32021,negative,0,0.0,0.0,[],[],[],0.0,0
271686,e51544c450893a7be1d0178b08f7ca9c99685006b37ba0841559f5995ad181b2,ID_2ef044662,/home/mahsa-nasehi/Desktop/IAAA/fracture/iaaa-contest-bct/Data/training/271686/ID_2ef044662.dcm,23,112.555481,512,512,0,0,heldout_patient_fold,aa2d72a2538f26976441e6d52c8c11ca964533e55b3978b8345a70a019d52638,ea81da4d34ee1570c8dd3460a4e44f8f247a0ba0f55b701dbf5093d392e32021,negative,0,0.0,0.0,[],[],[],0.0,0
271686,e51544c450893a7be1d0178b08f7ca9c99685006b37ba0841559f5995ad181b2,ID_28fa6e085,/home/mahsa-nasehi/Desktop/IAAA/fracture/iaaa-contest-bct/Data/training/271686/ID_28fa6e085.dcm,24,117.555481,512,512,0,0,heldout_patient_fold,aa2d72a2538f26976441e6d52c8c11ca964533e55b3978b8345a70a019d52638,ea81da4d34ee1570c8dd3460a4e44f8f247a0ba0f55b701dbf5093d392e32021,negative,0,0.0,0.0,[],"[[367.0, 256.66668701171875, 403.66668701171875, 292.66668701171875]]",[0.01267242431640625],0.01267242431640625,1
271686,e51544c450893a7be1d0178b08f7ca9c99685006b37ba0841559f5995ad181b2,ID_261d9a800,/home/mahsa-nasehi/Desktop/IAAA/fracture/iaaa-contest-bct/Data/training/271686/ID_261d9a800.dcm,25,122.555481,512,512,0,0,heldout_patient_fold,aa2d72a2538f26976441e6d52c8c11ca964533e55b3978b8345a70a019d52638,ea81da4d34ee1570c8dd3460a4e44f8f247a0ba0f55b701dbf5093d392e32021,negative,0,0.0,0.0,[],"[[362.0, 253.6666717529297, 398.0, 290.3333435058594], [331.66668701171875, 324.0, 397.0, 386.0], [350.0, 339.5, 387.3333435058594, 375.3333435058594]]","[0.294189453125, 0.09466552734375, 0.0222930908203125]",0.294189453125,3
271686,e51544c450893a7be1d0178b08f7ca9c99685006b37ba0841559f5995ad181b2,ID_f8cf260d3,/home/mahsa-nasehi/Desktop/IAAA/fracture/iaaa-contest-bct/Data/training/271686/ID_f8cf260d3.dcm,26,127.555481,512,512,0,0,heldout_patient_fold,aa2d72a2538f26976441e6d52c8c11ca964533e55b3978b8345a70a019d52638,ea81da4d34ee1570c8dd3460a4e44f8f247a0ba0f55b701dbf5093d392e32021,negative,0,0.0,0.0,[],"[[356.66668701171875, 253.6666717529297, 392.66668701171875, 290.0], [336.66668701171875, 244.6666717529297, 403.3333435058594, 305.3333435058594]]","[0.1666259765625, 0.010528564453125]",0.1666259765625,2
271686,e51544c450893a7be1d0178b08f7ca9c99685006b37ba0841559f5995ad181b2,ID_98d132f66,/home/mahsa-nasehi/Desktop/IAAA/fracture/iaaa-contest-bct/Data/training/271686/ID_98d132f66.dcm,27,132.555481,512,512,0,0,heldout_patient_fold,aa2d72a2538f26976441e6d52c8c11ca964533e55b3978b8345a70a019d52638,ea81da4d34ee1570c8dd3460a4e44f8f247a0ba0f55b701dbf5093d392e32021,negative,0,0.0,0.0,[],"[[350.0, 259.5, 387.3333435058594, 295.16668701171875]]",[0.07159423828125],0.07159423828125,1
271686,e51544c450893a7be1d0178b08f7ca9c99685006b37ba0841559f5995ad181b2,ID_d12b7e130,/home/mahsa-nasehi/Desktop/IAAA/fracture/iaaa-contest-bct/Data/training/271686/ID_d12b7e130.dcm,28,137.555481,512,512,0,0,heldout_patient_fold,aa2d72a2538f26976441e6d52c8c11ca964533e55b3978b8345a70a019d52638,ea81da4d34ee1570c8dd3460a4e44f8f247a0ba0f55b701dbf5093d392e32021,negative,0,0.0,0.0,[],"[[337.5, 227.33334350585938, 374.66668701171875, 263.3333435058594], [345.3333435058594, 262.0, 382.0, 298.0]]","[0.012969970703125, 0.0129241943359375]",0.012969970703125,2
271686,e51544c450893a7be1d0178b08f7ca9c99685006b37ba0841559f5995ad181b2,ID_57d85b31e,/home/mahsa-nasehi/Desktop/IAAA/fracture/iaaa-contest-bct/Data/training/271686/ID_57d85b31e.dcm,29,142.555481,512,512,0,0,heldout_patient_fold,aa2d72a2538f26976441e6d52c8c11ca964533e55b3978b8345a70a019d52638,ea81da4d34ee1570c8dd3460a4e44f8f247a0ba0f55b701dbf5093d392e32021,negative,0,0.0,0.0,[],"[[335.0, 272.66668701171875, 371.66668701171875, 308.66668701171875]]",[0.047088623046875],0.047088623046875,1
271686,e51544c450893a7be1d0178b08f7ca9c99685006b37ba0841559f5995ad181b2,ID_831be6cfe,/home/mahsa-nasehi/Desktop/IAAA/fracture/iaaa-contest-bct/Data/training/271686/ID_831be6cfe.dcm,30,147.555481,512,512,0,0,heldout_patient_fold,aa2d72a2538f26976441e6d52c8c11ca964533e55b3978b8345a70a019d52638,ea81da4d34ee1570c8dd3460a4e44f8f247a0ba0f55b701dbf5093d392e32021,negative,0,0.0,0.0,[],[],[],0.0,0
271686,e51544c450893a7be1d0178b08f7ca9c99685006b37ba0841559f5995ad181b2,ID_e2b6ffef1,/home/mahsa-nasehi/Desktop/IAAA/fracture/iaaa-contest-bct/Data/training/271686/ID_e2b6ffef1.dcm,31,152.555481,512,512,0,0,heldout_patient_fold,aa2d72a2538f26976441e6d52c8c11ca964533e55b3978b8345a70a019d52638,ea81da4d34ee1570c8dd3460a4e44f8f247a0ba0f55b701dbf5093d392e32021,negative,0,0.0,0.0,[],"[[267.3333435058594, 141.75, 334.0, 205.0]]",[0.0197906494140625],0.0197906494140625,1
271686,e51544c450893a7be1d0178b08f7ca9c99685006b37ba0841559f5995ad181b2,ID_d1857408f,/home/mahsa-nasehi/Desktop/IAAA/fracture/iaaa-contest-bct/Data/training/271686/ID_d1857408f.dcm,32,157.555481,512,512,0,0,heldout_patient_fold,aa2d72a2538f26976441e6d52c8c11ca964533e55b3978b8345a70a019d52638,ea81da4d34ee1570c8dd3460a4e44f8f247a0ba0f55b701dbf5093d392e32021,negative,0,0.0,0.0,[],"[[284.0, 266.3333435058594, 348.66668701171875, 326.66668701171875]]",[0.060089111328125],0.060089111328125,1
271686,e51544c450893a7be1d0178b08f7ca9c99685006b37ba0841559f5995ad181b2,ID_1783966d7,/home/mahsa-nasehi/Desktop/IAAA/fracture/iaaa-contest-bct/Data/training/271686/ID_1783966d7.dcm,33,162.555481,512,512,0,0,heldout_patient_fold,aa2d72a2538f26976441e6d52c8c11ca964533e55b3978b8345a70a019d52638,ea81da4d34ee1570c8dd3460a4e44f8f247a0ba0f55b701dbf5093d392e32021,negative,0,0.0,0.0,[],"[[256.3333435058594, 186.6666717529297, 323.66668701171875, 247.33334350585938]]",[0.0162811279296875],0.0162811279296875,1
271912,110ec596f9ba448ad8d35a05eed254e00a1a6fc00ebf2bba8b562c58564068b7,ID_ea91d5d96,/home/mahsa-nasehi/Desktop/IAAA/fracture/iaaa-contest-bct/Data/training/271912/ID_ea91d5d96.dcm,0,122.55786852920316,512,512,1,0,heldout_patient_fold,aa2d72a2538f26976441e6d52c8c11ca964533e55b3978b8345a70a019d52638,ea81da4d34ee1570c8dd3460a4e44f8f247a0ba0f55b701dbf5093d392e32021,negative,0,0.0,0.0,[],[],[],0.0,0
271912,110ec596f9ba448ad8d35a05eed254e00a1a6fc00ebf2bba8b562c58564068b7,ID_bdc62ec5b,/home/mahsa-nasehi/Desktop/IAAA/fracture/iaaa-contest-bct/Data/training/271912/ID_bdc62ec5b.dcm,1,127.56901029121221,512,512,1,0,heldout_patient_fold,aa2d72a2538f26976441e6d52c8c11ca964533e55b3978b8345a70a019d52638,ea81da4d34ee1570c8dd3460a4e44f8f247a0ba0f55b701dbf5093d392e32021,negative,0,0.0,0.0,[],[],[],0.0,0
271912,110ec596f9ba448ad8d35a05eed254e00a1a6fc00ebf2bba8b562c58564068b7,ID_58a11c7a7,/home/mahsa-nasehi/Desktop/IAAA/fracture/iaaa-contest-bct/Data/training/271912/ID_58a11c7a7.dcm,2,132.55184367541517,512,512,1,0,heldout_patient_fold,aa2d72a2538f26976441e6d52c8c11ca964533e55b3978b8345a70a019d52638,ea81da4d34ee1570c8dd3460a4e44f8f247a0ba0f55b701dbf5093d392e32021,negative,0,0.0,0.0,[],[],[],0.0,0
271912,110ec596f9ba448ad8d35a05eed254e00a1a6fc00ebf2bba8b562c58564068b7,ID_330a67d05,/home/mahsa-nasehi/Desktop/IAAA/fracture/iaaa-contest-bct/Data/training/271912/ID_330a67d05.dcm,3,137.5629854374242,512,512,1,0,heldout_patient_fold,aa2d72a2538f26976441e6d52c8c11ca964533e55b3978b8345a70a019d52638,ea81da4d34ee1570c8dd3460a4e44f8f247a0ba0f55b701dbf5093d392e32021,negative,0,0.0,0.0,[],[],[],0.0,0
271912,110ec596f9ba448ad8d35a05eed254e00a1a6fc00ebf2bba8b562c58564068b7,ID_814bdf007,/home/mahsa-nasehi/Desktop/IAAA/fracture/iaaa-contest-bct/Data/training/271912/ID_814bdf007.dcm,4,142.54593719770574,512,512,1,0,heldout_patient_fold,aa2d72a2538f26976441e6d52c8c11ca964533e55b3978b8345a70a019d52638,ea81da4d34ee1570c8dd3460a4e44f8f247a0ba0f55b701dbf5093d392e32021,negative,0,0.0,0.0,[],"[[356.66668701171875, 246.0, 392.66668701171875, 282.3333435058594]]",[0.01137542724609375],0.01137542724609375,1
271912,110ec596f9ba448ad8d35a05eed254e00a1a6fc00ebf2bba8b562c58564068b7,ID_a0b04be68,/home/mahsa-nasehi/Desktop/IAAA/fracture/iaaa-contest-bct/Data/training/271912/ID_a0b04be68.dcm,5,147.55707895971477,512,512,1,0,heldout_patient_fold,aa2d72a2538f26976441e6d52c8c11ca964533e55b3978b8345a70a019d52638,ea81da4d34ee1570c8dd3460a4e44f8f247a0ba0f55b701dbf5093d392e32021,negative,0,0.0,0.0,[],[],[],0.0,0
271912,110ec596f9ba448ad8d35a05eed254e00a1a6fc00ebf2bba8b562c58564068b7,ID_64dc3d940,/home/mahsa-nasehi/Desktop/IAAA/fracture/iaaa-contest-bct/Data/training/271912/ID_64dc3d940.dcm,6,152.53991234391773,512,512,1,0,heldout_patient_fold,aa2d72a2538f26976441e6d52c8c11ca964533e55b3978b8345a70a019d52638,ea81da4d34ee1570c8dd3460a4e44f8f247a0ba0f55b701dbf5093d392e32021,negative,0,0.0,0.0,[],[],[],0.0,0
271912,110ec596f9ba448ad8d35a05eed254e00a1a6fc00ebf2bba8b562c58564068b7,ID_cb9cfd5f1,/home/mahsa-nasehi/Desktop/IAAA/fracture/iaaa-contest-bct/Data/training/271912/ID_cb9cfd5f1.dcm,7,157.5510541059268,512,512,1,0,heldout_patient_fold,aa2d72a2538f26976441e6d52c8c11ca964533e55b3978b8345a70a019d52638,ea81da4d34ee1570c8dd3460a4e44f8f247a0ba0f55b701dbf5093d392e32021,positive,1,3953.0,3953.0,"[[122.0, 82.0, 189.0, 141.0]]","[[348.0, 120.33333587646484, 384.66668701171875, 157.0]]",[0.012237548828125],0.012237548828125,1
271912,110ec596f9ba448ad8d35a05eed254e00a1a6fc00ebf2bba8b562c58564068b7,ID_a152b2bc8,/home/mahsa-nasehi/Desktop/IAAA/fracture/iaaa-contest-bct/Data/training/271912/ID_a152b2bc8.dcm,8,162.5340058662083,512,512,1,0,heldout_patient_fold,aa2d72a2538f26976441e6d52c8c11ca964533e55b3978b8345a70a019d52638,ea81da4d34ee1570c8dd3460a4e44f8f247a0ba0f55b701dbf5093d392e32021,positive,1,2244.0,2244.0,"[[120.0, 105.0, 171.0, 149.0]]","[[351.3333435058594, 131.1666717529297, 387.3333435058594, 167.33334350585938], [107.33333587646484, 100.83333587646484, 173.0, 161.6666717529297], [351.3333435058594, 152.83334350585938, 387.3333435058594, 189.1666717529297], [330.8333435058594, 112.0, 397.3333435058594, 172.6666717529297], [79.0, 296.66668701171875, 115.5, 333.0]]","[0.1217041015625, 0.017181396484375, 0.0161590576171875, 0.0156707763671875, 0.01107025146484375]",0.1217041015625,5
271912,110ec596f9ba448ad8d35a05eed254e00a1a6fc00ebf2bba8b562c58564068b7,ID_276ca1070,/home/mahsa-nasehi/Desktop/IAAA/fracture/iaaa-contest-bct/Data/training/271912/ID_276ca1070.dcm,9,167.54514665792163,512,512,1,0,heldout_patient_fold,aa2d72a2538f26976441e6d52c8c11ca964533e55b3978b8345a70a019d52638,ea81da4d34ee1570c8dd3460a4e44f8f247a0ba0f55b701dbf5093d392e32021,positive,2,1296.0,1710.0,"[[123.0, 120.0, 159.0, 156.0], [344.0, 135.0, 389.0, 173.0]]","[[351.0, 139.83334350585938, 387.0, 175.33334350585938], [122.16667175292969, 123.33333587646484, 158.1666717529297, 160.0], [353.3333435058594, 128.1666717529297, 390.0, 164.83334350585938], [331.3333435058594, 130.1666717529297, 398.66668701171875, 195.83334350585938], [116.91667175292969, 152.58334350585938, 152.75, 189.33334350585938]]","[0.368408203125, 0.0728759765625, 0.0352783203125, 0.02606201171875, 0.01129150390625]",0.368408203125,5
271912,110ec596f9ba448ad8d35a05eed254e00a1a6fc00ebf2bba8b562c58564068b7,ID_b592d398e,/home/mahsa-nasehi/Desktop/IAAA/fracture/iaaa-contest-bct/Data/training/271912/ID_b592d398e.dcm,10,172.52809841820317,512,512,1,0,heldout_patient_fold,aa2d72a2538f26976441e6d52c8c11ca964533e55b3978b8345a70a019d52638,ea81da4d34ee1570c8dd3460a4e44f8f247a0ba0f55b701dbf5093d392e32021,positive,2,1716.0,3087.0,"[[113.0, 115.0, 162.0, 178.0], [349.0, 137.0, 388.0, 181.0]]","[[124.33333587646484, 126.33333587646484, 160.6666717529297, 162.33334350585938], [359.0, 147.33334350585938, 395.66668701171875, 183.33334350585938], [96.33333587646484, 130.5, 164.0, 193.83334350585938], [105.5, 179.33334350585938, 141.83334350585938, 215.33334350585938], [118.83333587646484, 142.83334350585938, 155.0, 181.1666717529297], [341.16668701171875, 132.83334350585938, 408.0, 193.83334350585938], [102.5, 110.0, 168.5, 173.1666717529297], [350.0, 141.33334350585938, 387.3333435058594, 178.5]]","[0.16455078125, 0.1375732421875, 0.07452392578125, 0.043701171875, 0.027069091796875, 0.024139404296875, 0.0224609375, 0.017303466796875]",0.16455078125,8
271912,110ec596f9ba448ad8d35a05eed254e00a1a6fc00ebf2bba8b562c58564068b7,ID_93170ae81,/home/mahsa-nasehi/Desktop/IAAA/fracture/iaaa-contest-bct/Data/training/271912/ID_93170ae81.dcm,11,177.5392401802122,512,512,1,0,heldout_patient_fold,aa2d72a2538f26976441e6d52c8c11ca964533e55b3978b8345a70a019d52638,ea81da4d34ee1570c8dd3460a4e44f8f247a0ba0f55b701dbf5093d392e32021,positive,1,2640.0,2640.0,"[[115.0, 119.0, 159.0, 179.0]]","[[344.0, 117.66667175292969, 379.3333435058594, 155.0]]",[0.0100555419921875],0.0100555419921875,1
271912,110ec596f9ba448ad8d35a05eed254e00a1a6fc00ebf2bba8b562c58564068b7,ID_068eee70d,/home/mahsa-nasehi/Desktop/IAAA/fracture/iaaa-contest-bct/Data/training/271912/ID_068eee70d.dcm,12,182.52207356441517,512,512,1,0,heldout_patient_fold,aa2d72a2538f26976441e6d52c8c11ca964533e55b3978b8345a70a019d52638,ea81da4d34ee1570c8dd3460a4e44f8f247a0ba0f55b701dbf5093d392e32021,negative,0,0.0,0.0,[],"[[364.66668701171875, 174.33334350585938, 400.66668701171875, 210.0], [122.58333587646484, 133.6666717529297, 158.08334350585938, 170.83334350585938]]","[0.016845703125, 0.012237548828125]",0.016845703125,2
271912,110ec596f9ba448ad8d35a05eed254e00a1a6fc00ebf2bba8b562c58564068b7,ID_43288dc09,/home/mahsa-nasehi/Desktop/IAAA/fracture/iaaa-contest-bct/Data/training/271912/ID_43288dc09.dcm,13,187.5332153264242,512,512,1,0,heldout_patient_fold,aa2d72a2538f26976441e6d52c8c11ca964533e55b3978b8345a70a019d52638,ea81da4d34ee1570c8dd3460a4e44f8f247a0ba0f55b701dbf5093d392e32021,negative,0,0.0,0.0,[],[],[],0.0,0
271912,110ec596f9ba448ad8d35a05eed254e00a1a6fc00ebf2bba8b562c58564068b7,ID_691984054,/home/mahsa-nasehi/Desktop/IAAA/fracture/iaaa-contest-bct/Data/training/271912/ID_691984054.dcm,14,192.51616708670574,512,512,1,0,heldout_patient_fold,aa2d72a2538f26976441e6d52c8c11ca964533e55b3978b8345a70a019d52638,ea81da4d34ee1570c8dd3460a4e44f8f247a0ba0f55b701dbf5093d392e32021,negative,0,0.0,0.0,[],[],[],0.0,0
271912,110ec596f9ba448ad8d35a05eed254e00a1a6fc00ebf2bba8b562c58564068b7,ID_37d8a50a7,/home/mahsa-nasehi/Desktop/IAAA/fracture/iaaa-contest-bct/Data/training/271912/ID_37d8a50a7.dcm,15,197.5273088487148,512,512,1,0,heldout_patient_fold,aa2d72a2538f26976441e6d52c8c11ca964533e55b3978b8345a70a019d52638,ea81da4d34ee1570c8dd3460a4e44f8f247a0ba0f55b701dbf5093d392e32021,negative,0,0.0,0.0,[],[],[],0.0,0
271912,110ec596f9ba448ad8d35a05eed254e00a1a6fc00ebf2bba8b562c58564068b7,ID_01a29d24d,/home/mahsa-nasehi/Desktop/IAAA/fracture/iaaa-contest-bct/Data/training/271912/ID_01a29d24d.dcm,16,202.51014223291773,512,512,1,0,heldout_patient_fold,aa2d72a2538f26976441e6d52c8c11ca964533e55b3978b8345a70a019d52638,ea81da4d34ee1570c8dd3460a4e44f8f247a0ba0f55b701dbf5093d392e32021,negative,0,0.0,0.0,[],[],[],0.0,0
271912,110ec596f9ba448ad8d35a05eed254e00a1a6fc00ebf2bba8b562c58564068b7,ID_5c60c5477,/home/mahsa-nasehi/Desktop/IAAA/fracture/iaaa-contest-bct/Data/training/271912/ID_5c60c5477.dcm,17,207.5212839949268,512,512,1,0,heldout_patient_fold,aa2d72a2538f26976441e6d52c8c11ca964533e55b3978b8345a70a019d52638,ea81da4d34ee1570c8dd3460a4e44f8f247a0ba0f55b701dbf5093d392e32021,negative,0,0.0,0.0,[],"[[128.33334350585938, 119.0, 195.33334350585938, 184.0]]",[0.01073455810546875],0.01073455810546875,1
271912,110ec596f9ba448ad8d35a05eed254e00a1a6fc00ebf2bba8b562c58564068b7,ID_0b0e2ad68,/home/mahsa-nasehi/Desktop/IAAA/fracture/iaaa-contest-bct/Data/training/271912/ID_0b0e2ad68.dcm,18,212.50423575520833,512,512,1,0,heldout_patient_fold,aa2d72a2538f26976441e6d52c8c11ca964533e55b3978b8345a70a019d52638,ea81da4d34ee1570c8dd3460a4e44f8f247a0ba0f55b701dbf5093d392e32021,negative,0,0.0,0.0,[],[],[],0.0,0
271912,110ec596f9ba448ad8d35a05eed254e00a1a6fc00ebf2bba8b562c58564068b7,ID_2605b5233,/home/mahsa-nasehi/Desktop/IAAA/fracture/iaaa-contest-bct/Data/training/271912/ID_2605b5233.dcm,19,217.51537654692163,512,512,1,0,heldout_patient_fold,aa2d72a2538f26976441e6d52c8c11ca964533e55b3978b8345a70a019d52638,ea81da4d34ee1570c8dd3460a4e44f8f247a0ba0f55b701dbf5093d392e32021,negative,0,0.0,0.0,[],[],[],0.0,0
271912,110ec596f9ba448ad8d35a05eed254e00a1a6fc00ebf2bba8b562c58564068b7,ID_b76763ab5,/home/mahsa-nasehi/Desktop/IAAA/fracture/iaaa-contest-bct/Data/training/271912/ID_b76763ab5.dcm,20,222.49832830720317,512,512,1,0,heldout_patient_fold,aa2d72a2538f26976441e6d52c8c11ca964533e55b3978b8345a70a019d52638,ea81da4d34ee1570c8dd3460a4e44f8f247a0ba0f55b701dbf5093d392e32021,negative,0,0.0,0.0,[],"[[294.3333435058594, 143.58334350585938, 361.66668701171875, 205.6666717529297]]",[0.01177978515625],0.01177978515625,1
271912,110ec596f9ba448ad8d35a05eed254e00a1a6fc00ebf2bba8b562c58564068b7,ID_495ae3790,/home/mahsa-nasehi/Desktop/IAAA/fracture/iaaa-contest-bct/Data/training/271912/ID_495ae3790.dcm,21,227.50947006921223,512,512,1,0,heldout_patient_fold,aa2d72a2538f26976441e6d52c8c11ca964533e55b3978b8345a70a019d52638,ea81da4d34ee1570c8dd3460a4e44f8f247a0ba0f55b701dbf5093d392e32021,negative,0,0.0,0.0,[],"[[316.16668701171875, 180.33334350585938, 382.66668701171875, 241.6666717529297]]",[0.018768310546875],0.018768310546875,1
271912,110ec596f9ba448ad8d35a05eed254e00a1a6fc00ebf2bba8b562c58564068b7,ID_76c8bb1ef,/home/mahsa-nasehi/Desktop/IAAA/fracture/iaaa-contest-bct/Data/training/271912/ID_76c8bb1ef.dcm,22,232.49230345341516,512,512,1,0,heldout_patient_fold,aa2d72a2538f26976441e6d52c8c11ca964533e55b3978b8345a70a019d52638,ea81da4d34ee1570c8dd3460a4e44f8f247a0ba0f55b701dbf5093d392e32021,negative,0,0.0,0.0,[],"[[304.3333435058594, 180.33334350585938, 371.3333435058594, 243.0]]",[0.0141754150390625],0.0141754150390625,1
271912,110ec596f9ba448ad8d35a05eed254e00a1a6fc00ebf2bba8b562c58564068b7,ID_59d1e7f2e,/home/mahsa-nasehi/Desktop/IAAA/fracture/iaaa-contest-bct/Data/training/271912/ID_59d1e7f2e.dcm,23,237.50344521542422,512,512,1,0,heldout_patient_fold,aa2d72a2538f26976441e6d52c8c11ca964533e55b3978b8345a70a019d52638,ea81da4d34ee1570c8dd3460a4e44f8f247a0ba0f55b701dbf5093d392e32021,negative,0,0.0,0.0,[],"[[101.83333587646484, 310.0, 139.5, 345.66668701171875]]",[0.0142822265625],0.0142822265625,1
271912,110ec596f9ba448ad8d35a05eed254e00a1a6fc00ebf2bba8b562c58564068b7,ID_ff4585ee6,/home/mahsa-nasehi/Desktop/IAAA/fracture/iaaa-contest-bct/Data/training/271912/ID_ff4585ee6.dcm,24,242.48639697570576,512,512,1,0,heldout_patient_fold,aa2d72a2538f26976441e6d52c8c11ca964533e55b3978b8345a70a019d52638,ea81da4d34ee1570c8dd3460a4e44f8f247a0ba0f55b701dbf5093d392e32021,negative,0,0.0,0.0,[],[],[],0.0,0
271912,110ec596f9ba448ad8d35a05eed254e00a1a6fc00ebf2bba8b562c58564068b7,ID_d3bdae4d7,/home/mahsa-nasehi/Desktop/IAAA/fracture/iaaa-contest-bct/Data/training/271912/ID_d3bdae4d7.dcm,25,247.4975387377148,512,512,1,0,heldout_patient_fold,aa2d72a2538f26976441e6d52c8c11ca964533e55b3978b8345a70a019d52638,ea81da4d34ee1570c8dd3460a4e44f8f247a0ba0f55b701dbf5093d392e32021,negative,0,0.0,0.0,[],[],[],0.0,0
271912,110ec596f9ba448ad8d35a05eed254e00a1a6fc00ebf2bba8b562c58564068b7,ID_6074d5373,/home/mahsa-nasehi/Desktop/IAAA/fracture/iaaa-contest-bct/Data/training/271912/ID_6074d5373.dcm,26,252.48037212191778,512,512,1,0,heldout_patient_fold,aa2d72a2538f26976441e6d52c8c11ca964533e55b3978b8345a70a019d52638,ea81da4d34ee1570c8dd3460a4e44f8f247a0ba0f55b701dbf5093d392e32021,negative,0,0.0,0.0,[],[],[],0.0,0
271912,110ec596f9ba448ad8d35a05eed254e00a1a6fc00ebf2bba8b562c58564068b7,ID_ba7015f86,/home/mahsa-nasehi/Desktop/IAAA/fracture/iaaa-contest-bct/Data/training/271912/ID_ba7015f86.dcm,27,257.49151388392676,512,512,1,0,heldout_patient_fold,aa2d72a2538f26976441e6d52c8c11ca964533e55b3978b8345a70a019d52638,ea81da4d34ee1570c8dd3460a4e44f8f247a0ba0f55b701dbf5093d392e32021,negative,0,0.0,0.0,[],[],[],0.0,0
271912,110ec596f9ba448ad8d35a05eed254e00a1a6fc00ebf2bba8b562c58564068b7,ID_1015abc7c,/home/mahsa-nasehi/Desktop/IAAA/fracture/iaaa-contest-bct/Data/training/271912/ID_1015abc7c.dcm,28,262.47446564420835,512,512,1,0,heldout_patient_fold,aa2d72a2538f26976441e6d52c8c11ca964533e55b3978b8345a70a019d52638,ea81da4d34ee1570c8dd3460a4e44f8f247a0ba0f55b701dbf5093d392e32021,negative,0,0.0,0.0,[],[],[],0.0,0
271912,110ec596f9ba448ad8d35a05eed254e00a1a6fc00ebf2bba8b562c58564068b7,ID_410ab3a97,/home/mahsa-nasehi/Desktop/IAAA/fracture/iaaa-contest-bct/Data/training/271912/ID_410ab3a97.dcm,29,267.4856064359216,512,512,1,0,heldout_patient_fold,aa2d72a2538f26976441e6d52c8c11ca964533e55b3978b8345a70a019d52638,ea81da4d34ee1570c8dd3460a4e44f8f247a0ba0f55b701dbf5093d392e32021,negative,0,0.0,0.0,[],[],[],0.0,0
272221,e63f1c09a268cdfc2d5cc0c1aff79f0ee820c20bbd0fdd6bf11d3bb3086c4965,ID_1d5c30d31,/home/mahsa-nasehi/Desktop/IAAA/fracture/iaaa-contest-bct/Data/training/272221/ID_1d5c30d31.dcm,0,133.73608873974788,512,512,0,0,heldout_patient_fold,aa2d72a2538f26976441e6d52c8c11ca964533e55b3978b8345a70a019d52638,ea81da4d34ee1570c8dd3460a4e44f8f247a0ba0f55b701dbf5093d392e32021,negative,0,0.0,0.0,[],[],[],0.0,0
272221,e63f1c09a268cdfc2d5cc0c1aff79f0ee820c20bbd0fdd6bf11d3bb3086c4965,ID_4b47c5093,/home/mahsa-nasehi/Desktop/IAAA/fracture/iaaa-contest-bct/Data/training/272221/ID_4b47c5093.dcm,1,138.73612081975708,512,512,0,0,heldout_patient_fold,aa2d72a2538f26976441e6d52c8c11ca964533e55b3978b8345a70a019d52638,ea81da4d34ee1570c8dd3460a4e44f8f247a0ba0f55b701dbf5093d392e32021,negative,0,0.0,0.0,[],[],[],0.0,0
272221,e63f1c09a268cdfc2d5cc0c1aff79f0ee820c20bbd0fdd6bf11d3bb3086c4965,ID_24e437bc0,/home/mahsa-nasehi/Desktop/IAAA/fracture/iaaa-contest-bct/Data/training/272221/ID_24e437bc0.dcm,2,143.69680796972497,512,512,0,0,heldout_patient_fold,aa2d72a2538f26976441e6d52c8c11ca964533e55b3978b8345a70a019d52638,ea81da4d34ee1570c8dd3460a4e44f8f247a0ba0f55b701dbf5093d392e32021,negative,0,0.0,0.0,[],[],[],0.0,0
272221,e63f1c09a268cdfc2d5cc0c1aff79f0ee820c20bbd0fdd6bf11d3bb3086c4965,ID_65556d443,/home/mahsa-nasehi/Desktop/IAAA/fracture/iaaa-contest-bct/Data/training/272221/ID_65556d443.dcm,3,148.69684004973413,512,512,0,0,heldout_patient_fold,aa2d72a2538f26976441e6d52c8c11ca964533e55b3978b8345a70a019d52638,ea81da4d34ee1570c8dd3460a4e44f8f247a0ba0f55b701dbf5093d392e32021,negative,0,0.0,0.0,[],[],[],0.0,0
272221,e63f1c09a268cdfc2d5cc0c1aff79f0ee820c20bbd0fdd6bf11d3bb3086c4965,ID_549808364,/home/mahsa-nasehi/Desktop/IAAA/fracture/iaaa-contest-bct/Data/training/272221/ID_549808364.dcm,4,153.65752626000943,512,512,0,0,heldout_patient_fold,aa2d72a2538f26976441e6d52c8c11ca964533e55b3978b8345a70a019d52638,ea81da4d34ee1570c8dd3460a4e44f8f247a0ba0f55b701dbf5093d392e32021,negative,0,0.0,0.0,[],[],[],0.0,0
272221,e63f1c09a268cdfc2d5cc0c1aff79f0ee820c20bbd0fdd6bf11d3bb3086c4965,ID_6b1695f64,/home/mahsa-nasehi/Desktop/IAAA/fracture/iaaa-contest-bct/Data/training/272221/ID_6b1695f64.dcm,5,158.65755834001862,512,512,0,0,heldout_patient_fold,aa2d72a2538f26976441e6d52c8c11ca964533e55b3978b8345a70a019d52638,ea81da4d34ee1570c8dd3460a4e44f8f247a0ba0f55b701dbf5093d392e32021,negative,0,0.0,0.0,[],[],[],0.0,0
272221,e63f1c09a268cdfc2d5cc0c1aff79f0ee820c20bbd0fdd6bf11d3bb3086c4965,ID_84b7ba004,/home/mahsa-nasehi/Desktop/IAAA/fracture/iaaa-contest-bct/Data/training/272221/ID_84b7ba004.dcm,6,163.61830281123645,512,512,0,0,heldout_patient_fold,aa2d72a2538f26976441e6d52c8c11ca964533e55b3978b8345a70a019d52638,ea81da4d34ee1570c8dd3460a4e44f8f247a0ba0f55b701dbf5093d392e32021,negative,0,0.0,0.0,[],[],[],0.0,0
272221,e63f1c09a268cdfc2d5cc0c1aff79f0ee820c20bbd0fdd6bf11d3bb3086c4965,ID_877e11b11,/home/mahsa-nasehi/Desktop/IAAA/fracture/iaaa-contest-bct/Data/training/272221/ID_877e11b11.dcm,7,168.6183348912456,512,512,0,0,heldout_patient_fold,aa2d72a2538f26976441e6d52c8c11ca964533e55b3978b8345a70a019d52638,ea81da4d34ee1570c8dd3460a4e44f8f247a0ba0f55b701dbf5093d392e32021,negative,0,0.0,0.0,[],[],[],0.0,0
272221,e63f1c09a268cdfc2d5cc0c1aff79f0ee820c20bbd0fdd6bf11d3bb3086c4965,ID_e6f0791d9,/home/mahsa-nasehi/Desktop/IAAA/fracture/iaaa-contest-bct/Data/training/272221/ID_e6f0791d9.dcm,8,173.57902204121353,512,512,0,0,heldout_patient_fold,aa2d72a2538f26976441e6d52c8c11ca964533e55b3978b8345a70a019d52638,ea81da4d34ee1570c8dd3460a4e44f8f247a0ba0f55b701dbf5093d392e32021,negative,0,0.0,0.0,[],"[[351.3333435058594, 283.0, 387.3333435058594, 320.0]]",[0.0460205078125],0.0460205078125,1
272221,e63f1c09a268cdfc2d5cc0c1aff79f0ee820c20bbd0fdd6bf11d3bb3086c4965,ID_816dff699,/home/mahsa-nasehi/Desktop/IAAA/fracture/iaaa-contest-bct/Data/training/272221/ID_816dff699.dcm,9,178.5790541212227,512,512,0,0,heldout_patient_fold,aa2d72a2538f26976441e6d52c8c11ca964533e55b3978b8345a70a019d52638,ea81da4d34ee1570c8dd3460a4e44f8f247a0ba0f55b701dbf5093d392e32021,negative,0,0.0,0.0,[],[],[],0.0,0
272221,e63f1c09a268cdfc2d5cc0c1aff79f0ee820c20bbd0fdd6bf11d3bb3086c4965,ID_e4e4b89bf,/home/mahsa-nasehi/Desktop/IAAA/fracture/iaaa-contest-bct/Data/training/272221/ID_e4e4b89bf.dcm,10,183.53979765274786,512,512,0,0,heldout_patient_fold,aa2d72a2538f26976441e6d52c8c11ca964533e55b3978b8345a70a019d52638,ea81da4d34ee1570c8dd3460a4e44f8f247a0ba0f55b701dbf5093d392e32021,negative,0,0.0,0.0,[],"[[102.0, 126.66667175292969, 170.0, 187.6666717529297], [123.16667175292969, 138.83334350585938, 160.5, 175.33334350585938], [336.16668701171875, 259.5, 402.66668701171875, 323.5]]","[0.049407958984375, 0.0266571044921875, 0.0119171142578125]",0.049407958984375,3
272221,e63f1c09a268cdfc2d5cc0c1aff79f0ee820c20bbd0fdd6bf11d3bb3086c4965,ID_e8b60a450,/home/mahsa-nasehi/Desktop/IAAA/fracture/iaaa-contest-bct/Data/training/272221/ID_e8b60a450.dcm,11,188.53982973275706,512,512,0,0,heldout_patient_fold,aa2d72a2538f26976441e6d52c8c11ca964533e55b3978b8345a70a019d52638,ea81da4d34ee1570c8dd3460a4e44f8f247a0ba0f55b701dbf5093d392e32021,negative,0,0.0,0.0,[],"[[110.66667175292969, 152.9166717529297, 147.33334350585938, 188.33334350585938], [92.58333587646484, 142.33334350585938, 159.08334350585938, 202.33334350585938]]","[0.509765625, 0.058135986328125]",0.509765625,2
272221,e63f1c09a268cdfc2d5cc0c1aff79f0ee820c20bbd0fdd6bf11d3bb3086c4965,ID_108924092,/home/mahsa-nasehi/Desktop/IAAA/fracture/iaaa-contest-bct/Data/training/272221/ID_108924092.dcm,12,193.50051688272495,512,512,0,0,heldout_patient_fold,aa2d72a2538f26976441e6d52c8c11ca964533e55b3978b8345a70a019d52638,ea81da4d34ee1570c8dd3460a4e44f8f247a0ba0f55b701dbf5093d392e32021,negative,0,0.0,0.0,[],"[[107.66667175292969, 155.75, 144.6666717529297, 191.0]]",[0.026153564453125],0.026153564453125,1
272221,e63f1c09a268cdfc2d5cc0c1aff79f0ee820c20bbd0fdd6bf11d3bb3086c4965,ID_e599f36d9,/home/mahsa-nasehi/Desktop/IAAA/fracture/iaaa-contest-bct/Data/training/272221/ID_e599f36d9.dcm,13,198.50054896273414,512,512,0,0,heldout_patient_fold,aa2d72a2538f26976441e6d52c8c11ca964533e55b3978b8345a70a019d52638,ea81da4d34ee1570c8dd3460a4e44f8f247a0ba0f55b701dbf5093d392e32021,negative,0,0.0,0.0,[],"[[100.66667175292969, 158.0, 136.6666717529297, 194.33334350585938]]",[0.0225372314453125],0.0225372314453125,1
272221,e63f1c09a268cdfc2d5cc0c1aff79f0ee820c20bbd0fdd6bf11d3bb3086c4965,ID_7705c298f,/home/mahsa-nasehi/Desktop/IAAA/fracture/iaaa-contest-bct/Data/training/272221/ID_7705c298f.dcm,14,203.46135075520183,512,512,0,0,heldout_patient_fold,aa2d72a2538f26976441e6d52c8c11ca964533e55b3978b8345a70a019d52638,ea81da4d34ee1570c8dd3460a4e44f8f247a0ba0f55b701dbf5093d392e32021,negative,0,0.0,0.0,[],[],[],0.0,0
272221,e63f1c09a268cdfc2d5cc0c1aff79f0ee820c20bbd0fdd6bf11d3bb3086c4965,ID_42caee4b9,/home/mahsa-nasehi/Desktop/IAAA/fracture/iaaa-contest-bct/Data/training/272221/ID_42caee4b9.dcm,15,208.4612672530186,512,512,0,0,heldout_patient_fold,aa2d72a2538f26976441e6d52c8c11ca964533e55b3978b8345a70a019d52638,ea81da4d34ee1570c8dd3460a4e44f8f247a0ba0f55b701dbf5093d392e32021,negative,0,0.0,0.0,[],[],[],0.0,0
272221,e63f1c09a268cdfc2d5cc0c1aff79f0ee820c20bbd0fdd6bf11d3bb3086c4965,ID_6892ad0d9,/home/mahsa-nasehi/Desktop/IAAA/fracture/iaaa-contest-bct/Data/training/272221/ID_6892ad0d9.dcm,16,213.4220690454863,512,512,0,0,heldout_patient_fold,aa2d72a2538f26976441e6d52c8c11ca964533e55b3978b8345a70a019d52638,ea81da4d34ee1570c8dd3460a4e44f8f247a0ba0f55b701dbf5093d392e32021,negative,0,0.0,0.0,[],[],[],0.0,0
272221,e63f1c09a268cdfc2d5cc0c1aff79f0ee820c20bbd0fdd6bf11d3bb3086c4965,ID_04f488b21,/home/mahsa-nasehi/Desktop/IAAA/fracture/iaaa-contest-bct/Data/training/272221/ID_04f488b21.dcm,17,218.42198648299572,512,512,0,0,heldout_patient_fold,aa2d72a2538f26976441e6d52c8c11ca964533e55b3978b8345a70a019d52638,ea81da4d34ee1570c8dd3460a4e44f8f247a0ba0f55b701dbf5093d392e32021,negative,0,0.0,0.0,[],[],[],0.0,0
272221,e63f1c09a268cdfc2d5cc0c1aff79f0ee820c20bbd0fdd6bf11d3bb3086c4965,ID_db9c69fdc,/home/mahsa-nasehi/Desktop/IAAA/fracture/iaaa-contest-bct/Data/training/272221/ID_db9c69fdc.dcm,18,223.38278827546338,512,512,0,0,heldout_patient_fold,aa2d72a2538f26976441e6d52c8c11ca964533e55b3978b8345a70a019d52638,ea81da4d34ee1570c8dd3460a4e44f8f247a0ba0f55b701dbf5093d392e32021,negative,0,0.0,0.0,[],[],[],0.0,0
272221,e63f1c09a268cdfc2d5cc0c1aff79f0ee820c20bbd0fdd6bf11d3bb3086c4965,ID_c26a570de,/home/mahsa-nasehi/Desktop/IAAA/fracture/iaaa-contest-bct/Data/training/272221/ID_c26a570de.dcm,19,228.38270477328018,512,512,0,0,heldout_patient_fold,aa2d72a2538f26976441e6d52c8c11ca964533e55b3978b8345a70a019d52638,ea81da4d34ee1570c8dd3460a4e44f8f247a0ba0f55b701dbf5093d392e32021,negative,0,0.0,0.0,[],[],[],0.0,0
272221,e63f1c09a268cdfc2d5cc0c1aff79f0ee820c20bbd0fdd6bf11d3bb3086c4965,ID_45b44146d,/home/mahsa-nasehi/Desktop/IAAA/fracture/iaaa-contest-bct/Data/training/272221/ID_45b44146d.dcm,20,233.34350656574787,512,512,0,0,heldout_patient_fold,aa2d72a2538f26976441e6d52c8c11ca964533e55b3978b8345a70a019d52638,ea81da4d34ee1570c8dd3460a4e44f8f247a0ba0f55b701dbf5093d392e32021,negative,0,0.0,0.0,[],"[[289.3333435058594, 115.5, 356.0, 178.5]]",[0.01495361328125],0.01495361328125,1
272221,e63f1c09a268cdfc2d5cc0c1aff79f0ee820c20bbd0fdd6bf11d3bb3086c4965,ID_60fa27fd5,/home/mahsa-nasehi/Desktop/IAAA/fracture/iaaa-contest-bct/Data/training/272221/ID_60fa27fd5.dcm,21,238.3434240032573,512,512,0,0,heldout_patient_fold,aa2d72a2538f26976441e6d52c8c11ca964533e55b3978b8345a70a019d52638,ea81da4d34ee1570c8dd3460a4e44f8f247a0ba0f55b701dbf5093d392e32021,negative,0,0.0,0.0,[],[],[],0.0,0
272221,e63f1c09a268cdfc2d5cc0c1aff79f0ee820c20bbd0fdd6bf11d3bb3086c4965,ID_6154a3113,/home/mahsa-nasehi/Desktop/IAAA/fracture/iaaa-contest-bct/Data/training/272221/ID_6154a3113.dcm,22,243.30434043822473,512,512,0,0,heldout_patient_fold,aa2d72a2538f26976441e6d52c8c11ca964533e55b3978b8345a70a019d52638,ea81da4d34ee1570c8dd3460a4e44f8f247a0ba0f55b701dbf5093d392e32021,negative,0,0.0,0.0,[],"[[294.66668701171875, 147.0, 361.66668701171875, 211.33334350585938]]",[0.04052734375],0.04052734375,1
272221,e63f1c09a268cdfc2d5cc0c1aff79f0ee820c20bbd0fdd6bf11d3bb3086c4965,ID_afc4d6480,/home/mahsa-nasehi/Desktop/IAAA/fracture/iaaa-contest-bct/Data/training/272221/ID_afc4d6480.dcm,23,248.30425787573415,512,512,0,0,heldout_patient_fold,aa2d72a2538f26976441e6d52c8c11ca964533e55b3978b8345a70a019d52638,ea81da4d34ee1570c8dd3460a4e44f8f247a0ba0f55b701dbf5093d392e32021,negative,0,0.0,0.0,[],"[[289.0, 157.6666717529297, 355.66668701171875, 220.0]]",[0.039794921875],0.039794921875,1
272221,e63f1c09a268cdfc2d5cc0c1aff79f0ee820c20bbd0fdd6bf11d3bb3086c4965,ID_2ffbd72ec,/home/mahsa-nasehi/Desktop/IAAA/fracture/iaaa-contest-bct/Data/training/272221/ID_2ffbd72ec.dcm,24,253.26505966820181,512,512,0,0,heldout_patient_fold,aa2d72a2538f26976441e6d52c8c11ca964533e55b3978b8345a70a019d52638,ea81da4d34ee1570c8dd3460a4e44f8f247a0ba0f55b701dbf5093d392e32021,negative,0,0.0,0.0,[],"[[278.0, 165.5, 345.3333435058594, 227.83334350585938]]",[0.018829345703125],0.018829345703125,1
272221,e63f1c09a268cdfc2d5cc0c1aff79f0ee820c20bbd0fdd6bf11d3bb3086c4965,ID_926b49f93,/home/mahsa-nasehi/Desktop/IAAA/fracture/iaaa-contest-bct/Data/training/272221/ID_926b49f93.dcm,25,258.26497616601864,512,512,0,0,heldout_patient_fold,aa2d72a2538f26976441e6d52c8c11ca964533e55b3978b8345a70a019d52638,ea81da4d34ee1570c8dd3460a4e44f8f247a0ba0f55b701dbf5093d392e32021,negative,0,0.0,0.0,[],"[[319.3333435058594, 281.66668701171875, 388.0, 343.0], [339.3333435058594, 293.66668701171875, 376.66668701171875, 330.0], [326.16668701171875, 288.3333435058594, 363.3333435058594, 324.3333435058594], [332.16668701171875, 315.0, 369.3333435058594, 351.66668701171875], [314.66668701171875, 301.3333435058594, 382.0, 364.0]]","[0.373779296875, 0.042083740234375, 0.0304412841796875, 0.0139007568359375, 0.01332855224609375]",0.373779296875,5
272221,e63f1c09a268cdfc2d5cc0c1aff79f0ee820c20bbd0fdd6bf11d3bb3086c4965,ID_f36668fae,/home/mahsa-nasehi/Desktop/IAAA/fracture/iaaa-contest-bct/Data/training/272221/ID_f36668fae.dcm,26,263.2257779584863,512,512,0,0,heldout_patient_fold,aa2d72a2538f26976441e6d52c8c11ca964533e55b3978b8345a70a019d52638,ea81da4d34ee1570c8dd3460a4e44f8f247a0ba0f55b701dbf5093d392e32021,negative,0,0.0,0.0,[],"[[304.0, 275.66668701171875, 371.0, 338.3333435058594], [315.66668701171875, 285.66668701171875, 352.3333435058594, 322.3333435058594], [304.3333435058594, 302.66668701171875, 371.3333435058594, 365.0]]","[0.161376953125, 0.050506591796875, 0.0294189453125]",0.161376953125,3
272221,e63f1c09a268cdfc2d5cc0c1aff79f0ee820c20bbd0fdd6bf11d3bb3086c4965,ID_f6bc7a013,/home/mahsa-nasehi/Desktop/IAAA/fracture/iaaa-contest-bct/Data/training/272221/ID_f6bc7a013.dcm,27,268.22569539599573,512,512,0,0,heldout_patient_fold,aa2d72a2538f26976441e6d52c8c11ca964533e55b3978b8345a70a019d52638,ea81da4d34ee1570c8dd3460a4e44f8f247a0ba0f55b701dbf5093d392e32021,negative,0,0.0,0.0,[],"[[287.3333435058594, 272.66668701171875, 354.66668701171875, 332.66668701171875]]",[0.0192718505859375],0.0192718505859375,1
272221,e63f1c09a268cdfc2d5cc0c1aff79f0ee820c20bbd0fdd6bf11d3bb3086c4965,ID_445fdf76b,/home/mahsa-nasehi/Desktop/IAAA/fracture/iaaa-contest-bct/Data/training/272221/ID_445fdf76b.dcm,28,273.1864971884634,512,512,0,0,heldout_patient_fold,aa2d72a2538f26976441e6d52c8c11ca964533e55b3978b8345a70a019d52638,ea81da4d34ee1570c8dd3460a4e44f8f247a0ba0f55b701dbf5093d392e32021,negative,0,0.0,0.0,[],[],[],0.0,0
272221,e63f1c09a268cdfc2d5cc0c1aff79f0ee820c20bbd0fdd6bf11d3bb3086c4965,ID_6fd181467,/home/mahsa-nasehi/Desktop/IAAA/fracture/iaaa-contest-bct/Data/training/272221/ID_6fd181467.dcm,29,278.18641368628016,512,512,0,0,heldout_patient_fold,aa2d72a2538f26976441e6d52c8c11ca964533e55b3978b8345a70a019d52638,ea81da4d34ee1570c8dd3460a4e44f8f247a0ba0f55b701dbf5093d392e32021,negative,0,0.0,0.0,[],[],[],0.0,0
272221,e63f1c09a268cdfc2d5cc0c1aff79f0ee820c20bbd0fdd6bf11d3bb3086c4965,ID_35007f540,/home/mahsa-nasehi/Desktop/IAAA/fracture/iaaa-contest-bct/Data/training/272221/ID_35007f540.dcm,30,283.14721547874785,512,512,0,0,heldout_patient_fold,aa2d72a2538f26976441e6d52c8c11ca964533e55b3978b8345a70a019d52638,ea81da4d34ee1570c8dd3460a4e44f8f247a0ba0f55b701dbf5093d392e32021,negative,0,0.0,0.0,[],[],[],0.0,0
272221,e63f1c09a268cdfc2d5cc0c1aff79f0ee820c20bbd0fdd6bf11d3bb3086c4965,ID_250069bf6,/home/mahsa-nasehi/Desktop/IAAA/fracture/iaaa-contest-bct/Data/training/272221/ID_250069bf6.dcm,31,288.1471329162573,512,512,0,0,heldout_patient_fold,aa2d72a2538f26976441e6d52c8c11ca964533e55b3978b8345a70a019d52638,ea81da4d34ee1570c8dd3460a4e44f8f247a0ba0f55b701dbf5093d392e32021,negative,0,0.0,0.0,[],[],[],0.0,0
272271,4998a2c41f2a938c71d781405c2c44f41779ec3526f3506fd067cffde0f3627d,ID_fa0d485dc,/home/mahsa-nasehi/Desktop/IAAA/fracture/iaaa-contest-bct/Data/training/272271/ID_fa0d485dc.dcm,0,-93.71710367468279,512,512,0,0,heldout_patient_fold,aa2d72a2538f26976441e6d52c8c11ca964533e55b3978b8345a70a019d52638,ea81da4d34ee1570c8dd3460a4e44f8f247a0ba0f55b701dbf5093d392e32021,negative,0,0.0,0.0,[],[],[],0.0,0
272271,4998a2c41f2a938c71d781405c2c44f41779ec3526f3506fd067cffde0f3627d,ID_cc483a432,/home/mahsa-nasehi/Desktop/IAAA/fracture/iaaa-contest-bct/Data/training/272271/ID_cc483a432.dcm,1,-88.71708119268443,512,512,0,0,heldout_patient_fold,aa2d72a2538f26976441e6d52c8c11ca964533e55b3978b8345a70a019d52638,ea81da4d34ee1570c8dd3460a4e44f8f247a0ba0f55b701dbf5093d392e32021,negative,0,0.0,0.0,[],"[[153.9166717529297, 0.0, 287.3333435058594, 143.1666717529297]]",[0.038177490234375],0.038177490234375,1
272271,4998a2c41f2a938c71d781405c2c44f41779ec3526f3506fd067cffde0f3627d,ID_04d0e35b4,/home/mahsa-nasehi/Desktop/IAAA/fracture/iaaa-contest-bct/Data/training/272271/ID_04d0e35b4.dcm,2,-83.75946366375554,512,512,0,0,heldout_patient_fold,aa2d72a2538f26976441e6d52c8c11ca964533e55b3978b8345a70a019d52638,ea81da4d34ee1570c8dd3460a4e44f8f247a0ba0f55b701dbf5093d392e32021,negative,0,0.0,0.0,[],[],[],0.0,0
272271,4998a2c41f2a938c71d781405c2c44f41779ec3526f3506fd067cffde0f3627d,ID_5dbc6fb1a,/home/mahsa-nasehi/Desktop/IAAA/fracture/iaaa-contest-bct/Data/training/272271/ID_5dbc6fb1a.dcm,3,-78.75944118175718,512,512,0,0,heldout_patient_fold,aa2d72a2538f26976441e6d52c8c11ca964533e55b3978b8345a70a019d52638,ea81da4d34ee1570c8dd3460a4e44f8f247a0ba0f55b701dbf5093d392e32021,negative,0,0.0,0.0,[],[],[],0.0,0
272271,4998a2c41f2a938c71d781405c2c44f41779ec3526f3506fd067cffde0f3627d,ID_ec989bb28,/home/mahsa-nasehi/Desktop/IAAA/fracture/iaaa-contest-bct/Data/training/272271/ID_ec989bb28.dcm,4,-73.80182337876464,512,512,0,0,heldout_patient_fold,aa2d72a2538f26976441e6d52c8c11ca964533e55b3978b8345a70a019d52638,ea81da4d34ee1570c8dd3460a4e44f8f247a0ba0f55b701dbf5093d392e32021,negative,0,0.0,0.0,[],[],[],0.0,0
272271,4998a2c41f2a938c71d781405c2c44f41779ec3526f3506fd067cffde0f3627d,ID_d0ec7eb36,/home/mahsa-nasehi/Desktop/IAAA/fracture/iaaa-contest-bct/Data/training/272271/ID_d0ec7eb36.dcm,5,-68.80180135353903,512,512,0,0,heldout_patient_fold,aa2d72a2538f26976441e6d52c8c11ca964533e55b3978b8345a70a019d52638,ea81da4d34ee1570c8dd3460a4e44f8f247a0ba0f55b701dbf5093d392e32021,negative,0,0.0,0.0,[],[],[],0.0,0
272271,4998a2c41f2a938c71d781405c2c44f41779ec3526f3506fd067cffde0f3627d,ID_ac570f39a,/home/mahsa-nasehi/Desktop/IAAA/fracture/iaaa-contest-bct/Data/training/272271/ID_ac570f39a.dcm,6,-63.84418345919194,512,512,0,0,heldout_patient_fold,aa2d72a2538f26976441e6d52c8c11ca964533e55b3978b8345a70a019d52638,ea81da4d34ee1570c8dd3460a4e44f8f247a0ba0f55b701dbf5093d392e32021,negative,0,0.0,0.0,[],[],[],0.0,0
272271,4998a2c41f2a938c71d781405c2c44f41779ec3526f3506fd067cffde0f3627d,ID_a100a3251,/home/mahsa-nasehi/Desktop/IAAA/fracture/iaaa-contest-bct/Data/training/272271/ID_a100a3251.dcm,7,-58.84416143396633,512,512,0,0,heldout_patient_fold,aa2d72a2538f26976441e6d52c8c11ca964533e55b3978b8345a70a019d52638,ea81da4d34ee1570c8dd3460a4e44f8f247a0ba0f55b701dbf5093d392e32021,negative,0,0.0,0.0,[],"[[162.9166717529297, 111.08333587646484, 296.3333435058594, 272.3333435058594]]",[0.0245208740234375],0.0245208740234375,1
272271,4998a2c41f2a938c71d781405c2c44f41779ec3526f3506fd067cffde0f3627d,ID_8f93e8140,/home/mahsa-nasehi/Desktop/IAAA/fracture/iaaa-contest-bct/Data/training/272271/ID_8f93e8140.dcm,8,-53.88654353961923,512,512,0,0,heldout_patient_fold,aa2d72a2538f26976441e6d52c8c11ca964533e55b3978b8345a70a019d52638,ea81da4d34ee1570c8dd3460a4e44f8f247a0ba0f55b701dbf5093d392e32021,negative,0,0.0,0.0,[],[],[],0.0,0
272271,4998a2c41f2a938c71d781405c2c44f41779ec3526f3506fd067cffde0f3627d,ID_4646847d1,/home/mahsa-nasehi/Desktop/IAAA/fracture/iaaa-contest-bct/Data/training/272271/ID_4646847d1.dcm,9,-48.88652151439362,512,512,0,0,heldout_patient_fold,aa2d72a2538f26976441e6d52c8c11ca964533e55b3978b8345a70a019d52638,ea81da4d34ee1570c8dd3460a4e44f8f247a0ba0f55b701dbf5093d392e32021,negative,0,0.0,0.0,[],[],[],0.0,0
272271,4998a2c41f2a938c71d781405c2c44f41779ec3526f3506fd067cffde0f3627d,ID_44f70c0d5,/home/mahsa-nasehi/Desktop/IAAA/fracture/iaaa-contest-bct/Data/training/272271/ID_44f70c0d5.dcm,10,-43.92887575691007,512,512,0,0,heldout_patient_fold,aa2d72a2538f26976441e6d52c8c11ca964533e55b3978b8345a70a019d52638,ea81da4d34ee1570c8dd3460a4e44f8f247a0ba0f55b701dbf5093d392e32021,negative,0,0.0,0.0,[],[],[],0.0,0
272271,4998a2c41f2a938c71d781405c2c44f41779ec3526f3506fd067cffde0f3627d,ID_28f3218f3,/home/mahsa-nasehi/Desktop/IAAA/fracture/iaaa-contest-bct/Data/training/272271/ID_28f3218f3.dcm,11,-38.92885364032989,512,512,0,0,heldout_patient_fold,aa2d72a2538f26976441e6d52c8c11ca964533e55b3978b8345a70a019d52638,ea81da4d34ee1570c8dd3460a4e44f8f247a0ba0f55b701dbf5093d392e32021,negative,0,0.0,0.0,[],[],[],0.0,0
272271,4998a2c41f2a938c71d781405c2c44f41779ec3526f3506fd067cffde0f3627d,ID_6a0ec49bd,/home/mahsa-nasehi/Desktop/IAAA/fracture/iaaa-contest-bct/Data/training/272271/ID_6a0ec49bd.dcm,12,-33.97123583733735,512,512,0,0,heldout_patient_fold,aa2d72a2538f26976441e6d52c8c11ca964533e55b3978b8345a70a019d52638,ea81da4d34ee1570c8dd3460a4e44f8f247a0ba0f55b701dbf5093d392e32021,negative,0,0.0,0.0,[],"[[140.33334350585938, 248.1666717529297, 176.6666717529297, 284.5]]",[0.06561279296875],0.06561279296875,1
272271,4998a2c41f2a938c71d781405c2c44f41779ec3526f3506fd067cffde0f3627d,ID_06a7fc7dc,/home/mahsa-nasehi/Desktop/IAAA/fracture/iaaa-contest-bct/Data/training/272271/ID_06a7fc7dc.dcm,13,-28.971213720757188,512,512,0,0,heldout_patient_fold,aa2d72a2538f26976441e6d52c8c11ca964533e55b3978b8345a70a019d52638,ea81da4d34ee1570c8dd3460a4e44f8f247a0ba0f55b701dbf5093d392e32021,negative,0,0.0,0.0,[],[],[],0.0,0
272271,4998a2c41f2a938c71d781405c2c44f41779ec3526f3506fd067cffde0f3627d,ID_3f6924bea,/home/mahsa-nasehi/Desktop/IAAA/fracture/iaaa-contest-bct/Data/training/272271/ID_3f6924bea.dcm,14,-24.01359591776465,512,512,0,0,heldout_patient_fold,aa2d72a2538f26976441e6d52c8c11ca964533e55b3978b8345a70a019d52638,ea81da4d34ee1570c8dd3460a4e44f8f247a0ba0f55b701dbf5093d392e32021,negative,0,0.0,0.0,[],[],[],0.0,0
272271,4998a2c41f2a938c71d781405c2c44f41779ec3526f3506fd067cffde0f3627d,ID_136ed5e98,/home/mahsa-nasehi/Desktop/IAAA/fracture/iaaa-contest-bct/Data/training/272271/ID_136ed5e98.dcm,15,-19.013573892539032,512,512,0,0,heldout_patient_fold,aa2d72a2538f26976441e6d52c8c11ca964533e55b3978b8345a70a019d52638,ea81da4d34ee1570c8dd3460a4e44f8f247a0ba0f55b701dbf5093d392e32021,negative,0,0.0,0.0,[],[],[],0.0,0
272271,4998a2c41f2a938c71d781405c2c44f41779ec3526f3506fd067cffde0f3627d,ID_41ec4cebf,/home/mahsa-nasehi/Desktop/IAAA/fracture/iaaa-contest-bct/Data/training/272271/ID_41ec4cebf.dcm,16,-14.055955998191944,512,512,0,0,heldout_patient_fold,aa2d72a2538f26976441e6d52c8c11ca964533e55b3978b8345a70a019d52638,ea81da4d34ee1570c8dd3460a4e44f8f247a0ba0f55b701dbf5093d392e32021,negative,0,0.0,0.0,[],[],[],0.0,0
272271,4998a2c41f2a938c71d781405c2c44f41779ec3526f3506fd067cffde0f3627d,ID_b3bfabac4,/home/mahsa-nasehi/Desktop/IAAA/fracture/iaaa-contest-bct/Data/training/272271/ID_b3bfabac4.dcm,17,-9.055933972966324,512,512,0,0,heldout_patient_fold,aa2d72a2538f26976441e6d52c8c11ca964533e55b3978b8345a70a019d52638,ea81da4d34ee1570c8dd3460a4e44f8f247a0ba0f55b701dbf5093d392e32021,negative,0,0.0,0.0,[],[],[],0.0,0
272271,4998a2c41f2a938c71d781405c2c44f41779ec3526f3506fd067cffde0f3627d,ID_9d69101f0,/home/mahsa-nasehi/Desktop/IAAA/fracture/iaaa-contest-bct/Data/training/272271/ID_9d69101f0.dcm,18,-4.098316078619237,512,512,0,0,heldout_patient_fold,aa2d72a2538f26976441e6d52c8c11ca964533e55b3978b8345a70a019d52638,ea81da4d34ee1570c8dd3460a4e44f8f247a0ba0f55b701dbf5093d392e32021,negative,0,0.0,0.0,[],"[[149.0, 200.6666717529297, 184.83334350585938, 237.33334350585938]]",[0.010528564453125],0.010528564453125,1
272271,4998a2c41f2a938c71d781405c2c44f41779ec3526f3506fd067cffde0f3627d,ID_1e4d97ad9,/home/mahsa-nasehi/Desktop/IAAA/fracture/iaaa-contest-bct/Data/training/272271/ID_1e4d97ad9.dcm,19,0.9017059466063839,512,512,0,0,heldout_patient_fold,aa2d72a2538f26976441e6d52c8c11ca964533e55b3978b8345a70a019d52638,ea81da4d34ee1570c8dd3460a4e44f8f247a0ba0f55b701dbf5093d392e32021,negative,0,0.0,0.0,[],[],[],0.0,0
272271,4998a2c41f2a938c71d781405c2c44f41779ec3526f3506fd067cffde0f3627d,ID_98c788cab,/home/mahsa-nasehi/Desktop/IAAA/fracture/iaaa-contest-bct/Data/training/272271/ID_98c788cab.dcm,20,5.8593517040899386,512,512,0,0,heldout_patient_fold,aa2d72a2538f26976441e6d52c8c11ca964533e55b3978b8345a70a019d52638,ea81da4d34ee1570c8dd3460a4e44f8f247a0ba0f55b701dbf5093d392e32021,negative,0,0.0,0.0,[],[],[],0.0,0
272271,4998a2c41f2a938c71d781405c2c44f41779ec3526f3506fd067cffde0f3627d,ID_bb698de6b,/home/mahsa-nasehi/Desktop/IAAA/fracture/iaaa-contest-bct/Data/training/272271/ID_bb698de6b.dcm,21,10.859345902720907,512,512,0,0,heldout_patient_fold,aa2d72a2538f26976441e6d52c8c11ca964533e55b3978b8345a70a019d52638,ea81da4d34ee1570c8dd3460a4e44f8f247a0ba0f55b701dbf5093d392e32021,negative,0,0.0,0.0,[],[],[],0.0,0
272271,4998a2c41f2a938c71d781405c2c44f41779ec3526f3506fd067cffde0f3627d,ID_fac6f1011,/home/mahsa-nasehi/Desktop/IAAA/fracture/iaaa-contest-bct/Data/training/272271/ID_fac6f1011.dcm,22,15.817005551576697,512,512,0,0,heldout_patient_fold,aa2d72a2538f26976441e6d52c8c11ca964533e55b3978b8345a70a019d52638,ea81da4d34ee1570c8dd3460a4e44f8f247a0ba0f55b701dbf5093d392e32021,negative,0,0.0,0.0,[],"[[370.0, 296.66668701171875, 406.0, 333.0]]",[0.01374053955078125],0.01374053955078125,1
272271,4998a2c41f2a938c71d781405c2c44f41779ec3526f3506fd067cffde0f3627d,ID_ddc7dfa18,/home/mahsa-nasehi/Desktop/IAAA/fracture/iaaa-contest-bct/Data/training/272271/ID_ddc7dfa18.dcm,23,20.816999753861847,512,512,0,0,heldout_patient_fold,aa2d72a2538f26976441e6d52c8c11ca964533e55b3978b8345a70a019d52638,ea81da4d34ee1570c8dd3460a4e44f8f247a0ba0f55b701dbf5093d392e32021,negative,0,0.0,0.0,[],"[[364.0, 296.66668701171875, 400.66668701171875, 332.66668701171875], [346.0, 286.3333435058594, 413.3333435058594, 350.3333435058594]]","[0.050323486328125, 0.011199951171875]",0.050323486328125,2
272271,4998a2c41f2a938c71d781405c2c44f41779ec3526f3506fd067cffde0f3627d,ID_bd00109d0,/home/mahsa-nasehi/Desktop/IAAA/fracture/iaaa-contest-bct/Data/training/272271/ID_bd00109d0.dcm,24,25.77464546566813,512,512,0,0,heldout_patient_fold,aa2d72a2538f26976441e6d52c8c11ca964533e55b3978b8345a70a019d52638,ea81da4d34ee1570c8dd3460a4e44f8f247a0ba0f55b701dbf5093d392e32021,negative,0,0.0,0.0,[],"[[356.66668701171875, 285.66668701171875, 392.66668701171875, 322.3333435058594], [354.0, 296.66668701171875, 390.0, 333.0]]","[0.034881591796875, 0.0142822265625]",0.034881591796875,2
272271,4998a2c41f2a938c71d781405c2c44f41779ec3526f3506fd067cffde0f3627d,ID_0154bde6a,/home/mahsa-nasehi/Desktop/IAAA/fracture/iaaa-contest-bct/Data/training/272271/ID_0154bde6a.dcm,25,30.774639682570008,512,512,0,0,heldout_patient_fold,aa2d72a2538f26976441e6d52c8c11ca964533e55b3978b8345a70a019d52638,ea81da4d34ee1570c8dd3460a4e44f8f247a0ba0f55b701dbf5093d392e32021,negative,0,0.0,0.0,[],"[[342.66668701171875, 251.33334350585938, 379.3333435058594, 287.66668701171875], [284.0, 151.6666717529297, 352.0, 216.0], [345.66668701171875, 291.0, 382.3333435058594, 327.0]]","[0.1199951171875, 0.019561767578125, 0.01306915283203125]",0.1199951171875,3
272271,4998a2c41f2a938c71d781405c2c44f41779ec3526f3506fd067cffde0f3627d,ID_d6eda0f48,/home/mahsa-nasehi/Desktop/IAAA/fracture/iaaa-contest-bct/Data/training/272271/ID_d6eda0f48.dcm,26,35.732299325944524,512,512,0,0,heldout_patient_fold,aa2d72a2538f26976441e6d52c8c11ca964533e55b3978b8345a70a019d52638,ea81da4d34ee1570c8dd3460a4e44f8f247a0ba0f55b701dbf5093d392e32021,negative,0,0.0,0.0,[],"[[334.66668701171875, 251.1666717529297, 371.3333435058594, 287.16668701171875], [336.8333435058594, 286.16668701171875, 374.0, 321.8333435058594]]","[0.017242431640625, 0.0167236328125]",0.017242431640625,2
272271,4998a2c41f2a938c71d781405c2c44f41779ec3526f3506fd067cffde0f3627d,ID_671338b03,/home/mahsa-nasehi/Desktop/IAAA/fracture/iaaa-contest-bct/Data/training/272271/ID_671338b03.dcm,27,40.732293488033676,512,512,0,0,heldout_patient_fold,aa2d72a2538f26976441e6d52c8c11ca964533e55b3978b8345a70a019d52638,ea81da4d34ee1570c8dd3460a4e44f8f247a0ba0f55b701dbf5093d392e32021,negative,0,0.0,0.0,[],"[[328.8333435058594, 261.66668701171875, 366.0, 298.0], [277.66668701171875, 175.0, 343.66668701171875, 237.6666717529297]]","[0.063232421875, 0.01090240478515625]",0.063232421875,2
272271,4998a2c41f2a938c71d781405c2c44f41779ec3526f3506fd067cffde0f3627d,ID_957047d90,/home/mahsa-nasehi/Desktop/IAAA/fracture/iaaa-contest-bct/Data/training/272271/ID_957047d90.dcm,28,45.68993924551723,512,512,0,0,heldout_patient_fold,aa2d72a2538f26976441e6d52c8c11ca964533e55b3978b8345a70a019d52638,ea81da4d34ee1570c8dd3460a4e44f8f247a0ba0f55b701dbf5093d392e32021,negative,0,0.0,0.0,[],"[[299.3333435058594, 298.66668701171875, 366.66668701171875, 360.0], [277.66668701171875, 196.0, 344.0, 258.66668701171875]]","[0.0127716064453125, 0.0115509033203125]",0.0127716064453125,2
272271,4998a2c41f2a938c71d781405c2c44f41779ec3526f3506fd067cffde0f3627d,ID_19bf0b7bb,/home/mahsa-nasehi/Desktop/IAAA/fracture/iaaa-contest-bct/Data/training/272271/ID_19bf0b7bb.dcm,29,50.68993340760638,512,512,0,0,heldout_patient_fold,aa2d72a2538f26976441e6d52c8c11ca964533e55b3978b8345a70a019d52638,ea81da4d34ee1570c8dd3460a4e44f8f247a0ba0f55b701dbf5093d392e32021,negative,0,0.0,0.0,[],[],[],0.0,0
272271,4998a2c41f2a938c71d781405c2c44f41779ec3526f3506fd067cffde0f3627d,ID_e6cf4cebf,/home/mahsa-nasehi/Desktop/IAAA/fracture/iaaa-contest-bct/Data/training/272271/ID_e6cf4cebf.dcm,30,55.64757916508994,512,512,0,0,heldout_patient_fold,aa2d72a2538f26976441e6d52c8c11ca964533e55b3978b8345a70a019d52638,ea81da4d34ee1570c8dd3460a4e44f8f247a0ba0f55b701dbf5093d392e32021,negative,0,0.0,0.0,[],[],[],0.0,0
272271,4998a2c41f2a938c71d781405c2c44f41779ec3526f3506fd067cffde0f3627d,ID_3eb955f30,/home/mahsa-nasehi/Desktop/IAAA/fracture/iaaa-contest-bct/Data/training/272271/ID_3eb955f30.dcm,31,60.64757332717909,512,512,0,0,heldout_patient_fold,aa2d72a2538f26976441e6d52c8c11ca964533e55b3978b8345a70a019d52638,ea81da4d34ee1570c8dd3460a4e44f8f247a0ba0f55b701dbf5093d392e32021,negative,0,0.0,0.0,[],[],[],0.0,0
272468,7facd4e93ae61bc02911e743d0f94711513379e486c254b5981725d360a70d1b,ID_1084c6155,/home/mahsa-nasehi/Desktop/IAAA/fracture/iaaa-contest-bct/Data/training/272468/ID_1084c6155.dcm,0,64.5999756,512,512,0,0,heldout_patient_fold,aa2d72a2538f26976441e6d52c8c11ca964533e55b3978b8345a70a019d52638,ea81da4d34ee1570c8dd3460a4e44f8f247a0ba0f55b701dbf5093d392e32021,negative,0,0.0,0.0,[],[],[],0.0,0
272468,7facd4e93ae61bc02911e743d0f94711513379e486c254b5981725d360a70d1b,ID_90ef23f40,/home/mahsa-nasehi/Desktop/IAAA/fracture/iaaa-contest-bct/Data/training/272468/ID_90ef23f40.dcm,1,69.5999756,512,512,0,0,heldout_patient_fold,aa2d72a2538f26976441e6d52c8c11ca964533e55b3978b8345a70a019d52638,ea81da4d34ee1570c8dd3460a4e44f8f247a0ba0f55b701dbf5093d392e32021,negative,0,0.0,0.0,[],"[[101.33333587646484, 21.5, 238.33334350585938, 189.83334350585938], [160.4166717529297, 32.583335876464844, 227.6666717529297, 97.0]]","[0.0294189453125, 0.01177978515625]",0.0294189453125,2
272468,7facd4e93ae61bc02911e743d0f94711513379e486c254b5981725d360a70d1b,ID_f3fe6fdbc,/home/mahsa-nasehi/Desktop/IAAA/fracture/iaaa-contest-bct/Data/training/272468/ID_f3fe6fdbc.dcm,2,74.5999756,512,512,0,0,heldout_patient_fold,aa2d72a2538f26976441e6d52c8c11ca964533e55b3978b8345a70a019d52638,ea81da4d34ee1570c8dd3460a4e44f8f247a0ba0f55b701dbf5093d392e32021,negative,0,0.0,0.0,[],"[[189.5, 34.0625, 224.83334350585938, 72.08333587646484], [112.66667175292969, 2.4166667461395264, 246.33334350585938, 166.58334350585938]]","[0.015960693359375, 0.013427734375]",0.015960693359375,2
272468,7facd4e93ae61bc02911e743d0f94711513379e486c254b5981725d360a70d1b,ID_03c7ef7cd,/home/mahsa-nasehi/Desktop/IAAA/fracture/iaaa-contest-bct/Data/training/272468/ID_03c7ef7cd.dcm,3,79.5999756,512,512,0,0,heldout_patient_fold,aa2d72a2538f26976441e6d52c8c11ca964533e55b3978b8345a70a019d52638,ea81da4d34ee1570c8dd3460a4e44f8f247a0ba0f55b701dbf5093d392e32021,negative,0,0.0,0.0,[],"[[122.41667175292969, 0.0, 257.0, 156.33334350585938], [197.6666717529297, 29.33333396911621, 232.6666717529297, 67.58333587646484]]","[0.1329345703125, 0.044677734375]",0.1329345703125,2
272468,7facd4e93ae61bc02911e743d0f94711513379e486c254b5981725d360a70d1b,ID_87282be69,/home/mahsa-nasehi/Desktop/IAAA/fracture/iaaa-contest-bct/Data/training/272468/ID_87282be69.dcm,4,84.5999756,512,512,0,0,heldout_patient_fold,aa2d72a2538f26976441e6d52c8c11ca964533e55b3978b8345a70a019d52638,ea81da4d34ee1570c8dd3460a4e44f8f247a0ba0f55b701dbf5093d392e32021,negative,0,0.0,0.0,[],[],[],0.0,0
272468,7facd4e93ae61bc02911e743d0f94711513379e486c254b5981725d360a70d1b,ID_69de8f9ad,/home/mahsa-nasehi/Desktop/IAAA/fracture/iaaa-contest-bct/Data/training/272468/ID_69de8f9ad.dcm,5,89.5999756,512,512,0,0,heldout_patient_fold,aa2d72a2538f26976441e6d52c8c11ca964533e55b3978b8345a70a019d52638,ea81da4d34ee1570c8dd3460a4e44f8f247a0ba0f55b701dbf5093d392e32021,negative,0,0.0,0.0,[],[],[],0.0,0
272468,7facd4e93ae61bc02911e743d0f94711513379e486c254b5981725d360a70d1b,ID_b12548725,/home/mahsa-nasehi/Desktop/IAAA/fracture/iaaa-contest-bct/Data/training/272468/ID_b12548725.dcm,6,94.5999756,512,512,0,0,heldout_patient_fold,aa2d72a2538f26976441e6d52c8c11ca964533e55b3978b8345a70a019d52638,ea81da4d34ee1570c8dd3460a4e44f8f247a0ba0f55b701dbf5093d392e32021,negative,0,0.0,0.0,[],[],[],0.0,0
272468,7facd4e93ae61bc02911e743d0f94711513379e486c254b5981725d360a70d1b,ID_c30ab5284,/home/mahsa-nasehi/Desktop/IAAA/fracture/iaaa-contest-bct/Data/training/272468/ID_c30ab5284.dcm,7,99.5999756,512,512,0,0,heldout_patient_fold,aa2d72a2538f26976441e6d52c8c11ca964533e55b3978b8345a70a019d52638,ea81da4d34ee1570c8dd3460a4e44f8f247a0ba0f55b701dbf5093d392e32021,negative,0,0.0,0.0,[],[],[],0.0,0
272468,7facd4e93ae61bc02911e743d0f94711513379e486c254b5981725d360a70d1b,ID_789c3d56e,/home/mahsa-nasehi/Desktop/IAAA/fracture/iaaa-contest-bct/Data/training/272468/ID_789c3d56e.dcm,8,104.599976,512,512,0,0,heldout_patient_fold,aa2d72a2538f26976441e6d52c8c11ca964533e55b3978b8345a70a019d52638,ea81da4d34ee1570c8dd3460a4e44f8f247a0ba0f55b701dbf5093d392e32021,negative,0,0.0,0.0,[],[],[],0.0,0
272468,7facd4e93ae61bc02911e743d0f94711513379e486c254b5981725d360a70d1b,ID_5a21d7914,/home/mahsa-nasehi/Desktop/IAAA/fracture/iaaa-contest-bct/Data/training/272468/ID_5a21d7914.dcm,9,109.599976,512,512,0,0,heldout_patient_fold,aa2d72a2538f26976441e6d52c8c11ca964533e55b3978b8345a70a019d52638,ea81da4d34ee1570c8dd3460a4e44f8f247a0ba0f55b701dbf5093d392e32021,negative,0,0.0,0.0,[],[],[],0.0,0
272468,7facd4e93ae61bc02911e743d0f94711513379e486c254b5981725d360a70d1b,ID_c06be443f,/home/mahsa-nasehi/Desktop/IAAA/fracture/iaaa-contest-bct/Data/training/272468/ID_c06be443f.dcm,10,114.599976,512,512,0,0,heldout_patient_fold,aa2d72a2538f26976441e6d52c8c11ca964533e55b3978b8345a70a019d52638,ea81da4d34ee1570c8dd3460a4e44f8f247a0ba0f55b701dbf5093d392e32021,negative,0,0.0,0.0,[],[],[],0.0,0
272468,7facd4e93ae61bc02911e743d0f94711513379e486c254b5981725d360a70d1b,ID_57d193570,/home/mahsa-nasehi/Desktop/IAAA/fracture/iaaa-contest-bct/Data/training/272468/ID_57d193570.dcm,11,119.599976,512,512,0,0,heldout_patient_fold,aa2d72a2538f26976441e6d52c8c11ca964533e55b3978b8345a70a019d52638,ea81da4d34ee1570c8dd3460a4e44f8f247a0ba0f55b701dbf5093d392e32021,negative,0,0.0,0.0,[],[],[],0.0,0
272468,7facd4e93ae61bc02911e743d0f94711513379e486c254b5981725d360a70d1b,ID_d05191e3d,/home/mahsa-nasehi/Desktop/IAAA/fracture/iaaa-contest-bct/Data/training/272468/ID_d05191e3d.dcm,12,124.599976,512,512,0,0,heldout_patient_fold,aa2d72a2538f26976441e6d52c8c11ca964533e55b3978b8345a70a019d52638,ea81da4d34ee1570c8dd3460a4e44f8f247a0ba0f55b701dbf5093d392e32021,negative,0,0.0,0.0,[],[],[],0.0,0
272468,7facd4e93ae61bc02911e743d0f94711513379e486c254b5981725d360a70d1b,ID_5140b7b40,/home/mahsa-nasehi/Desktop/IAAA/fracture/iaaa-contest-bct/Data/training/272468/ID_5140b7b40.dcm,13,129.599976,512,512,0,0,heldout_patient_fold,aa2d72a2538f26976441e6d52c8c11ca964533e55b3978b8345a70a019d52638,ea81da4d34ee1570c8dd3460a4e44f8f247a0ba0f55b701dbf5093d392e32021,negative,0,0.0,0.0,[],[],[],0.0,0
272468,7facd4e93ae61bc02911e743d0f94711513379e486c254b5981725d360a70d1b,ID_32cdc8835,/home/mahsa-nasehi/Desktop/IAAA/fracture/iaaa-contest-bct/Data/training/272468/ID_32cdc8835.dcm,14,134.599976,512,512,0,0,heldout_patient_fold,aa2d72a2538f26976441e6d52c8c11ca964533e55b3978b8345a70a019d52638,ea81da4d34ee1570c8dd3460a4e44f8f247a0ba0f55b701dbf5093d392e32021,negative,0,0.0,0.0,[],[],[],0.0,0
272468,7facd4e93ae61bc02911e743d0f94711513379e486c254b5981725d360a70d1b,ID_d4cf03aa3,/home/mahsa-nasehi/Desktop/IAAA/fracture/iaaa-contest-bct/Data/training/272468/ID_d4cf03aa3.dcm,15,139.599976,512,512,0,0,heldout_patient_fold,aa2d72a2538f26976441e6d52c8c11ca964533e55b3978b8345a70a019d52638,ea81da4d34ee1570c8dd3460a4e44f8f247a0ba0f55b701dbf5093d392e32021,negative,0,0.0,0.0,[],[],[],0.0,0
272468,7facd4e93ae61bc02911e743d0f94711513379e486c254b5981725d360a70d1b,ID_92297a54c,/home/mahsa-nasehi/Desktop/IAAA/fracture/iaaa-contest-bct/Data/training/272468/ID_92297a54c.dcm,16,144.599976,512,512,0,0,heldout_patient_fold,aa2d72a2538f26976441e6d52c8c11ca964533e55b3978b8345a70a019d52638,ea81da4d34ee1570c8dd3460a4e44f8f247a0ba0f55b701dbf5093d392e32021,negative,0,0.0,0.0,[],[],[],0.0,0
272468,7facd4e93ae61bc02911e743d0f94711513379e486c254b5981725d360a70d1b,ID_88537d9c2,/home/mahsa-nasehi/Desktop/IAAA/fracture/iaaa-contest-bct/Data/training/272468/ID_88537d9c2.dcm,17,149.599976,512,512,0,0,heldout_patient_fold,aa2d72a2538f26976441e6d52c8c11ca964533e55b3978b8345a70a019d52638,ea81da4d34ee1570c8dd3460a4e44f8f247a0ba0f55b701dbf5093d392e32021,negative,0,0.0,0.0,[],[],[],0.0,0
272468,7facd4e93ae61bc02911e743d0f94711513379e486c254b5981725d360a70d1b,ID_d90a10ed7,/home/mahsa-nasehi/Desktop/IAAA/fracture/iaaa-contest-bct/Data/training/272468/ID_d90a10ed7.dcm,18,154.599976,512,512,0,0,heldout_patient_fold,aa2d72a2538f26976441e6d52c8c11ca964533e55b3978b8345a70a019d52638,ea81da4d34ee1570c8dd3460a4e44f8f247a0ba0f55b701dbf5093d392e32021,negative,0,0.0,0.0,[],[],[],0.0,0
272468,7facd4e93ae61bc02911e743d0f94711513379e486c254b5981725d360a70d1b,ID_621192689,/home/mahsa-nasehi/Desktop/IAAA/fracture/iaaa-contest-bct/Data/training/272468/ID_621192689.dcm,19,159.599976,512,512,0,0,heldout_patient_fold,aa2d72a2538f26976441e6d52c8c11ca964533e55b3978b8345a70a019d52638,ea81da4d34ee1570c8dd3460a4e44f8f247a0ba0f55b701dbf5093d392e32021,negative,0,0.0,0.0,[],[],[],0.0,0
272468,7facd4e93ae61bc02911e743d0f94711513379e486c254b5981725d360a70d1b,ID_b25083480,/home/mahsa-nasehi/Desktop/IAAA/fracture/iaaa-contest-bct/Data/training/272468/ID_b25083480.dcm,20,164.599976,512,512,0,0,heldout_patient_fold,aa2d72a2538f26976441e6d52c8c11ca964533e55b3978b8345a70a019d52638,ea81da4d34ee1570c8dd3460a4e44f8f247a0ba0f55b701dbf5093d392e32021,negative,0,0.0,0.0,[],[],[],0.0,0
272468,7facd4e93ae61bc02911e743d0f94711513379e486c254b5981725d360a70d1b,ID_c67d2a375,/home/mahsa-nasehi/Desktop/IAAA/fracture/iaaa-contest-bct/Data/training/272468/ID_c67d2a375.dcm,21,169.599976,512,512,0,0,heldout_patient_fold,aa2d72a2538f26976441e6d52c8c11ca964533e55b3978b8345a70a019d52638,ea81da4d34ee1570c8dd3460a4e44f8f247a0ba0f55b701dbf5093d392e32021,negative,0,0.0,0.0,[],[],[],0.0,0
272468,7facd4e93ae61bc02911e743d0f94711513379e486c254b5981725d360a70d1b,ID_db4f71c2a,/home/mahsa-nasehi/Desktop/IAAA/fracture/iaaa-contest-bct/Data/training/272468/ID_db4f71c2a.dcm,22,174.599976,512,512,0,0,heldout_patient_fold,aa2d72a2538f26976441e6d52c8c11ca964533e55b3978b8345a70a019d52638,ea81da4d34ee1570c8dd3460a4e44f8f247a0ba0f55b701dbf5093d392e32021,negative,0,0.0,0.0,[],[],[],0.0,0
272468,7facd4e93ae61bc02911e743d0f94711513379e486c254b5981725d360a70d1b,ID_751620d0a,/home/mahsa-nasehi/Desktop/IAAA/fracture/iaaa-contest-bct/Data/training/272468/ID_751620d0a.dcm,23,179.599976,512,512,0,0,heldout_patient_fold,aa2d72a2538f26976441e6d52c8c11ca964533e55b3978b8345a70a019d52638,ea81da4d34ee1570c8dd3460a4e44f8f247a0ba0f55b701dbf5093d392e32021,negative,0,0.0,0.0,[],[],[],0.0,0
272468,7facd4e93ae61bc02911e743d0f94711513379e486c254b5981725d360a70d1b,ID_bac3696ac,/home/mahsa-nasehi/Desktop/IAAA/fracture/iaaa-contest-bct/Data/training/272468/ID_bac3696ac.dcm,24,184.599976,512,512,0,0,heldout_patient_fold,aa2d72a2538f26976441e6d52c8c11ca964533e55b3978b8345a70a019d52638,ea81da4d34ee1570c8dd3460a4e44f8f247a0ba0f55b701dbf5093d392e32021,negative,0,0.0,0.0,[],[],[],0.0,0
272468,7facd4e93ae61bc02911e743d0f94711513379e486c254b5981725d360a70d1b,ID_f9df39bc3,/home/mahsa-nasehi/Desktop/IAAA/fracture/iaaa-contest-bct/Data/training/272468/ID_f9df39bc3.dcm,25,189.599976,512,512,0,0,heldout_patient_fold,aa2d72a2538f26976441e6d52c8c11ca964533e55b3978b8345a70a019d52638,ea81da4d34ee1570c8dd3460a4e44f8f247a0ba0f55b701dbf5093d392e32021,negative,0,0.0,0.0,[],"[[332.0, 187.33334350585938, 368.66668701171875, 223.6666717529297], [326.0, 265.3333435058594, 392.66668701171875, 328.0]]","[0.02423095703125, 0.01812744140625]",0.02423095703125,2
272468,7facd4e93ae61bc02911e743d0f94711513379e486c254b5981725d360a70d1b,ID_51981fe1f,/home/mahsa-nasehi/Desktop/IAAA/fracture/iaaa-contest-bct/Data/training/272468/ID_51981fe1f.dcm,26,194.599976,512,512,0,0,heldout_patient_fold,aa2d72a2538f26976441e6d52c8c11ca964533e55b3978b8345a70a019d52638,ea81da4d34ee1570c8dd3460a4e44f8f247a0ba0f55b701dbf5093d392e32021,negative,0,0.0,0.0,[],"[[320.16668701171875, 265.66668701171875, 388.0, 327.66668701171875], [310.0, 296.0, 376.66668701171875, 360.0], [306.0, 201.0, 371.66668701171875, 263.66668701171875]]","[0.043853759765625, 0.0276947021484375, 0.0224609375]",0.043853759765625,3
272468,7facd4e93ae61bc02911e743d0f94711513379e486c254b5981725d360a70d1b,ID_fe55aa512,/home/mahsa-nasehi/Desktop/IAAA/fracture/iaaa-contest-bct/Data/training/272468/ID_fe55aa512.dcm,27,199.599976,512,512,0,0,heldout_patient_fold,aa2d72a2538f26976441e6d52c8c11ca964533e55b3978b8345a70a019d52638,ea81da4d34ee1570c8dd3460a4e44f8f247a0ba0f55b701dbf5093d392e32021,negative,0,0.0,0.0,[],"[[318.0, 216.6666717529297, 355.3333435058594, 252.33334350585938], [303.66668701171875, 248.6666717529297, 370.66668701171875, 311.3333435058594]]","[0.019866943359375, 0.017181396484375]",0.019866943359375,2
272468,7facd4e93ae61bc02911e743d0f94711513379e486c254b5981725d360a70d1b,ID_0f16f46d9,/home/mahsa-nasehi/Desktop/IAAA/fracture/iaaa-contest-bct/Data/training/272468/ID_0f16f46d9.dcm,28,204.599976,512,512,0,0,heldout_patient_fold,aa2d72a2538f26976441e6d52c8c11ca964533e55b3978b8345a70a019d52638,ea81da4d34ee1570c8dd3460a4e44f8f247a0ba0f55b701dbf5093d392e32021,negative,0,0.0,0.0,[],[],[],0.0,0
272468,7facd4e93ae61bc02911e743d0f94711513379e486c254b5981725d360a70d1b,ID_fc7de2085,/home/mahsa-nasehi/Desktop/IAAA/fracture/iaaa-contest-bct/Data/training/272468/ID_fc7de2085.dcm,29,209.599976,512,512,0,0,heldout_patient_fold,aa2d72a2538f26976441e6d52c8c11ca964533e55b3978b8345a70a019d52638,ea81da4d34ee1570c8dd3460a4e44f8f247a0ba0f55b701dbf5093d392e32021,negative,0,0.0,0.0,[],[],[],0.0,0
272468,7facd4e93ae61bc02911e743d0f94711513379e486c254b5981725d360a70d1b,ID_acf11b486,/home/mahsa-nasehi/Desktop/IAAA/fracture/iaaa-contest-bct/Data/training/272468/ID_acf11b486.dcm,30,214.599976,512,512,0,0,heldout_patient_fold,aa2d72a2538f26976441e6d52c8c11ca964533e55b3978b8345a70a019d52638,ea81da4d34ee1570c8dd3460a4e44f8f247a0ba0f55b701dbf5093d392e32021,negative,0,0.0,0.0,[],[],[],0.0,0
272468,7facd4e93ae61bc02911e743d0f94711513379e486c254b5981725d360a70d1b,ID_b76b2b436,/home/mahsa-nasehi/Desktop/IAAA/fracture/iaaa-contest-bct/Data/training/272468/ID_b76b2b436.dcm,31,219.599976,512,512,0,0,heldout_patient_fold,aa2d72a2538f26976441e6d52c8c11ca964533e55b3978b8345a70a019d52638,ea81da4d34ee1570c8dd3460a4e44f8f247a0ba0f55b701dbf5093d392e32021,negative,0,0.0,0.0,[],[],[],0.0,0
272468,7facd4e93ae61bc02911e743d0f94711513379e486c254b5981725d360a70d1b,ID_753758d75,/home/mahsa-nasehi/Desktop/IAAA/fracture/iaaa-contest-bct/Data/training/272468/ID_753758d75.dcm,32,224.599976,512,512,0,0,heldout_patient_fold,aa2d72a2538f26976441e6d52c8c11ca964533e55b3978b8345a70a019d52638,ea81da4d34ee1570c8dd3460a4e44f8f247a0ba0f55b701dbf5093d392e32021,negative,0,0.0,0.0,[],[],[],0.0,0
272468,7facd4e93ae61bc02911e743d0f94711513379e486c254b5981725d360a70d1b,ID_229400ad2,/home/mahsa-nasehi/Desktop/IAAA/fracture/iaaa-contest-bct/Data/training/272468/ID_229400ad2.dcm,33,229.599976,512,512,0,0,heldout_patient_fold,aa2d72a2538f26976441e6d52c8c11ca964533e55b3978b8345a70a019d52638,ea81da4d34ee1570c8dd3460a4e44f8f247a0ba0f55b701dbf5093d392e32021,negative,0,0.0,0.0,[],[],[],0.0,0
272468,7facd4e93ae61bc02911e743d0f94711513379e486c254b5981725d360a70d1b,ID_869b99ba7,/home/mahsa-nasehi/Desktop/IAAA/fracture/iaaa-contest-bct/Data/training/272468/ID_869b99ba7.dcm,34,234.599976,512,512,0,0,heldout_patient_fold,aa2d72a2538f26976441e6d52c8c11ca964533e55b3978b8345a70a019d52638,ea81da4d34ee1570c8dd3460a4e44f8f247a0ba0f55b701dbf5093d392e32021,negative,0,0.0,0.0,[],[],[],0.0,0
272468,7facd4e93ae61bc02911e743d0f94711513379e486c254b5981725d360a70d1b,ID_18f917d40,/home/mahsa-nasehi/Desktop/IAAA/fracture/iaaa-contest-bct/Data/training/272468/ID_18f917d40.dcm,35,239.599976,512,512,0,0,heldout_patient_fold,aa2d72a2538f26976441e6d52c8c11ca964533e55b3978b8345a70a019d52638,ea81da4d34ee1570c8dd3460a4e44f8f247a0ba0f55b701dbf5093d392e32021,negative,0,0.0,0.0,[],[],[],0.0,0
272528,8021fd1fe9a067d4aec4859ab18f2a985d22eab8e7ae8683f2287e783bef0b32,ID_ce92d45ec,/home/mahsa-nasehi/Desktop/IAAA/fracture/iaaa-contest-bct/Data/training/272528/ID_ce92d45ec.dcm,0,4.141379003999996,512,512,1,0,heldout_patient_fold,aa2d72a2538f26976441e6d52c8c11ca964533e55b3978b8345a70a019d52638,ea81da4d34ee1570c8dd3460a4e44f8f247a0ba0f55b701dbf5093d392e32021,negative,0,0.0,0.0,[],[],[],0.0,0
272528,8021fd1fe9a067d4aec4859ab18f2a985d22eab8e7ae8683f2287e783bef0b32,ID_f0d14c4da,/home/mahsa-nasehi/Desktop/IAAA/fracture/iaaa-contest-bct/Data/training/272528/ID_f0d14c4da.dcm,1,9.140871473999995,512,512,1,0,heldout_patient_fold,aa2d72a2538f26976441e6d52c8c11ca964533e55b3978b8345a70a019d52638,ea81da4d34ee1570c8dd3460a4e44f8f247a0ba0f55b701dbf5093d392e32021,negative,0,0.0,0.0,[],"[[155.08334350585938, 1.9166667461395264, 285.66668701171875, 164.4166717529297], [131.5, 118.16667175292969, 266.16668701171875, 281.5]]","[0.0162811279296875, 0.012725830078125]",0.0162811279296875,2
272528,8021fd1fe9a067d4aec4859ab18f2a985d22eab8e7ae8683f2287e783bef0b32,ID_ec4aae706,/home/mahsa-nasehi/Desktop/IAAA/fracture/iaaa-contest-bct/Data/training/272528/ID_ec4aae706.dcm,2,14.141338313999993,512,512,1,0,heldout_patient_fold,aa2d72a2538f26976441e6d52c8c11ca964533e55b3978b8345a70a019d52638,ea81da4d34ee1570c8dd3460a4e44f8f247a0ba0f55b701dbf5093d392e32021,negative,0,0.0,0.0,[],"[[218.0, 181.0, 352.3333435058594, 347.3333435058594]]",[0.01262664794921875],0.01262664794921875,1
272528,8021fd1fe9a067d4aec4859ab18f2a985d22eab8e7ae8683f2287e783bef0b32,ID_ab48a3b76,/home/mahsa-nasehi/Desktop/IAAA/fracture/iaaa-contest-bct/Data/training/272528/ID_ab48a3b76.dcm,3,19.140830783999995,512,512,1,0,heldout_patient_fold,aa2d72a2538f26976441e6d52c8c11ca964533e55b3978b8345a70a019d52638,ea81da4d34ee1570c8dd3460a4e44f8f247a0ba0f55b701dbf5093d392e32021,negative,0,0.0,0.0,[],[],[],0.0,0
272528,8021fd1fe9a067d4aec4859ab18f2a985d22eab8e7ae8683f2287e783bef0b32,ID_febd2d5a2,/home/mahsa-nasehi/Desktop/IAAA/fracture/iaaa-contest-bct/Data/training/272528/ID_febd2d5a2.dcm,4,24.140323253999995,512,512,1,0,heldout_patient_fold,aa2d72a2538f26976441e6d52c8c11ca964533e55b3978b8345a70a019d52638,ea81da4d34ee1570c8dd3460a4e44f8f247a0ba0f55b701dbf5093d392e32021,negative,0,0.0,0.0,[],[],[],0.0,0
272528,8021fd1fe9a067d4aec4859ab18f2a985d22eab8e7ae8683f2287e783bef0b32,ID_ce202418f,/home/mahsa-nasehi/Desktop/IAAA/fracture/iaaa-contest-bct/Data/training/272528/ID_ce202418f.dcm,5,29.139815723999995,512,512,1,0,heldout_patient_fold,aa2d72a2538f26976441e6d52c8c11ca964533e55b3978b8345a70a019d52638,ea81da4d34ee1570c8dd3460a4e44f8f247a0ba0f55b701dbf5093d392e32021,negative,0,0.0,0.0,[],[],[],0.0,0
272528,8021fd1fe9a067d4aec4859ab18f2a985d22eab8e7ae8683f2287e783bef0b32,ID_f00b9447b,/home/mahsa-nasehi/Desktop/IAAA/fracture/iaaa-contest-bct/Data/training/272528/ID_f00b9447b.dcm,6,34.14028256399999,512,512,1,0,heldout_patient_fold,aa2d72a2538f26976441e6d52c8c11ca964533e55b3978b8345a70a019d52638,ea81da4d34ee1570c8dd3460a4e44f8f247a0ba0f55b701dbf5093d392e32021,negative,0,0.0,0.0,[],"[[362.66668701171875, 277.66668701171875, 398.0, 315.66668701171875]]",[0.01107025146484375],0.01107025146484375,1
272528,8021fd1fe9a067d4aec4859ab18f2a985d22eab8e7ae8683f2287e783bef0b32,ID_f1d974b8d,/home/mahsa-nasehi/Desktop/IAAA/fracture/iaaa-contest-bct/Data/training/272528/ID_f1d974b8d.dcm,7,39.139775033999996,512,512,1,0,heldout_patient_fold,aa2d72a2538f26976441e6d52c8c11ca964533e55b3978b8345a70a019d52638,ea81da4d34ee1570c8dd3460a4e44f8f247a0ba0f55b701dbf5093d392e32021,negative,0,0.0,0.0,[],[],[],0.0,0
272528,8021fd1fe9a067d4aec4859ab18f2a985d22eab8e7ae8683f2287e783bef0b32,ID_0aa578897,/home/mahsa-nasehi/Desktop/IAAA/fracture/iaaa-contest-bct/Data/training/272528/ID_0aa578897.dcm,8,44.139267503999996,512,512,1,0,heldout_patient_fold,aa2d72a2538f26976441e6d52c8c11ca964533e55b3978b8345a70a019d52638,ea81da4d34ee1570c8dd3460a4e44f8f247a0ba0f55b701dbf5093d392e32021,negative,0,0.0,0.0,[],[],[],0.0,0
272528,8021fd1fe9a067d4aec4859ab18f2a985d22eab8e7ae8683f2287e783bef0b32,ID_be9b8d17e,/home/mahsa-nasehi/Desktop/IAAA/fracture/iaaa-contest-bct/Data/training/272528/ID_be9b8d17e.dcm,9,49.138759973999996,512,512,1,0,heldout_patient_fold,aa2d72a2538f26976441e6d52c8c11ca964533e55b3978b8345a70a019d52638,ea81da4d34ee1570c8dd3460a4e44f8f247a0ba0f55b701dbf5093d392e32021,negative,0,0.0,0.0,[],"[[346.66668701171875, 290.5, 382.66668701171875, 328.16668701171875], [356.66668701171875, 261.66668701171875, 392.66668701171875, 298.66668701171875], [82.16667175292969, 272.3333435058594, 117.83333587646484, 309.3333435058594]]","[0.0574951171875, 0.05126953125, 0.0271759033203125]",0.0574951171875,3
272528,8021fd1fe9a067d4aec4859ab18f2a985d22eab8e7ae8683f2287e783bef0b32,ID_3b9f9f68f,/home/mahsa-nasehi/Desktop/IAAA/fracture/iaaa-contest-bct/Data/training/272528/ID_3b9f9f68f.dcm,10,54.13922681399999,512,512,1,0,heldout_patient_fold,aa2d72a2538f26976441e6d52c8c11ca964533e55b3978b8345a70a019d52638,ea81da4d34ee1570c8dd3460a4e44f8f247a0ba0f55b701dbf5093d392e32021,positive,1,4221.0,4221.0,"[[71.0, 170.0, 134.0, 237.0]]","[[64.20833587646484, 174.1666717529297, 130.5, 236.83334350585938], [76.16667175292969, 192.83334350585938, 112.5, 228.83334350585938]]","[0.053009033203125, 0.041778564453125]",0.053009033203125,2
272528,8021fd1fe9a067d4aec4859ab18f2a985d22eab8e7ae8683f2287e783bef0b32,ID_1c5d571e3,/home/mahsa-nasehi/Desktop/IAAA/fracture/iaaa-contest-bct/Data/training/272528/ID_1c5d571e3.dcm,11,59.13871928399999,512,512,1,0,heldout_patient_fold,aa2d72a2538f26976441e6d52c8c11ca964533e55b3978b8345a70a019d52638,ea81da4d34ee1570c8dd3460a4e44f8f247a0ba0f55b701dbf5093d392e32021,positive,1,4900.0,4900.0,"[[69.0, 172.0, 139.0, 242.0]]","[[74.29167175292969, 200.0, 110.0, 237.33334350585938], [59.375, 180.33334350585938, 125.66667175292969, 243.0]]","[0.107421875, 0.01177978515625]",0.107421875,2
272528,8021fd1fe9a067d4aec4859ab18f2a985d22eab8e7ae8683f2287e783bef0b32,ID_a218c57ce,/home/mahsa-nasehi/Desktop/IAAA/fracture/iaaa-contest-bct/Data/training/272528/ID_a218c57ce.dcm,12,64.13821175399998,512,512,1,0,heldout_patient_fold,aa2d72a2538f26976441e6d52c8c11ca964533e55b3978b8345a70a019d52638,ea81da4d34ee1570c8dd3460a4e44f8f247a0ba0f55b701dbf5093d392e32021,positive,2,1760.0,2695.0,"[[81.0, 183.0, 130.0, 238.0], [70.0, 227.0, 110.0, 271.0]]","[[89.83333587646484, 168.6666717529297, 125.83333587646484, 205.33334350585938], [70.16667175292969, 230.0, 107.33333587646484, 265.3333435058594], [80.66667175292969, 147.5, 145.0, 210.1666717529297]]","[0.081787109375, 0.061187744140625, 0.01024627685546875]",0.081787109375,3
272528,8021fd1fe9a067d4aec4859ab18f2a985d22eab8e7ae8683f2287e783bef0b32,ID_eef681a26,/home/mahsa-nasehi/Desktop/IAAA/fracture/iaaa-contest-bct/Data/training/272528/ID_eef681a26.dcm,13,69.13770422399999,512,512,1,0,heldout_patient_fold,aa2d72a2538f26976441e6d52c8c11ca964533e55b3978b8345a70a019d52638,ea81da4d34ee1570c8dd3460a4e44f8f247a0ba0f55b701dbf5093d392e32021,positive,1,1666.0,1666.0,"[[69.0, 245.0, 118.0, 279.0]]","[[73.54167175292969, 238.0, 110.16667175292969, 274.0], [76.79167175292969, 248.33334350585938, 112.5, 285.0], [90.08333587646484, 174.0, 126.08333587646484, 210.6666717529297]]","[0.262939453125, 0.0211181640625, 0.01433563232421875]",0.262939453125,3
272528,8021fd1fe9a067d4aec4859ab18f2a985d22eab8e7ae8683f2287e783bef0b32,ID_51d5dd43a,/home/mahsa-nasehi/Desktop/IAAA/fracture/iaaa-contest-bct/Data/training/272528/ID_51d5dd43a.dcm,14,74.13817106399999,512,512,1,0,heldout_patient_fold,aa2d72a2538f26976441e6d52c8c11ca964533e55b3978b8345a70a019d52638,ea81da4d34ee1570c8dd3460a4e44f8f247a0ba0f55b701dbf5093d392e32021,positive,1,1221.0,1221.0,"[[74.0, 254.0, 111.0, 287.0]]","[[70.20833587646484, 251.6666717529297, 107.5, 287.0], [79.29167175292969, 256.66668701171875, 115.33333587646484, 293.3333435058594]]","[0.105224609375, 0.019500732421875]",0.105224609375,2
272528,8021fd1fe9a067d4aec4859ab18f2a985d22eab8e7ae8683f2287e783bef0b32,ID_a7091a0d5,/home/mahsa-nasehi/Desktop/IAAA/fracture/iaaa-contest-bct/Data/training/272528/ID_a7091a0d5.dcm,15,79.137663534,512,512,1,0,heldout_patient_fold,aa2d72a2538f26976441e6d52c8c11ca964533e55b3978b8345a70a019d52638,ea81da4d34ee1570c8dd3460a4e44f8f247a0ba0f55b701dbf5093d392e32021,positive,1,1677.0,1677.0,"[[73.0, 256.0, 116.0, 295.0]]","[[73.25, 254.33334350585938, 110.25, 290.3333435058594], [53.66666793823242, 239.6666717529297, 121.0, 301.66668701171875]]","[0.79296875, 0.0218658447265625]",0.79296875,2
272528,8021fd1fe9a067d4aec4859ab18f2a985d22eab8e7ae8683f2287e783bef0b32,ID_d62301c4f,/home/mahsa-nasehi/Desktop/IAAA/fracture/iaaa-contest-bct/Data/training/272528/ID_d62301c4f.dcm,16,84.13715600399999,512,512,1,0,heldout_patient_fold,aa2d72a2538f26976441e6d52c8c11ca964533e55b3978b8345a70a019d52638,ea81da4d34ee1570c8dd3460a4e44f8f247a0ba0f55b701dbf5093d392e32021,positive,1,1287.0,1287.0,"[[71.0, 262.0, 110.0, 295.0]]","[[70.70833587646484, 256.66668701171875, 107.33333587646484, 292.66668701171875], [59.5, 249.0, 126.16667175292969, 311.0], [79.20833587646484, 264.3333435058594, 115.5, 301.0]]","[0.62255859375, 0.040252685546875, 0.027374267578125]",0.62255859375,3
272528,8021fd1fe9a067d4aec4859ab18f2a985d22eab8e7ae8683f2287e783bef0b32,ID_90d014f6c,/home/mahsa-nasehi/Desktop/IAAA/fracture/iaaa-contest-bct/Data/training/272528/ID_90d014f6c.dcm,17,89.136648474,512,512,1,0,heldout_patient_fold,aa2d72a2538f26976441e6d52c8c11ca964533e55b3978b8345a70a019d52638,ea81da4d34ee1570c8dd3460a4e44f8f247a0ba0f55b701dbf5093d392e32021,positive,1,1248.0,1248.0,"[[72.0, 266.0, 111.0, 298.0]]","[[73.66667175292969, 259.3333435058594, 110.33333587646484, 295.3333435058594], [78.79167175292969, 267.5, 115.16667175292969, 303.8333435058594], [148.6666717529297, 85.83333587646484, 214.33334350585938, 153.5], [54.66666793823242, 252.0, 121.83333587646484, 317.3333435058594]]","[0.90966796875, 0.0207977294921875, 0.01422882080078125, 0.014007568359375]",0.90966796875,4
272528,8021fd1fe9a067d4aec4859ab18f2a985d22eab8e7ae8683f2287e783bef0b32,ID_012c01409,/home/mahsa-nasehi/Desktop/IAAA/fracture/iaaa-contest-bct/Data/training/272528/ID_012c01409.dcm,18,94.13711531399998,512,512,1,0,heldout_patient_fold,aa2d72a2538f26976441e6d52c8c11ca964533e55b3978b8345a70a019d52638,ea81da4d34ee1570c8dd3460a4e44f8f247a0ba0f55b701dbf5093d392e32021,positive,1,2268.0,2268.0,"[[69.0, 268.0, 123.0, 310.0]]","[[73.29167175292969, 264.66668701171875, 110.33333587646484, 300.0], [58.333335876464844, 254.6666717529297, 125.5, 315.3333435058594]]","[0.6689453125, 0.03948974609375]",0.6689453125,2
272528,8021fd1fe9a067d4aec4859ab18f2a985d22eab8e7ae8683f2287e783bef0b32,ID_b71df6eef,/home/mahsa-nasehi/Desktop/IAAA/fracture/iaaa-contest-bct/Data/training/272528/ID_b71df6eef.dcm,19,99.13660778399998,512,512,1,0,heldout_patient_fold,aa2d72a2538f26976441e6d52c8c11ca964533e55b3978b8345a70a019d52638,ea81da4d34ee1570c8dd3460a4e44f8f247a0ba0f55b701dbf5093d392e32021,positive,1,4320.0,4320.0,"[[62.0, 258.0, 134.0, 318.0]]","[[76.04167175292969, 270.0, 113.0, 306.0], [155.33334350585938, 118.66667175292969, 190.0, 157.0], [138.5, 102.5, 205.5, 170.5], [54.91666793823242, 258.3333435058594, 121.58333587646484, 322.3333435058594], [86.83333587646484, 272.66668701171875, 123.5, 308.66668701171875]]","[0.4130859375, 0.11517333984375, 0.0259552001953125, 0.0186920166015625, 0.0150146484375]",0.4130859375,5
272528,8021fd1fe9a067d4aec4859ab18f2a985d22eab8e7ae8683f2287e783bef0b32,ID_b063015ac,/home/mahsa-nasehi/Desktop/IAAA/fracture/iaaa-contest-bct/Data/training/272528/ID_b063015ac.dcm,20,104.13610025399998,512,512,1,0,heldout_patient_fold,aa2d72a2538f26976441e6d52c8c11ca964533e55b3978b8345a70a019d52638,ea81da4d34ee1570c8dd3460a4e44f8f247a0ba0f55b701dbf5093d392e32021,positive,2,2068.0,3550.0,"[[146.0, 128.0, 196.0, 199.0], [79.0, 269.0, 123.0, 316.0]]","[[79.16667175292969, 272.66668701171875, 115.83333587646484, 309.0], [75.0, 266.3333435058594, 142.6666717529297, 327.0], [55.833335876464844, 288.66668701171875, 91.16667175292969, 325.3333435058594]]","[0.07806396484375, 0.039947509765625, 0.01036834716796875]",0.07806396484375,3
272528,8021fd1fe9a067d4aec4859ab18f2a985d22eab8e7ae8683f2287e783bef0b32,ID_bbd1ba6d1,/home/mahsa-nasehi/Desktop/IAAA/fracture/iaaa-contest-bct/Data/training/272528/ID_bbd1ba6d1.dcm,21,109.13559272399999,512,512,1,0,heldout_patient_fold,aa2d72a2538f26976441e6d52c8c11ca964533e55b3978b8345a70a019d52638,ea81da4d34ee1570c8dd3460a4e44f8f247a0ba0f55b701dbf5093d392e32021,positive,2,3920.0,4332.0,"[[149.0, 137.0, 206.0, 213.0], [73.0, 267.0, 143.0, 323.0]]",[],[],0.0,0
272528,8021fd1fe9a067d4aec4859ab18f2a985d22eab8e7ae8683f2287e783bef0b32,ID_07cea34d2,/home/mahsa-nasehi/Desktop/IAAA/fracture/iaaa-contest-bct/Data/training/272528/ID_07cea34d2.dcm,22,114.13605956399999,512,512,1,0,heldout_patient_fold,aa2d72a2538f26976441e6d52c8c11ca964533e55b3978b8345a70a019d52638,ea81da4d34ee1570c8dd3460a4e44f8f247a0ba0f55b701dbf5093d392e32021,positive,1,3392.0,3392.0,"[[147.0, 153.0, 200.0, 217.0]]","[[157.5, 156.9166717529297, 192.5, 194.33334350585938], [139.0, 145.83334350585938, 205.6666717529297, 212.5]]","[0.034759521484375, 0.01374053955078125]",0.034759521484375,2
272528,8021fd1fe9a067d4aec4859ab18f2a985d22eab8e7ae8683f2287e783bef0b32,ID_a1f4a15b2,/home/mahsa-nasehi/Desktop/IAAA/fracture/iaaa-contest-bct/Data/training/272528/ID_a1f4a15b2.dcm,23,119.13555203399999,512,512,1,0,heldout_patient_fold,aa2d72a2538f26976441e6d52c8c11ca964533e55b3978b8345a70a019d52638,ea81da4d34ee1570c8dd3460a4e44f8f247a0ba0f55b701dbf5093d392e32021,positive,1,5609.0,5609.0,"[[131.0, 168.0, 202.0, 247.0]]",[],[],0.0,0
272528,8021fd1fe9a067d4aec4859ab18f2a985d22eab8e7ae8683f2287e783bef0b32,ID_4e785fcb3,/home/mahsa-nasehi/Desktop/IAAA/fracture/iaaa-contest-bct/Data/training/272528/ID_4e785fcb3.dcm,24,124.13504450399999,512,512,1,0,heldout_patient_fold,aa2d72a2538f26976441e6d52c8c11ca964533e55b3978b8345a70a019d52638,ea81da4d34ee1570c8dd3460a4e44f8f247a0ba0f55b701dbf5093d392e32021,negative,0,0.0,0.0,[],"[[138.6666717529297, 157.1666717529297, 206.0, 223.83334350585938], [153.1666717529297, 204.33334350585938, 189.83334350585938, 242.33334350585938], [129.0, 192.33334350585938, 196.0, 253.6666717529297], [99.16667175292969, 124.66667175292969, 232.83334350585938, 290.0]]","[0.0301055908203125, 0.0246124267578125, 0.0224609375, 0.015777587890625]",0.0301055908203125,4
272528,8021fd1fe9a067d4aec4859ab18f2a985d22eab8e7ae8683f2287e783bef0b32,ID_356c26633,/home/mahsa-nasehi/Desktop/IAAA/fracture/iaaa-contest-bct/Data/training/272528/ID_356c26633.dcm,25,129.13453697399999,512,512,1,0,heldout_patient_fold,aa2d72a2538f26976441e6d52c8c11ca964533e55b3978b8345a70a019d52638,ea81da4d34ee1570c8dd3460a4e44f8f247a0ba0f55b701dbf5093d392e32021,negative,0,0.0,0.0,[],[],[],0.0,0
272528,8021fd1fe9a067d4aec4859ab18f2a985d22eab8e7ae8683f2287e783bef0b32,ID_25c35efa6,/home/mahsa-nasehi/Desktop/IAAA/fracture/iaaa-contest-bct/Data/training/272528/ID_25c35efa6.dcm,26,134.135003814,512,512,1,0,heldout_patient_fold,aa2d72a2538f26976441e6d52c8c11ca964533e55b3978b8345a70a019d52638,ea81da4d34ee1570c8dd3460a4e44f8f247a0ba0f55b701dbf5093d392e32021,negative,0,0.0,0.0,[],[],[],0.0,0
272528,8021fd1fe9a067d4aec4859ab18f2a985d22eab8e7ae8683f2287e783bef0b32,ID_c013cb5eb,/home/mahsa-nasehi/Desktop/IAAA/fracture/iaaa-contest-bct/Data/training/272528/ID_c013cb5eb.dcm,27,139.134496284,512,512,1,0,heldout_patient_fold,aa2d72a2538f26976441e6d52c8c11ca964533e55b3978b8345a70a019d52638,ea81da4d34ee1570c8dd3460a4e44f8f247a0ba0f55b701dbf5093d392e32021,negative,0,0.0,0.0,[],[],[],0.0,0
272528,8021fd1fe9a067d4aec4859ab18f2a985d22eab8e7ae8683f2287e783bef0b32,ID_c098c9fa4,/home/mahsa-nasehi/Desktop/IAAA/fracture/iaaa-contest-bct/Data/training/272528/ID_c098c9fa4.dcm,28,144.133988754,512,512,1,0,heldout_patient_fold,aa2d72a2538f26976441e6d52c8c11ca964533e55b3978b8345a70a019d52638,ea81da4d34ee1570c8dd3460a4e44f8f247a0ba0f55b701dbf5093d392e32021,negative,0,0.0,0.0,[],[],[],0.0,0
272528,8021fd1fe9a067d4aec4859ab18f2a985d22eab8e7ae8683f2287e783bef0b32,ID_a2280473e,/home/mahsa-nasehi/Desktop/IAAA/fracture/iaaa-contest-bct/Data/training/272528/ID_a2280473e.dcm,29,149.133481224,512,512,1,0,heldout_patient_fold,aa2d72a2538f26976441e6d52c8c11ca964533e55b3978b8345a70a019d52638,ea81da4d34ee1570c8dd3460a4e44f8f247a0ba0f55b701dbf5093d392e32021,negative,0,0.0,0.0,[],[],[],0.0,0
272528,8021fd1fe9a067d4aec4859ab18f2a985d22eab8e7ae8683f2287e783bef0b32,ID_1b2efd8c3,/home/mahsa-nasehi/Desktop/IAAA/fracture/iaaa-contest-bct/Data/training/272528/ID_1b2efd8c3.dcm,30,154.133948064,512,512,1,0,heldout_patient_fold,aa2d72a2538f26976441e6d52c8c11ca964533e55b3978b8345a70a019d52638,ea81da4d34ee1570c8dd3460a4e44f8f247a0ba0f55b701dbf5093d392e32021,negative,0,0.0,0.0,[],[],[],0.0,0
272528,8021fd1fe9a067d4aec4859ab18f2a985d22eab8e7ae8683f2287e783bef0b32,ID_d55ed64f5,/home/mahsa-nasehi/Desktop/IAAA/fracture/iaaa-contest-bct/Data/training/272528/ID_d55ed64f5.dcm,31,159.133440534,512,512,1,0,heldout_patient_fold,aa2d72a2538f26976441e6d52c8c11ca964533e55b3978b8345a70a019d52638,ea81da4d34ee1570c8dd3460a4e44f8f247a0ba0f55b701dbf5093d392e32021,negative,0,0.0,0.0,[],[],[],0.0,0
272645,5e16ece0af22d218a15094477318ad741cbbd6bb3da62f99b26acb39bc7d9a57,ID_9daed924a,/home/mahsa-nasehi/Desktop/IAAA/fracture/iaaa-contest-bct/Data/training/272645/ID_9daed924a.dcm,0,-2.492074,512,512,0,0,heldout_patient_fold,aa2d72a2538f26976441e6d52c8c11ca964533e55b3978b8345a70a019d52638,ea81da4d34ee1570c8dd3460a4e44f8f247a0ba0f55b701dbf5093d392e32021,negative,0,0.0,0.0,[],[],[],0.0,0
272645,5e16ece0af22d218a15094477318ad741cbbd6bb3da62f99b26acb39bc7d9a57,ID_fc87e000a,/home/mahsa-nasehi/Desktop/IAAA/fracture/iaaa-contest-bct/Data/training/272645/ID_fc87e000a.dcm,1,2.507926,512,512,0,0,heldout_patient_fold,aa2d72a2538f26976441e6d52c8c11ca964533e55b3978b8345a70a019d52638,ea81da4d34ee1570c8dd3460a4e44f8f247a0ba0f55b701dbf5093d392e32021,negative,0,0.0,0.0,[],[],[],0.0,0
272645,5e16ece0af22d218a15094477318ad741cbbd6bb3da62f99b26acb39bc7d9a57,ID_1cbcdcefd,/home/mahsa-nasehi/Desktop/IAAA/fracture/iaaa-contest-bct/Data/training/272645/ID_1cbcdcefd.dcm,2,7.507926,512,512,0,0,heldout_patient_fold,aa2d72a2538f26976441e6d52c8c11ca964533e55b3978b8345a70a019d52638,ea81da4d34ee1570c8dd3460a4e44f8f247a0ba0f55b701dbf5093d392e32021,negative,0,0.0,0.0,[],[],[],0.0,0
272645,5e16ece0af22d218a15094477318ad741cbbd6bb3da62f99b26acb39bc7d9a57,ID_02be422b6,/home/mahsa-nasehi/Desktop/IAAA/fracture/iaaa-contest-bct/Data/training/272645/ID_02be422b6.dcm,3,12.507926,512,512,0,0,heldout_patient_fold,aa2d72a2538f26976441e6d52c8c11ca964533e55b3978b8345a70a019d52638,ea81da4d34ee1570c8dd3460a4e44f8f247a0ba0f55b701dbf5093d392e32021,negative,0,0.0,0.0,[],[],[],0.0,0
272645,5e16ece0af22d218a15094477318ad741cbbd6bb3da62f99b26acb39bc7d9a57,ID_5640d4a24,/home/mahsa-nasehi/Desktop/IAAA/fracture/iaaa-contest-bct/Data/training/272645/ID_5640d4a24.dcm,4,17.507927,512,512,0,0,heldout_patient_fold,aa2d72a2538f26976441e6d52c8c11ca964533e55b3978b8345a70a019d52638,ea81da4d34ee1570c8dd3460a4e44f8f247a0ba0f55b701dbf5093d392e32021,negative,0,0.0,0.0,[],[],[],0.0,0
272645,5e16ece0af22d218a15094477318ad741cbbd6bb3da62f99b26acb39bc7d9a57,ID_d802ac1b9,/home/mahsa-nasehi/Desktop/IAAA/fracture/iaaa-contest-bct/Data/training/272645/ID_d802ac1b9.dcm,5,22.507927,512,512,0,0,heldout_patient_fold,aa2d72a2538f26976441e6d52c8c11ca964533e55b3978b8345a70a019d52638,ea81da4d34ee1570c8dd3460a4e44f8f247a0ba0f55b701dbf5093d392e32021,negative,0,0.0,0.0,[],[],[],0.0,0
272645,5e16ece0af22d218a15094477318ad741cbbd6bb3da62f99b26acb39bc7d9a57,ID_e803d28b9,/home/mahsa-nasehi/Desktop/IAAA/fracture/iaaa-contest-bct/Data/training/272645/ID_e803d28b9.dcm,6,27.507927,512,512,0,0,heldout_patient_fold,aa2d72a2538f26976441e6d52c8c11ca964533e55b3978b8345a70a019d52638,ea81da4d34ee1570c8dd3460a4e44f8f247a0ba0f55b701dbf5093d392e32021,negative,0,0.0,0.0,[],[],[],0.0,0
272645,5e16ece0af22d218a15094477318ad741cbbd6bb3da62f99b26acb39bc7d9a57,ID_1e7747a7f,/home/mahsa-nasehi/Desktop/IAAA/fracture/iaaa-contest-bct/Data/training/272645/ID_1e7747a7f.dcm,7,32.507927,512,512,0,0,heldout_patient_fold,aa2d72a2538f26976441e6d52c8c11ca964533e55b3978b8345a70a019d52638,ea81da4d34ee1570c8dd3460a4e44f8f247a0ba0f55b701dbf5093d392e32021,negative,0,0.0,0.0,[],[],[],0.0,0
272645,5e16ece0af22d218a15094477318ad741cbbd6bb3da62f99b26acb39bc7d9a57,ID_309b2645f,/home/mahsa-nasehi/Desktop/IAAA/fracture/iaaa-contest-bct/Data/training/272645/ID_309b2645f.dcm,8,37.507927,512,512,0,0,heldout_patient_fold,aa2d72a2538f26976441e6d52c8c11ca964533e55b3978b8345a70a019d52638,ea81da4d34ee1570c8dd3460a4e44f8f247a0ba0f55b701dbf5093d392e32021,negative,0,0.0,0.0,[],"[[183.6666717529297, 227.6666717529297, 219.6666717529297, 264.3333435058594]]",[0.0263519287109375],0.0263519287109375,1
272645,5e16ece0af22d218a15094477318ad741cbbd6bb3da62f99b26acb39bc7d9a57,ID_f9e06b7e0,/home/mahsa-nasehi/Desktop/IAAA/fracture/iaaa-contest-bct/Data/training/272645/ID_f9e06b7e0.dcm,9,42.507927,512,512,0,0,heldout_patient_fold,aa2d72a2538f26976441e6d52c8c11ca964533e55b3978b8345a70a019d52638,ea81da4d34ee1570c8dd3460a4e44f8f247a0ba0f55b701dbf5093d392e32021,negative,0,0.0,0.0,[],[],[],0.0,0
272645,5e16ece0af22d218a15094477318ad741cbbd6bb3da62f99b26acb39bc7d9a57,ID_d2b92f37b,/home/mahsa-nasehi/Desktop/IAAA/fracture/iaaa-contest-bct/Data/training/272645/ID_d2b92f37b.dcm,10,47.507927,512,512,0,0,heldout_patient_fold,aa2d72a2538f26976441e6d52c8c11ca964533e55b3978b8345a70a019d52638,ea81da4d34ee1570c8dd3460a4e44f8f247a0ba0f55b701dbf5093d392e32021,negative,0,0.0,0.0,[],"[[144.6666717529297, 0.0, 277.0, 143.1666717529297]]",[0.0150146484375],0.0150146484375,1
272645,5e16ece0af22d218a15094477318ad741cbbd6bb3da62f99b26acb39bc7d9a57,ID_194671fec,/home/mahsa-nasehi/Desktop/IAAA/fracture/iaaa-contest-bct/Data/training/272645/ID_194671fec.dcm,11,52.507927,512,512,0,0,heldout_patient_fold,aa2d72a2538f26976441e6d52c8c11ca964533e55b3978b8345a70a019d52638,ea81da4d34ee1570c8dd3460a4e44f8f247a0ba0f55b701dbf5093d392e32021,negative,0,0.0,0.0,[],[],[],0.0,0
272645,5e16ece0af22d218a15094477318ad741cbbd6bb3da62f99b26acb39bc7d9a57,ID_8cfa774e3,/home/mahsa-nasehi/Desktop/IAAA/fracture/iaaa-contest-bct/Data/training/272645/ID_8cfa774e3.dcm,12,57.507927,512,512,0,0,heldout_patient_fold,aa2d72a2538f26976441e6d52c8c11ca964533e55b3978b8345a70a019d52638,ea81da4d34ee1570c8dd3460a4e44f8f247a0ba0f55b701dbf5093d392e32021,negative,0,0.0,0.0,[],"[[319.66668701171875, 185.0, 355.0, 221.33334350585938]]",[0.01306915283203125],0.01306915283203125,1
272645,5e16ece0af22d218a15094477318ad741cbbd6bb3da62f99b26acb39bc7d9a57,ID_e6f1b2c49,/home/mahsa-nasehi/Desktop/IAAA/fracture/iaaa-contest-bct/Data/training/272645/ID_e6f1b2c49.dcm,13,62.507927,512,512,0,0,heldout_patient_fold,aa2d72a2538f26976441e6d52c8c11ca964533e55b3978b8345a70a019d52638,ea81da4d34ee1570c8dd3460a4e44f8f247a0ba0f55b701dbf5093d392e32021,negative,0,0.0,0.0,[],"[[143.6666717529297, 0.0, 276.3333435058594, 130.83334350585938], [319.0, 190.1666717529297, 355.66668701171875, 226.1666717529297], [266.0, 219.33334350585938, 302.0, 256.0]]","[0.023956298828125, 0.0227203369140625, 0.01116180419921875]",0.023956298828125,3
272645,5e16ece0af22d218a15094477318ad741cbbd6bb3da62f99b26acb39bc7d9a57,ID_4de08336e,/home/mahsa-nasehi/Desktop/IAAA/fracture/iaaa-contest-bct/Data/training/272645/ID_4de08336e.dcm,14,67.507927,512,512,0,0,heldout_patient_fold,aa2d72a2538f26976441e6d52c8c11ca964533e55b3978b8345a70a019d52638,ea81da4d34ee1570c8dd3460a4e44f8f247a0ba0f55b701dbf5093d392e32021,negative,0,0.0,0.0,[],"[[87.08333587646484, 256.5, 123.41667175292969, 292.8333435058594]]",[0.0115509033203125],0.0115509033203125,1
272645,5e16ece0af22d218a15094477318ad741cbbd6bb3da62f99b26acb39bc7d9a57,ID_3328c97be,/home/mahsa-nasehi/Desktop/IAAA/fracture/iaaa-contest-bct/Data/training/272645/ID_3328c97be.dcm,15,72.507927,512,512,0,0,heldout_patient_fold,aa2d72a2538f26976441e6d52c8c11ca964533e55b3978b8345a70a019d52638,ea81da4d34ee1570c8dd3460a4e44f8f247a0ba0f55b701dbf5093d392e32021,negative,0,0.0,0.0,[],[],[],0.0,0
272645,5e16ece0af22d218a15094477318ad741cbbd6bb3da62f99b26acb39bc7d9a57,ID_040e91d53,/home/mahsa-nasehi/Desktop/IAAA/fracture/iaaa-contest-bct/Data/training/272645/ID_040e91d53.dcm,16,77.507927,512,512,0,0,heldout_patient_fold,aa2d72a2538f26976441e6d52c8c11ca964533e55b3978b8345a70a019d52638,ea81da4d34ee1570c8dd3460a4e44f8f247a0ba0f55b701dbf5093d392e32021,negative,0,0.0,0.0,[],"[[319.0, 288.66668701171875, 355.3333435058594, 325.3333435058594], [101.0, 293.8333435058594, 136.6666717529297, 330.5], [74.66667175292969, 274.3333435058594, 141.0, 341.3333435058594]]","[0.042877197265625, 0.01898193359375, 0.0164031982421875]",0.042877197265625,3
272645,5e16ece0af22d218a15094477318ad741cbbd6bb3da62f99b26acb39bc7d9a57,ID_f41c5f0b9,/home/mahsa-nasehi/Desktop/IAAA/fracture/iaaa-contest-bct/Data/training/272645/ID_f41c5f0b9.dcm,17,82.507927,512,512,0,0,heldout_patient_fold,aa2d72a2538f26976441e6d52c8c11ca964533e55b3978b8345a70a019d52638,ea81da4d34ee1570c8dd3460a4e44f8f247a0ba0f55b701dbf5093d392e32021,negative,0,0.0,0.0,[],"[[323.5, 301.8333435058594, 360.66668701171875, 338.16668701171875]]",[0.0194244384765625],0.0194244384765625,1
272645,5e16ece0af22d218a15094477318ad741cbbd6bb3da62f99b26acb39bc7d9a57,ID_8f92d2963,/home/mahsa-nasehi/Desktop/IAAA/fracture/iaaa-contest-bct/Data/training/272645/ID_8f92d2963.dcm,18,87.507927,512,512,0,0,heldout_patient_fold,aa2d72a2538f26976441e6d52c8c11ca964533e55b3978b8345a70a019d52638,ea81da4d34ee1570c8dd3460a4e44f8f247a0ba0f55b701dbf5093d392e32021,negative,0,0.0,0.0,[],[],[],0.0,0
272645,5e16ece0af22d218a15094477318ad741cbbd6bb3da62f99b26acb39bc7d9a57,ID_27969a330,/home/mahsa-nasehi/Desktop/IAAA/fracture/iaaa-contest-bct/Data/training/272645/ID_27969a330.dcm,19,92.507927,512,512,0,0,heldout_patient_fold,aa2d72a2538f26976441e6d52c8c11ca964533e55b3978b8345a70a019d52638,ea81da4d34ee1570c8dd3460a4e44f8f247a0ba0f55b701dbf5093d392e32021,negative,0,0.0,0.0,[],[],[],0.0,0
272645,5e16ece0af22d218a15094477318ad741cbbd6bb3da62f99b26acb39bc7d9a57,ID_9fcd70055,/home/mahsa-nasehi/Desktop/IAAA/fracture/iaaa-contest-bct/Data/training/272645/ID_9fcd70055.dcm,20,97.507927,512,512,0,0,heldout_patient_fold,aa2d72a2538f26976441e6d52c8c11ca964533e55b3978b8345a70a019d52638,ea81da4d34ee1570c8dd3460a4e44f8f247a0ba0f55b701dbf5093d392e32021,negative,0,0.0,0.0,[],"[[175.0, 152.6666717529297, 310.66668701171875, 316.0]]",[0.154052734375],0.154052734375,1
272645,5e16ece0af22d218a15094477318ad741cbbd6bb3da62f99b26acb39bc7d9a57,ID_6a591c21e,/home/mahsa-nasehi/Desktop/IAAA/fracture/iaaa-contest-bct/Data/training/272645/ID_6a591c21e.dcm,21,102.507927,512,512,0,0,heldout_patient_fold,aa2d72a2538f26976441e6d52c8c11ca964533e55b3978b8345a70a019d52638,ea81da4d34ee1570c8dd3460a4e44f8f247a0ba0f55b701dbf5093d392e32021,negative,0,0.0,0.0,[],"[[132.08334350585938, 142.75, 266.66668701171875, 304.66668701171875]]",[0.010009765625],0.010009765625,1
272645,5e16ece0af22d218a15094477318ad741cbbd6bb3da62f99b26acb39bc7d9a57,ID_3ad03f6fe,/home/mahsa-nasehi/Desktop/IAAA/fracture/iaaa-contest-bct/Data/training/272645/ID_3ad03f6fe.dcm,22,107.507927,512,512,0,0,heldout_patient_fold,aa2d72a2538f26976441e6d52c8c11ca964533e55b3978b8345a70a019d52638,ea81da4d34ee1570c8dd3460a4e44f8f247a0ba0f55b701dbf5093d392e32021,negative,0,0.0,0.0,[],[],[],0.0,0
272645,5e16ece0af22d218a15094477318ad741cbbd6bb3da62f99b26acb39bc7d9a57,ID_e72380238,/home/mahsa-nasehi/Desktop/IAAA/fracture/iaaa-contest-bct/Data/training/272645/ID_e72380238.dcm,23,112.507927,512,512,0,0,heldout_patient_fold,aa2d72a2538f26976441e6d52c8c11ca964533e55b3978b8345a70a019d52638,ea81da4d34ee1570c8dd3460a4e44f8f247a0ba0f55b701dbf5093d392e32021,negative,0,0.0,0.0,[],[],[],0.0,0
272645,5e16ece0af22d218a15094477318ad741cbbd6bb3da62f99b26acb39bc7d9a57,ID_3dbb8e17f,/home/mahsa-nasehi/Desktop/IAAA/fracture/iaaa-contest-bct/Data/training/272645/ID_3dbb8e17f.dcm,24,117.507927,512,512,0,0,heldout_patient_fold,aa2d72a2538f26976441e6d52c8c11ca964533e55b3978b8345a70a019d52638,ea81da4d34ee1570c8dd3460a4e44f8f247a0ba0f55b701dbf5093d392e32021,negative,0,0.0,0.0,[],[],[],0.0,0
272645,5e16ece0af22d218a15094477318ad741cbbd6bb3da62f99b26acb39bc7d9a57,ID_69c25842e,/home/mahsa-nasehi/Desktop/IAAA/fracture/iaaa-contest-bct/Data/training/272645/ID_69c25842e.dcm,25,122.507927,512,512,0,0,heldout_patient_fold,aa2d72a2538f26976441e6d52c8c11ca964533e55b3978b8345a70a019d52638,ea81da4d34ee1570c8dd3460a4e44f8f247a0ba0f55b701dbf5093d392e32021,negative,0,0.0,0.0,[],[],[],0.0,0
272645,5e16ece0af22d218a15094477318ad741cbbd6bb3da62f99b26acb39bc7d9a57,ID_bb47109ef,/home/mahsa-nasehi/Desktop/IAAA/fracture/iaaa-contest-bct/Data/training/272645/ID_bb47109ef.dcm,26,127.507935,512,512,0,0,heldout_patient_fold,aa2d72a2538f26976441e6d52c8c11ca964533e55b3978b8345a70a019d52638,ea81da4d34ee1570c8dd3460a4e44f8f247a0ba0f55b701dbf5093d392e32021,negative,0,0.0,0.0,[],[],[],0.0,0
272645,5e16ece0af22d218a15094477318ad741cbbd6bb3da62f99b26acb39bc7d9a57,ID_0c33d4878,/home/mahsa-nasehi/Desktop/IAAA/fracture/iaaa-contest-bct/Data/training/272645/ID_0c33d4878.dcm,27,132.507935,512,512,0,0,heldout_patient_fold,aa2d72a2538f26976441e6d52c8c11ca964533e55b3978b8345a70a019d52638,ea81da4d34ee1570c8dd3460a4e44f8f247a0ba0f55b701dbf5093d392e32021,negative,0,0.0,0.0,[],[],[],0.0,0
272645,5e16ece0af22d218a15094477318ad741cbbd6bb3da62f99b26acb39bc7d9a57,ID_92e1d7209,/home/mahsa-nasehi/Desktop/IAAA/fracture/iaaa-contest-bct/Data/training/272645/ID_92e1d7209.dcm,28,137.507935,512,512,0,0,heldout_patient_fold,aa2d72a2538f26976441e6d52c8c11ca964533e55b3978b8345a70a019d52638,ea81da4d34ee1570c8dd3460a4e44f8f247a0ba0f55b701dbf5093d392e32021,negative,0,0.0,0.0,[],[],[],0.0,0
272645,5e16ece0af22d218a15094477318ad741cbbd6bb3da62f99b26acb39bc7d9a57,ID_72cbaf387,/home/mahsa-nasehi/Desktop/IAAA/fracture/iaaa-contest-bct/Data/training/272645/ID_72cbaf387.dcm,29,142.507935,512,512,0,0,heldout_patient_fold,aa2d72a2538f26976441e6d52c8c11ca964533e55b3978b8345a70a019d52638,ea81da4d34ee1570c8dd3460a4e44f8f247a0ba0f55b701dbf5093d392e32021,negative,0,0.0,0.0,[],"[[127.33333587646484, 104.16667175292969, 163.0, 140.83334350585938]]",[0.012725830078125],0.012725830078125,1
272645,5e16ece0af22d218a15094477318ad741cbbd6bb3da62f99b26acb39bc7d9a57,ID_f57807395,/home/mahsa-nasehi/Desktop/IAAA/fracture/iaaa-contest-bct/Data/training/272645/ID_f57807395.dcm,30,147.507935,512,512,0,0,heldout_patient_fold,aa2d72a2538f26976441e6d52c8c11ca964533e55b3978b8345a70a019d52638,ea81da4d34ee1570c8dd3460a4e44f8f247a0ba0f55b701dbf5093d392e32021,negative,0,0.0,0.0,[],[],[],0.0,0
272645,5e16ece0af22d218a15094477318ad741cbbd6bb3da62f99b26acb39bc7d9a57,ID_7125e0a77,/home/mahsa-nasehi/Desktop/IAAA/fracture/iaaa-contest-bct/Data/training/272645/ID_7125e0a77.dcm,31,152.507935,512,512,0,0,heldout_patient_fold,aa2d72a2538f26976441e6d52c8c11ca964533e55b3978b8345a70a019d52638,ea81da4d34ee1570c8dd3460a4e44f8f247a0ba0f55b701dbf5093d392e32021,negative,0,0.0,0.0,[],[],[],0.0,0
272645,5e16ece0af22d218a15094477318ad741cbbd6bb3da62f99b26acb39bc7d9a57,ID_867debd17,/home/mahsa-nasehi/Desktop/IAAA/fracture/iaaa-contest-bct/Data/training/272645/ID_867debd17.dcm,32,157.507935,512,512,0,0,heldout_patient_fold,aa2d72a2538f26976441e6d52c8c11ca964533e55b3978b8345a70a019d52638,ea81da4d34ee1570c8dd3460a4e44f8f247a0ba0f55b701dbf5093d392e32021,negative,0,0.0,0.0,[],[],[],0.0,0
272645,5e16ece0af22d218a15094477318ad741cbbd6bb3da62f99b26acb39bc7d9a57,ID_49492b909,/home/mahsa-nasehi/Desktop/IAAA/fracture/iaaa-contest-bct/Data/training/272645/ID_49492b909.dcm,33,162.507935,512,512,0,0,heldout_patient_fold,aa2d72a2538f26976441e6d52c8c11ca964533e55b3978b8345a70a019d52638,ea81da4d34ee1570c8dd3460a4e44f8f247a0ba0f55b701dbf5093d392e32021,negative,0,0.0,0.0,[],[],[],0.0,0
272645,5e16ece0af22d218a15094477318ad741cbbd6bb3da62f99b26acb39bc7d9a57,ID_341e53320,/home/mahsa-nasehi/Desktop/IAAA/fracture/iaaa-contest-bct/Data/training/272645/ID_341e53320.dcm,34,167.507935,512,512,0,0,heldout_patient_fold,aa2d72a2538f26976441e6d52c8c11ca964533e55b3978b8345a70a019d52638,ea81da4d34ee1570c8dd3460a4e44f8f247a0ba0f55b701dbf5093d392e32021,negative,0,0.0,0.0,[],"[[304.3333435058594, 334.3333435058594, 371.66668701171875, 397.0], [324.0, 344.66668701171875, 360.66668701171875, 380.66668701171875]]","[0.11517333984375, 0.037322998046875]",0.11517333984375,2
272645,5e16ece0af22d218a15094477318ad741cbbd6bb3da62f99b26acb39bc7d9a57,ID_273eb9146,/home/mahsa-nasehi/Desktop/IAAA/fracture/iaaa-contest-bct/Data/training/272645/ID_273eb9146.dcm,35,172.507935,512,512,0,0,heldout_patient_fold,aa2d72a2538f26976441e6d52c8c11ca964533e55b3978b8345a70a019d52638,ea81da4d34ee1570c8dd3460a4e44f8f247a0ba0f55b701dbf5093d392e32021,negative,0,0.0,0.0,[],"[[316.0, 344.66668701171875, 352.66668701171875, 380.66668701171875], [298.66668701171875, 332.8333435058594, 365.66668701171875, 396.66668701171875]]","[0.267333984375, 0.1485595703125]",0.267333984375,2
272645,5e16ece0af22d218a15094477318ad741cbbd6bb3da62f99b26acb39bc7d9a57,ID_53d96fc78,/home/mahsa-nasehi/Desktop/IAAA/fracture/iaaa-contest-bct/Data/training/272645/ID_53d96fc78.dcm,36,177.507935,512,512,0,0,heldout_patient_fold,aa2d72a2538f26976441e6d52c8c11ca964533e55b3978b8345a70a019d52638,ea81da4d34ee1570c8dd3460a4e44f8f247a0ba0f55b701dbf5093d392e32021,negative,0,0.0,0.0,[],"[[289.3333435058594, 330.0, 357.3333435058594, 389.3333435058594], [308.0, 339.3333435058594, 344.66668701171875, 375.3333435058594]]","[0.3720703125, 0.12420654296875]",0.3720703125,2
272645,5e16ece0af22d218a15094477318ad741cbbd6bb3da62f99b26acb39bc7d9a57,ID_4454f7e5a,/home/mahsa-nasehi/Desktop/IAAA/fracture/iaaa-contest-bct/Data/training/272645/ID_4454f7e5a.dcm,37,182.507935,512,512,0,0,heldout_patient_fold,aa2d72a2538f26976441e6d52c8c11ca964533e55b3978b8345a70a019d52638,ea81da4d34ee1570c8dd3460a4e44f8f247a0ba0f55b701dbf5093d392e32021,negative,0,0.0,0.0,[],[],[],0.0,0
272645,5e16ece0af22d218a15094477318ad741cbbd6bb3da62f99b26acb39bc7d9a57,ID_2bfd3d1f8,/home/mahsa-nasehi/Desktop/IAAA/fracture/iaaa-contest-bct/Data/training/272645/ID_2bfd3d1f8.dcm,38,187.507935,512,512,0,0,heldout_patient_fold,aa2d72a2538f26976441e6d52c8c11ca964533e55b3978b8345a70a019d52638,ea81da4d34ee1570c8dd3460a4e44f8f247a0ba0f55b701dbf5093d392e32021,negative,0,0.0,0.0,[],[],[],0.0,0
272645,5e16ece0af22d218a15094477318ad741cbbd6bb3da62f99b26acb39bc7d9a57,ID_b9680870b,/home/mahsa-nasehi/Desktop/IAAA/fracture/iaaa-contest-bct/Data/training/272645/ID_b9680870b.dcm,39,192.507935,512,512,0,0,heldout_patient_fold,aa2d72a2538f26976441e6d52c8c11ca964533e55b3978b8345a70a019d52638,ea81da4d34ee1570c8dd3460a4e44f8f247a0ba0f55b701dbf5093d392e32021,negative,0,0.0,0.0,[],"[[300.16668701171875, 189.6666717529297, 336.5, 226.33334350585938]]",[0.0310211181640625],0.0310211181640625,1
272645,5e16ece0af22d218a15094477318ad741cbbd6bb3da62f99b26acb39bc7d9a57,ID_6fb2b1711,/home/mahsa-nasehi/Desktop/IAAA/fracture/iaaa-contest-bct/Data/training/272645/ID_6fb2b1711.dcm,40,197.507935,512,512,0,0,heldout_patient_fold,aa2d72a2538f26976441e6d52c8c11ca964533e55b3978b8345a70a019d52638,ea81da4d34ee1570c8dd3460a4e44f8f247a0ba0f55b701dbf5093d392e32021,negative,0,0.0,0.0,[],"[[272.66668701171875, 233.0, 338.66668701171875, 295.66668701171875]]",[0.01090240478515625],0.01090240478515625,1
272645,5e16ece0af22d218a15094477318ad741cbbd6bb3da62f99b26acb39bc7d9a57,ID_5d291bd29,/home/mahsa-nasehi/Desktop/IAAA/fracture/iaaa-contest-bct/Data/training/272645/ID_5d291bd29.dcm,41,202.507935,512,512,0,0,heldout_patient_fold,aa2d72a2538f26976441e6d52c8c11ca964533e55b3978b8345a70a019d52638,ea81da4d34ee1570c8dd3460a4e44f8f247a0ba0f55b701dbf5093d392e32021,negative,0,0.0,0.0,[],[],[],0.0,0
272645,5e16ece0af22d218a15094477318ad741cbbd6bb3da62f99b26acb39bc7d9a57,ID_55c898b2c,/home/mahsa-nasehi/Desktop/IAAA/fracture/iaaa-contest-bct/Data/training/272645/ID_55c898b2c.dcm,42,207.507935,512,512,0,0,heldout_patient_fold,aa2d72a2538f26976441e6d52c8c11ca964533e55b3978b8345a70a019d52638,ea81da4d34ee1570c8dd3460a4e44f8f247a0ba0f55b701dbf5093d392e32021,negative,0,0.0,0.0,[],[],[],0.0,0
272645,5e16ece0af22d218a15094477318ad741cbbd6bb3da62f99b26acb39bc7d9a57,ID_e89e45096,/home/mahsa-nasehi/Desktop/IAAA/fracture/iaaa-contest-bct/Data/training/272645/ID_e89e45096.dcm,43,212.507935,512,512,0,0,heldout_patient_fold,aa2d72a2538f26976441e6d52c8c11ca964533e55b3978b8345a70a019d52638,ea81da4d34ee1570c8dd3460a4e44f8f247a0ba0f55b701dbf5093d392e32021,negative,0,0.0,0.0,[],[],[],0.0,0
272645,5e16ece0af22d218a15094477318ad741cbbd6bb3da62f99b26acb39bc7d9a57,ID_5679dd318,/home/mahsa-nasehi/Desktop/IAAA/fracture/iaaa-contest-bct/Data/training/272645/ID_5679dd318.dcm,44,217.507935,512,512,0,0,heldout_patient_fold,aa2d72a2538f26976441e6d52c8c11ca964533e55b3978b8345a70a019d52638,ea81da4d34ee1570c8dd3460a4e44f8f247a0ba0f55b701dbf5093d392e32021,negative,0,0.0,0.0,[],[],[],0.0,0
272645,5e16ece0af22d218a15094477318ad741cbbd6bb3da62f99b26acb39bc7d9a57,ID_8caff5bb1,/home/mahsa-nasehi/Desktop/IAAA/fracture/iaaa-contest-bct/Data/training/272645/ID_8caff5bb1.dcm,45,222.507935,512,512,0,0,heldout_patient_fold,aa2d72a2538f26976441e6d52c8c11ca964533e55b3978b8345a70a019d52638,ea81da4d34ee1570c8dd3460a4e44f8f247a0ba0f55b701dbf5093d392e32021,negative,0,0.0,0.0,[],[],[],0.0,0
2840,768963,1.2.392.200036.9116.2.6.1.48.1211476691.1459752019.631504,/home/mahsa-nasehi/Desktop/IAAA/fracture/iaaa-contest-bct/Data/training/2840/1.2.392.200036.9116.2.6.1.48.1211476691.1459752019.631504.dcm,0,-549.0006380330001,512,512,0,0,heldout_patient_fold,aa2d72a2538f26976441e6d52c8c11ca964533e55b3978b8345a70a019d52638,ea81da4d34ee1570c8dd3460a4e44f8f247a0ba0f55b701dbf5093d392e32021,negative,0,0.0,0.0,[],[],[],0.0,0
2840,768963,1.2.392.200036.9116.2.6.1.48.1211476691.1459752019.880697,/home/mahsa-nasehi/Desktop/IAAA/fracture/iaaa-contest-bct/Data/training/2840/1.2.392.200036.9116.2.6.1.48.1211476691.1459752019.880697.dcm,1,-540.994691633,512,512,0,0,heldout_patient_fold,aa2d72a2538f26976441e6d52c8c11ca964533e55b3978b8345a70a019d52638,ea81da4d34ee1570c8dd3460a4e44f8f247a0ba0f55b701dbf5093d392e32021,negative,0,0.0,0.0,[],[],[],0.0,0
2840,768963,1.2.392.200036.9116.2.6.1.48.1211476691.1459752020.144866,/home/mahsa-nasehi/Desktop/IAAA/fracture/iaaa-contest-bct/Data/training/2840/1.2.392.200036.9116.2.6.1.48.1211476691.1459752020.144866.dcm,2,-532.998446441,512,512,0,0,heldout_patient_fold,aa2d72a2538f26976441e6d52c8c11ca964533e55b3978b8345a70a019d52638,ea81da4d34ee1570c8dd3460a4e44f8f247a0ba0f55b701dbf5093d392e32021,negative,0,0.0,0.0,[],[],[],0.0,0
2840,768963,1.2.392.200036.9116.2.6.1.48.1211476691.1459752020.406947,/home/mahsa-nasehi/Desktop/IAAA/fracture/iaaa-contest-bct/Data/training/2840/1.2.392.200036.9116.2.6.1.48.1211476691.1459752020.406947.dcm,3,-524.992500041,512,512,0,0,heldout_patient_fold,aa2d72a2538f26976441e6d52c8c11ca964533e55b3978b8345a70a019d52638,ea81da4d34ee1570c8dd3460a4e44f8f247a0ba0f55b701dbf5093d392e32021,negative,0,0.0,0.0,[],"[[367.3333435058594, 253.6666717529297, 403.3333435058594, 290.3333435058594]]",[0.0154876708984375],0.0154876708984375,1
2840,768963,1.2.392.200036.9116.2.6.1.48.1211476691.1459752023.187077,/home/mahsa-nasehi/Desktop/IAAA/fracture/iaaa-contest-bct/Data/training/2840/1.2.392.200036.9116.2.6.1.48.1211476691.1459752023.187077.dcm,4,-517.643100041,512,512,0,0,heldout_patient_fold,aa2d72a2538f26976441e6d52c8c11ca964533e55b3978b8345a70a019d52638,ea81da4d34ee1570c8dd3460a4e44f8f247a0ba0f55b701dbf5093d392e32021,negative,0,0.0,0.0,[],[],[],0.0,0
2840,768963,1.2.392.200036.9116.2.6.1.48.1211476691.1459752023.440395,/home/mahsa-nasehi/Desktop/IAAA/fracture/iaaa-contest-bct/Data/training/2840/1.2.392.200036.9116.2.6.1.48.1211476691.1459752023.440395.dcm,5,-509.637251633,512,512,0,0,heldout_patient_fold,aa2d72a2538f26976441e6d52c8c11ca964533e55b3978b8345a70a019d52638,ea81da4d34ee1570c8dd3460a4e44f8f247a0ba0f55b701dbf5093d392e32021,negative,0,0.0,0.0,[],[],[],0.0,0
2840,768963,1.2.392.200036.9116.2.6.1.48.1211476691.1459752023.708112,/home/mahsa-nasehi/Desktop/IAAA/fracture/iaaa-contest-bct/Data/training/2840/1.2.392.200036.9116.2.6.1.48.1211476691.1459752023.708112.dcm,6,-501.641104433,512,512,0,0,heldout_patient_fold,aa2d72a2538f26976441e6d52c8c11ca964533e55b3978b8345a70a019d52638,ea81da4d34ee1570c8dd3460a4e44f8f247a0ba0f55b701dbf5093d392e32021,negative,0,0.0,0.0,[],"[[152.75, 174.0, 190.0, 210.0]]",[0.0266571044921875],0.0266571044921875,1
2840,768963,1.2.392.200036.9116.2.6.1.48.1211476691.1459752023.969740,/home/mahsa-nasehi/Desktop/IAAA/fracture/iaaa-contest-bct/Data/training/2840/1.2.392.200036.9116.2.6.1.48.1211476691.1459752023.969740.dcm,7,-493.635060041,512,512,0,0,heldout_patient_fold,aa2d72a2538f26976441e6d52c8c11ca964533e55b3978b8345a70a019d52638,ea81da4d34ee1570c8dd3460a4e44f8f247a0ba0f55b701dbf5093d392e32021,negative,0,0.0,0.0,[],[],[],0.0,0
2840,768963,1.2.392.200036.9116.2.6.1.48.1211476691.1459752026.752442,/home/mahsa-nasehi/Desktop/IAAA/fracture/iaaa-contest-bct/Data/training/2840/1.2.392.200036.9116.2.6.1.48.1211476691.1459752026.752442.dcm,8,-486.28566004099997,512,512,0,0,heldout_patient_fold,aa2d72a2538f26976441e6d52c8c11ca964533e55b3978b8345a70a019d52638,ea81da4d34ee1570c8dd3460a4e44f8f247a0ba0f55b701dbf5093d392e32021,unknown,0,0.0,0.0,[],[],[],0.0,0
2840,768963,1.2.392.200036.9116.2.6.1.48.1211476691.1459752027.7285,/home/mahsa-nasehi/Desktop/IAAA/fracture/iaaa-contest-bct/Data/training/2840/1.2.392.200036.9116.2.6.1.48.1211476691.1459752027.7285.dcm,9,-478.279713641,512,512,0,0,heldout_patient_fold,aa2d72a2538f26976441e6d52c8c11ca964533e55b3978b8345a70a019d52638,ea81da4d34ee1570c8dd3460a4e44f8f247a0ba0f55b701dbf5093d392e32021,unknown,0,0.0,0.0,[],[],[],0.0,0
2840,768963,1.2.392.200036.9116.2.6.1.48.1211476691.1459752027.274579,/home/mahsa-nasehi/Desktop/IAAA/fracture/iaaa-contest-bct/Data/training/2840/1.2.392.200036.9116.2.6.1.48.1211476691.1459752027.274579.dcm,10,-470.283664433,512,512,0,0,heldout_patient_fold,aa2d72a2538f26976441e6d52c8c11ca964533e55b3978b8345a70a019d52638,ea81da4d34ee1570c8dd3460a4e44f8f247a0ba0f55b701dbf5093d392e32021,negative,0,0.0,0.0,[],[],[],0.0,0
2840,768963,1.2.392.200036.9116.2.6.1.48.1211476691.1459752027.536030,/home/mahsa-nasehi/Desktop/IAAA/fracture/iaaa-contest-bct/Data/training/2840/1.2.392.200036.9116.2.6.1.48.1211476691.1459752027.536030.dcm,11,-462.277620041,512,512,0,0,heldout_patient_fold,aa2d72a2538f26976441e6d52c8c11ca964533e55b3978b8345a70a019d52638,ea81da4d34ee1570c8dd3460a4e44f8f247a0ba0f55b701dbf5093d392e32021,negative,0,0.0,0.0,[],[],[],0.0,0
2840,768963,1.2.392.200036.9116.2.6.1.48.1211476691.1459752030.301181,/home/mahsa-nasehi/Desktop/IAAA/fracture/iaaa-contest-bct/Data/training/2840/1.2.392.200036.9116.2.6.1.48.1211476691.1459752030.301181.dcm,12,-454.928220041,512,512,0,0,heldout_patient_fold,aa2d72a2538f26976441e6d52c8c11ca964533e55b3978b8345a70a019d52638,ea81da4d34ee1570c8dd3460a4e44f8f247a0ba0f55b701dbf5093d392e32021,negative,0,0.0,0.0,[],"[[336.66668701171875, 215.6666717529297, 403.3333435058594, 279.3333435058594]]",[0.017181396484375],0.017181396484375,1
2840,768963,1.2.392.200036.9116.2.6.1.48.1211476691.1459752030.561487,/home/mahsa-nasehi/Desktop/IAAA/fracture/iaaa-contest-bct/Data/training/2840/1.2.392.200036.9116.2.6.1.48.1211476691.1459752030.561487.dcm,13,-446.922273641,512,512,0,0,heldout_patient_fold,aa2d72a2538f26976441e6d52c8c11ca964533e55b3978b8345a70a019d52638,ea81da4d34ee1570c8dd3460a4e44f8f247a0ba0f55b701dbf5093d392e32021,negative,0,0.0,0.0,[],"[[331.3333435058594, 228.6666717529297, 398.0, 290.0], [279.3333435058594, 145.33334350585938, 420.0, 313.0]]","[0.04052734375, 0.012725830078125]",0.04052734375,2
2840,768963,1.2.392.200036.9116.2.6.1.48.1211476691.1459752030.914971,/home/mahsa-nasehi/Desktop/IAAA/fracture/iaaa-contest-bct/Data/training/2840/1.2.392.200036.9116.2.6.1.48.1211476691.1459752030.914971.dcm,14,-438.926224433,512,512,0,0,heldout_patient_fold,aa2d72a2538f26976441e6d52c8c11ca964533e55b3978b8345a70a019d52638,ea81da4d34ee1570c8dd3460a4e44f8f247a0ba0f55b701dbf5093d392e32021,negative,0,0.0,0.0,[],"[[305.0, 213.33334350585938, 371.66668701171875, 272.66668701171875], [314.8333435058594, 234.33334350585938, 381.3333435058594, 295.0], [272.0, 157.08334350585938, 407.3333435058594, 323.66668701171875], [315.66668701171875, 265.0, 382.3333435058594, 326.66668701171875]]","[0.1217041015625, 0.041778564453125, 0.017578125, 0.013427734375]",0.1217041015625,4
2840,768963,1.2.392.200036.9116.2.6.1.48.1211476691.1459752031.129172,/home/mahsa-nasehi/Desktop/IAAA/fracture/iaaa-contest-bct/Data/training/2840/1.2.392.200036.9116.2.6.1.48.1211476691.1459752031.129172.dcm,15,-430.920180041,512,512,0,0,heldout_patient_fold,aa2d72a2538f26976441e6d52c8c11ca964533e55b3978b8345a70a019d52638,ea81da4d34ee1570c8dd3460a4e44f8f247a0ba0f55b701dbf5093d392e32021,negative,0,0.0,0.0,[],[],[],0.0,0
2910,769210,1.2.392.200036.9116.2.6.1.48.1211476691.1459856854.275890,/home/mahsa-nasehi/Desktop/IAAA/fracture/iaaa-contest-bct/Data/training/2910/1.2.392.200036.9116.2.6.1.48.1211476691.1459856854.275890.dcm,0,-567.047912868,512,512,0,0,heldout_patient_fold,aa2d72a2538f26976441e6d52c8c11ca964533e55b3978b8345a70a019d52638,ea81da4d34ee1570c8dd3460a4e44f8f247a0ba0f55b701dbf5093d392e32021,negative,0,0.0,0.0,[],[],[],0.0,0
2910,769210,1.2.392.200036.9116.2.6.1.48.1211476691.1459856854.521182,/home/mahsa-nasehi/Desktop/IAAA/fracture/iaaa-contest-bct/Data/training/2910/1.2.392.200036.9116.2.6.1.48.1211476691.1459856854.521182.dcm,1,-559.046531268,512,512,0,0,heldout_patient_fold,aa2d72a2538f26976441e6d52c8c11ca964533e55b3978b8345a70a019d52638,ea81da4d34ee1570c8dd3460a4e44f8f247a0ba0f55b701dbf5093d392e32021,negative,0,0.0,0.0,[],[],[],0.0,0
2910,769210,1.2.392.200036.9116.2.6.1.48.1211476691.1459856854.789486,/home/mahsa-nasehi/Desktop/IAAA/fracture/iaaa-contest-bct/Data/training/2910/1.2.392.200036.9116.2.6.1.48.1211476691.1459856854.789486.dcm,2,-551.045248695,512,512,0,0,heldout_patient_fold,aa2d72a2538f26976441e6d52c8c11ca964533e55b3978b8345a70a019d52638,ea81da4d34ee1570c8dd3460a4e44f8f247a0ba0f55b701dbf5093d392e32021,negative,0,0.0,0.0,[],[],[],0.0,0
2910,769210,1.2.392.200036.9116.2.6.1.48.1211476691.1459856855.43850,/home/mahsa-nasehi/Desktop/IAAA/fracture/iaaa-contest-bct/Data/training/2910/1.2.392.200036.9116.2.6.1.48.1211476691.1459856855.43850.dcm,3,-543.043768068,512,512,0,0,heldout_patient_fold,aa2d72a2538f26976441e6d52c8c11ca964533e55b3978b8345a70a019d52638,ea81da4d34ee1570c8dd3460a4e44f8f247a0ba0f55b701dbf5093d392e32021,negative,0,0.0,0.0,[],"[[117.66667175292969, 137.6666717529297, 183.6666717529297, 199.6666717529297], [136.83334350585938, 152.0, 173.83334350585938, 189.0]]","[0.0318603515625, 0.01384735107421875]",0.0318603515625,2
2910,769210,1.2.392.200036.9116.2.6.1.48.1211476691.1459856857.823819,/home/mahsa-nasehi/Desktop/IAAA/fracture/iaaa-contest-bct/Data/training/2910/1.2.392.200036.9116.2.6.1.48.1211476691.1459856857.823819.dcm,4,-535.3592728680001,512,512,0,0,heldout_patient_fold,aa2d72a2538f26976441e6d52c8c11ca964533e55b3978b8345a70a019d52638,ea81da4d34ee1570c8dd3460a4e44f8f247a0ba0f55b701dbf5093d392e32021,negative,0,0.0,0.0,[],"[[126.5, 152.83334350585938, 163.5, 188.5], [124.5, 179.33334350585938, 160.5, 215.33334350585938], [107.5, 168.0, 174.5, 231.33334350585938]]","[0.0616455078125, 0.03759765625, 0.019195556640625]",0.0616455078125,3
2910,769210,1.2.392.200036.9116.2.6.1.48.1211476691.1459856858.83942,/home/mahsa-nasehi/Desktop/IAAA/fracture/iaaa-contest-bct/Data/training/2910/1.2.392.200036.9116.2.6.1.48.1211476691.1459856858.83942.dcm,5,-527.357891268,512,512,0,0,heldout_patient_fold,aa2d72a2538f26976441e6d52c8c11ca964533e55b3978b8345a70a019d52638,ea81da4d34ee1570c8dd3460a4e44f8f247a0ba0f55b701dbf5093d392e32021,negative,0,0.0,0.0,[],"[[378.0, 147.5, 414.0, 183.83334350585938], [118.5, 174.0, 155.5, 210.0]]","[0.0252685546875, 0.01177978515625]",0.0252685546875,2
2910,769210,1.2.392.200036.9116.2.6.1.48.1211476691.1459856858.351030,/home/mahsa-nasehi/Desktop/IAAA/fracture/iaaa-contest-bct/Data/training/2910/1.2.392.200036.9116.2.6.1.48.1211476691.1459856858.351030.dcm,6,-519.3565096680001,512,512,0,0,heldout_patient_fold,aa2d72a2538f26976441e6d52c8c11ca964533e55b3978b8345a70a019d52638,ea81da4d34ee1570c8dd3460a4e44f8f247a0ba0f55b701dbf5093d392e32021,negative,0,0.0,0.0,[],"[[383.3333435058594, 149.83334350585938, 419.3333435058594, 186.5], [115.5, 171.5, 152.6666717529297, 206.83334350585938], [299.3333435058594, 28.0, 441.3333435058594, 200.6666717529297]]","[0.0153045654296875, 0.0110321044921875, 0.0103302001953125]",0.0153045654296875,3
2910,769210,1.2.392.200036.9116.2.6.1.48.1211476691.1459856858.609775,/home/mahsa-nasehi/Desktop/IAAA/fracture/iaaa-contest-bct/Data/training/2910/1.2.392.200036.9116.2.6.1.48.1211476691.1459856858.609775.dcm,7,-511.355128068,512,512,0,0,heldout_patient_fold,aa2d72a2538f26976441e6d52c8c11ca964533e55b3978b8345a70a019d52638,ea81da4d34ee1570c8dd3460a4e44f8f247a0ba0f55b701dbf5093d392e32021,negative,0,0.0,0.0,[],"[[301.3333435058594, 39.66666793823242, 440.0, 208.83334350585938]]",[0.0135345458984375],0.0135345458984375,1
2910,769210,1.2.392.200036.9116.2.6.1.48.1211476691.1459856861.393469,/home/mahsa-nasehi/Desktop/IAAA/fracture/iaaa-contest-bct/Data/training/2910/1.2.392.200036.9116.2.6.1.48.1211476691.1459856861.393469.dcm,8,-503.670632868,512,512,0,0,heldout_patient_fold,aa2d72a2538f26976441e6d52c8c11ca964533e55b3978b8345a70a019d52638,ea81da4d34ee1570c8dd3460a4e44f8f247a0ba0f55b701dbf5093d392e32021,negative,0,0.0,0.0,[],[],[],0.0,0
2910,769210,1.2.392.200036.9116.2.6.1.48.1211476691.1459856861.652018,/home/mahsa-nasehi/Desktop/IAAA/fracture/iaaa-contest-bct/Data/training/2910/1.2.392.200036.9116.2.6.1.48.1211476691.1459856861.652018.dcm,9,-495.669251268,512,512,0,0,heldout_patient_fold,aa2d72a2538f26976441e6d52c8c11ca964533e55b3978b8345a70a019d52638,ea81da4d34ee1570c8dd3460a4e44f8f247a0ba0f55b701dbf5093d392e32021,negative,0,0.0,0.0,[],[],[],0.0,0
2910,769210,1.2.392.200036.9116.2.6.1.48.1211476691.1459856861.919982,/home/mahsa-nasehi/Desktop/IAAA/fracture/iaaa-contest-bct/Data/training/2910/1.2.392.200036.9116.2.6.1.48.1211476691.1459856861.919982.dcm,10,-487.667869668,512,512,0,0,heldout_patient_fold,aa2d72a2538f26976441e6d52c8c11ca964533e55b3978b8345a70a019d52638,ea81da4d34ee1570c8dd3460a4e44f8f247a0ba0f55b701dbf5093d392e32021,negative,0,0.0,0.0,[],[],[],0.0,0
2910,769210,1.2.392.200036.9116.2.6.1.48.1211476691.1459856862.175249,/home/mahsa-nasehi/Desktop/IAAA/fracture/iaaa-contest-bct/Data/training/2910/1.2.392.200036.9116.2.6.1.48.1211476691.1459856862.175249.dcm,11,-479.66648806800004,512,512,0,0,heldout_patient_fold,aa2d72a2538f26976441e6d52c8c11ca964533e55b3978b8345a70a019d52638,ea81da4d34ee1570c8dd3460a4e44f8f247a0ba0f55b701dbf5093d392e32021,negative,0,0.0,0.0,[],"[[289.0, 90.83333587646484, 437.66668701171875, 266.8333435058594]]",[0.0129241943359375],0.0129241943359375,1
2910,769210,1.2.392.200036.9116.2.6.1.48.1211476691.1459856864.940971,/home/mahsa-nasehi/Desktop/IAAA/fracture/iaaa-contest-bct/Data/training/2910/1.2.392.200036.9116.2.6.1.48.1211476691.1459856864.940971.dcm,12,-471.98199286799996,512,512,0,0,heldout_patient_fold,aa2d72a2538f26976441e6d52c8c11ca964533e55b3978b8345a70a019d52638,ea81da4d34ee1570c8dd3460a4e44f8f247a0ba0f55b701dbf5093d392e32021,negative,0,0.0,0.0,[],"[[279.8333435058594, 102.91667175292969, 424.0, 275.0]]",[0.01107025146484375],0.01107025146484375,1
2910,769210,1.2.392.200036.9116.2.6.1.48.1211476691.1459856865.195255,/home/mahsa-nasehi/Desktop/IAAA/fracture/iaaa-contest-bct/Data/training/2910/1.2.392.200036.9116.2.6.1.48.1211476691.1459856865.195255.dcm,13,-463.98061126799996,512,512,0,0,heldout_patient_fold,aa2d72a2538f26976441e6d52c8c11ca964533e55b3978b8345a70a019d52638,ea81da4d34ee1570c8dd3460a4e44f8f247a0ba0f55b701dbf5093d392e32021,negative,0,0.0,0.0,[],[],[],0.0,0
2910,769210,1.2.392.200036.9116.2.6.1.48.1211476691.1459856865.459396,/home/mahsa-nasehi/Desktop/IAAA/fracture/iaaa-contest-bct/Data/training/2910/1.2.392.200036.9116.2.6.1.48.1211476691.1459856865.459396.dcm,14,-455.979229668,512,512,0,0,heldout_patient_fold,aa2d72a2538f26976441e6d52c8c11ca964533e55b3978b8345a70a019d52638,ea81da4d34ee1570c8dd3460a4e44f8f247a0ba0f55b701dbf5093d392e32021,negative,0,0.0,0.0,[],[],[],0.0,0
2910,769210,1.2.392.200036.9116.2.6.1.48.1211476691.1459856865.722232,/home/mahsa-nasehi/Desktop/IAAA/fracture/iaaa-contest-bct/Data/training/2910/1.2.392.200036.9116.2.6.1.48.1211476691.1459856865.722232.dcm,15,-447.977848068,512,512,0,0,heldout_patient_fold,aa2d72a2538f26976441e6d52c8c11ca964533e55b3978b8345a70a019d52638,ea81da4d34ee1570c8dd3460a4e44f8f247a0ba0f55b701dbf5093d392e32021,negative,0,0.0,0.0,[],[],[],0.0,0
2913,769213,1.2.392.200036.9116.2.6.1.48.1211476691.1459886450.273752,/home/mahsa-nasehi/Desktop/IAAA/fracture/iaaa-contest-bct/Data/training/2913/1.2.392.200036.9116.2.6.1.48.1211476691.1459886450.273752.dcm,0,-613.0,512,512,0,0,heldout_patient_fold,aa2d72a2538f26976441e6d52c8c11ca964533e55b3978b8345a70a019d52638,ea81da4d34ee1570c8dd3460a4e44f8f247a0ba0f55b701dbf5093d392e32021,negative,0,0.0,0.0,[],[],[],0.0,0
2913,769213,1.2.392.200036.9116.2.6.1.48.1211476691.1459886450.523277,/home/mahsa-nasehi/Desktop/IAAA/fracture/iaaa-contest-bct/Data/training/2913/1.2.392.200036.9116.2.6.1.48.1211476691.1459886450.523277.dcm,1,-605.0,512,512,0,0,heldout_patient_fold,aa2d72a2538f26976441e6d52c8c11ca964533e55b3978b8345a70a019d52638,ea81da4d34ee1570c8dd3460a4e44f8f247a0ba0f55b701dbf5093d392e32021,negative,0,0.0,0.0,[],[],[],0.0,0
2913,769213,1.2.392.200036.9116.2.6.1.48.1211476691.1459886450.790758,/home/mahsa-nasehi/Desktop/IAAA/fracture/iaaa-contest-bct/Data/training/2913/1.2.392.200036.9116.2.6.1.48.1211476691.1459886450.790758.dcm,2,-597.0,512,512,0,0,heldout_patient_fold,aa2d72a2538f26976441e6d52c8c11ca964533e55b3978b8345a70a019d52638,ea81da4d34ee1570c8dd3460a4e44f8f247a0ba0f55b701dbf5093d392e32021,negative,0,0.0,0.0,[],[],[],0.0,0
2913,769213,1.2.392.200036.9116.2.6.1.48.1211476691.1459886451.49504,/home/mahsa-nasehi/Desktop/IAAA/fracture/iaaa-contest-bct/Data/training/2913/1.2.392.200036.9116.2.6.1.48.1211476691.1459886451.49504.dcm,3,-589.0,512,512,0,0,heldout_patient_fold,aa2d72a2538f26976441e6d52c8c11ca964533e55b3978b8345a70a019d52638,ea81da4d34ee1570c8dd3460a4e44f8f247a0ba0f55b701dbf5093d392e32021,negative,0,0.0,0.0,[],[],[],0.0,0
2913,769213,1.2.392.200036.9116.2.6.1.48.1211476691.1459886453.357658,/home/mahsa-nasehi/Desktop/IAAA/fracture/iaaa-contest-bct/Data/training/2913/1.2.392.200036.9116.2.6.1.48.1211476691.1459886453.357658.dcm,4,-581.0,512,512,0,0,heldout_patient_fold,aa2d72a2538f26976441e6d52c8c11ca964533e55b3978b8345a70a019d52638,ea81da4d34ee1570c8dd3460a4e44f8f247a0ba0f55b701dbf5093d392e32021,negative,0,0.0,0.0,[],[],[],0.0,0
2913,769213,1.2.392.200036.9116.2.6.1.48.1211476691.1459886453.607675,/home/mahsa-nasehi/Desktop/IAAA/fracture/iaaa-contest-bct/Data/training/2913/1.2.392.200036.9116.2.6.1.48.1211476691.1459886453.607675.dcm,5,-573.0,512,512,0,0,heldout_patient_fold,aa2d72a2538f26976441e6d52c8c11ca964533e55b3978b8345a70a019d52638,ea81da4d34ee1570c8dd3460a4e44f8f247a0ba0f55b701dbf5093d392e32021,negative,0,0.0,0.0,[],"[[113.5, 150.0, 149.83334350585938, 186.1666717529297], [100.58333587646484, 294.3333435058594, 136.25, 330.3333435058594], [97.0, 137.5, 162.6666717529297, 198.83334350585938]]","[0.0236053466796875, 0.01519012451171875, 0.0112457275390625]",0.0236053466796875,3
2913,769213,1.2.392.200036.9116.2.6.1.48.1211476691.1459886453.873923,/home/mahsa-nasehi/Desktop/IAAA/fracture/iaaa-contest-bct/Data/training/2913/1.2.392.200036.9116.2.6.1.48.1211476691.1459886453.873923.dcm,6,-565.0,512,512,0,0,heldout_patient_fold,aa2d72a2538f26976441e6d52c8c11ca964533e55b3978b8345a70a019d52638,ea81da4d34ee1570c8dd3460a4e44f8f247a0ba0f55b701dbf5093d392e32021,unknown,0,0.0,0.0,[],"[[107.58333587646484, 149.83334350585938, 144.58334350585938, 185.83334350585938]]",[0.01116180419921875],0.01116180419921875,1
2913,769213,1.2.392.200036.9116.2.6.1.48.1211476691.1459886454.138543,/home/mahsa-nasehi/Desktop/IAAA/fracture/iaaa-contest-bct/Data/training/2913/1.2.392.200036.9116.2.6.1.48.1211476691.1459886454.138543.dcm,7,-557.0,512,512,0,0,heldout_patient_fold,aa2d72a2538f26976441e6d52c8c11ca964533e55b3978b8345a70a019d52638,ea81da4d34ee1570c8dd3460a4e44f8f247a0ba0f55b701dbf5093d392e32021,unknown,0,0.0,0.0,[],[],[],0.0,0
2913,769213,1.2.392.200036.9116.2.6.1.48.1211476691.1459886456.438751,/home/mahsa-nasehi/Desktop/IAAA/fracture/iaaa-contest-bct/Data/training/2913/1.2.392.200036.9116.2.6.1.48.1211476691.1459886456.438751.dcm,8,-549.0,512,512,0,0,heldout_patient_fold,aa2d72a2538f26976441e6d52c8c11ca964533e55b3978b8345a70a019d52638,ea81da4d34ee1570c8dd3460a4e44f8f247a0ba0f55b701dbf5093d392e32021,unknown,0,0.0,0.0,[],[],[],0.0,0
2913,769213,1.2.392.200036.9116.2.6.1.48.1211476691.1459886456.695077,/home/mahsa-nasehi/Desktop/IAAA/fracture/iaaa-contest-bct/Data/training/2913/1.2.392.200036.9116.2.6.1.48.1211476691.1459886456.695077.dcm,9,-541.0,512,512,0,0,heldout_patient_fold,aa2d72a2538f26976441e6d52c8c11ca964533e55b3978b8345a70a019d52638,ea81da4d34ee1570c8dd3460a4e44f8f247a0ba0f55b701dbf5093d392e32021,unknown,0,0.0,0.0,[],"[[89.66667175292969, 270.16668701171875, 126.0, 306.16668701171875], [356.3333435058594, 280.3333435058594, 393.0, 317.0]]","[0.034088134765625, 0.01229095458984375]",0.034088134765625,2
2913,769213,1.2.392.200036.9116.2.6.1.48.1211476691.1459886456.960685,/home/mahsa-nasehi/Desktop/IAAA/fracture/iaaa-contest-bct/Data/training/2913/1.2.392.200036.9116.2.6.1.48.1211476691.1459886456.960685.dcm,10,-533.0,512,512,0,0,heldout_patient_fold,aa2d72a2538f26976441e6d52c8c11ca964533e55b3978b8345a70a019d52638,ea81da4d34ee1570c8dd3460a4e44f8f247a0ba0f55b701dbf5093d392e32021,unknown,0,0.0,0.0,[],[],[],0.0,0
2913,769213,1.2.392.200036.9116.2.6.1.48.1211476691.1459886457.219982,/home/mahsa-nasehi/Desktop/IAAA/fracture/iaaa-contest-bct/Data/training/2913/1.2.392.200036.9116.2.6.1.48.1211476691.1459886457.219982.dcm,11,-525.0,512,512,0,0,heldout_patient_fold,aa2d72a2538f26976441e6d52c8c11ca964533e55b3978b8345a70a019d52638,ea81da4d34ee1570c8dd3460a4e44f8f247a0ba0f55b701dbf5093d392e32021,unknown,0,0.0,0.0,[],"[[356.0, 288.66668701171875, 392.66668701171875, 324.66668701171875], [337.16668701171875, 279.3333435058594, 402.66668701171875, 341.3333435058594]]","[0.06561279296875, 0.0218658447265625]",0.06561279296875,2
2913,769213,1.2.392.200036.9116.2.6.1.48.1211476691.1459886459.524057,/home/mahsa-nasehi/Desktop/IAAA/fracture/iaaa-contest-bct/Data/training/2913/1.2.392.200036.9116.2.6.1.48.1211476691.1459886459.524057.dcm,12,-517.0,512,512,0,0,heldout_patient_fold,aa2d72a2538f26976441e6d52c8c11ca964533e55b3978b8345a70a019d52638,ea81da4d34ee1570c8dd3460a4e44f8f247a0ba0f55b701dbf5093d392e32021,negative,0,0.0,0.0,[],[],[],0.0,0
2913,769213,1.2.392.200036.9116.2.6.1.48.1211476691.1459886459.774343,/home/mahsa-nasehi/Desktop/IAAA/fracture/iaaa-contest-bct/Data/training/2913/1.2.392.200036.9116.2.6.1.48.1211476691.1459886459.774343.dcm,13,-509.0,512,512,0,0,heldout_patient_fold,aa2d72a2538f26976441e6d52c8c11ca964533e55b3978b8345a70a019d52638,ea81da4d34ee1570c8dd3460a4e44f8f247a0ba0f55b701dbf5093d392e32021,unknown,0,0.0,0.0,[],"[[305.0, 168.83334350585938, 373.0, 231.5], [339.5, 307.66668701171875, 376.66668701171875, 343.0], [326.16668701171875, 275.66668701171875, 392.66668701171875, 337.0], [294.3333435058594, 139.1666717529297, 359.66668701171875, 199.0]]","[0.139892578125, 0.03271484375, 0.018768310546875, 0.0131683349609375]",0.139892578125,4
2913,769213,1.2.392.200036.9116.2.6.1.48.1211476691.1459886460.41224,/home/mahsa-nasehi/Desktop/IAAA/fracture/iaaa-contest-bct/Data/training/2913/1.2.392.200036.9116.2.6.1.48.1211476691.1459886460.41224.dcm,14,-501.0,512,512,0,0,heldout_patient_fold,aa2d72a2538f26976441e6d52c8c11ca964533e55b3978b8345a70a019d52638,ea81da4d34ee1570c8dd3460a4e44f8f247a0ba0f55b701dbf5093d392e32021,negative,0,0.0,0.0,[],"[[283.66668701171875, 165.0, 351.0, 224.6666717529297], [305.0, 200.6666717529297, 372.3333435058594, 263.3333435058594]]","[0.193115234375, 0.01512908935546875]",0.193115234375,2
2913,769213,1.2.392.200036.9116.2.6.1.48.1211476691.1459886460.303139,/home/mahsa-nasehi/Desktop/IAAA/fracture/iaaa-contest-bct/Data/training/2913/1.2.392.200036.9116.2.6.1.48.1211476691.1459886460.303139.dcm,15,-493.0,512,512,0,0,heldout_patient_fold,aa2d72a2538f26976441e6d52c8c11ca964533e55b3978b8345a70a019d52638,ea81da4d34ee1570c8dd3460a4e44f8f247a0ba0f55b701dbf5093d392e32021,negative,0,0.0,0.0,[],[],[],0.0,0
2947,769338,1.2.392.200036.9116.2.6.1.48.1211476691.1459924661.9593,/home/mahsa-nasehi/Desktop/IAAA/fracture/iaaa-contest-bct/Data/training/2947/1.2.392.200036.9116.2.6.1.48.1211476691.1459924661.9593.dcm,0,-562.719436851,512,512,0,0,heldout_patient_fold,aa2d72a2538f26976441e6d52c8c11ca964533e55b3978b8345a70a019d52638,ea81da4d34ee1570c8dd3460a4e44f8f247a0ba0f55b701dbf5093d392e32021,negative,0,0.0,0.0,[],[],[],0.0,0
2947,769338,1.2.392.200036.9116.2.6.1.48.1211476691.1459924661.263836,/home/mahsa-nasehi/Desktop/IAAA/fracture/iaaa-contest-bct/Data/training/2947/1.2.392.200036.9116.2.6.1.48.1211476691.1459924661.263836.dcm,1,-554.713490451,512,512,0,0,heldout_patient_fold,aa2d72a2538f26976441e6d52c8c11ca964533e55b3978b8345a70a019d52638,ea81da4d34ee1570c8dd3460a4e44f8f247a0ba0f55b701dbf5093d392e32021,negative,0,0.0,0.0,[],[],[],0.0,0
2947,769338,1.2.392.200036.9116.2.6.1.48.1211476691.1459924661.529015,/home/mahsa-nasehi/Desktop/IAAA/fracture/iaaa-contest-bct/Data/training/2947/1.2.392.200036.9116.2.6.1.48.1211476691.1459924661.529015.dcm,2,-546.7173432510001,512,512,0,0,heldout_patient_fold,aa2d72a2538f26976441e6d52c8c11ca964533e55b3978b8345a70a019d52638,ea81da4d34ee1570c8dd3460a4e44f8f247a0ba0f55b701dbf5093d392e32021,negative,0,0.0,0.0,[],[],[],0.0,0
2947,769338,1.2.392.200036.9116.2.6.1.48.1211476691.1459924661.783267,/home/mahsa-nasehi/Desktop/IAAA/fracture/iaaa-contest-bct/Data/training/2947/1.2.392.200036.9116.2.6.1.48.1211476691.1459924661.783267.dcm,3,-538.711396851,512,512,0,0,heldout_patient_fold,aa2d72a2538f26976441e6d52c8c11ca964533e55b3978b8345a70a019d52638,ea81da4d34ee1570c8dd3460a4e44f8f247a0ba0f55b701dbf5093d392e32021,negative,0,0.0,0.0,[],[],[],0.0,0
2947,769338,1.2.392.200036.9116.2.6.1.48.1211476691.1459924664.551201,/home/mahsa-nasehi/Desktop/IAAA/fracture/iaaa-contest-bct/Data/training/2947/1.2.392.200036.9116.2.6.1.48.1211476691.1459924664.551201.dcm,4,-531.361996851,512,512,0,0,heldout_patient_fold,aa2d72a2538f26976441e6d52c8c11ca964533e55b3978b8345a70a019d52638,ea81da4d34ee1570c8dd3460a4e44f8f247a0ba0f55b701dbf5093d392e32021,negative,0,0.0,0.0,[],[],[],0.0,0
2947,769338,1.2.392.200036.9116.2.6.1.48.1211476691.1459924664.812298,/home/mahsa-nasehi/Desktop/IAAA/fracture/iaaa-contest-bct/Data/training/2947/1.2.392.200036.9116.2.6.1.48.1211476691.1459924664.812298.dcm,5,-523.356050451,512,512,0,0,heldout_patient_fold,aa2d72a2538f26976441e6d52c8c11ca964533e55b3978b8345a70a019d52638,ea81da4d34ee1570c8dd3460a4e44f8f247a0ba0f55b701dbf5093d392e32021,negative,0,0.0,0.0,[],[],[],0.0,0
2947,769338,1.2.392.200036.9116.2.6.1.48.1211476691.1459924665.76334,/home/mahsa-nasehi/Desktop/IAAA/fracture/iaaa-contest-bct/Data/training/2947/1.2.392.200036.9116.2.6.1.48.1211476691.1459924665.76334.dcm,6,-515.359903251,512,512,0,0,heldout_patient_fold,aa2d72a2538f26976441e6d52c8c11ca964533e55b3978b8345a70a019d52638,ea81da4d34ee1570c8dd3460a4e44f8f247a0ba0f55b701dbf5093d392e32021,negative,0,0.0,0.0,[],[],[],0.0,0
2947,769338,1.2.392.200036.9116.2.6.1.48.1211476691.1459924665.332472,/home/mahsa-nasehi/Desktop/IAAA/fracture/iaaa-contest-bct/Data/training/2947/1.2.392.200036.9116.2.6.1.48.1211476691.1459924665.332472.dcm,7,-507.35395685099996,512,512,0,0,heldout_patient_fold,aa2d72a2538f26976441e6d52c8c11ca964533e55b3978b8345a70a019d52638,ea81da4d34ee1570c8dd3460a4e44f8f247a0ba0f55b701dbf5093d392e32021,negative,0,0.0,0.0,[],[],[],0.0,0
2947,769338,1.2.392.200036.9116.2.6.1.48.1211476691.1459924668.83288,/home/mahsa-nasehi/Desktop/IAAA/fracture/iaaa-contest-bct/Data/training/2947/1.2.392.200036.9116.2.6.1.48.1211476691.1459924668.83288.dcm,8,-500.00455685099996,512,512,0,0,heldout_patient_fold,aa2d72a2538f26976441e6d52c8c11ca964533e55b3978b8345a70a019d52638,ea81da4d34ee1570c8dd3460a4e44f8f247a0ba0f55b701dbf5093d392e32021,negative,0,0.0,0.0,[],"[[302.66668701171875, 29.5, 438.66668701171875, 199.0]]",[0.0100555419921875],0.0100555419921875,1
2947,769338,1.2.392.200036.9116.2.6.1.48.1211476691.1459924668.364002,/home/mahsa-nasehi/Desktop/IAAA/fracture/iaaa-contest-bct/Data/training/2947/1.2.392.200036.9116.2.6.1.48.1211476691.1459924668.364002.dcm,9,-491.998512459,512,512,0,0,heldout_patient_fold,aa2d72a2538f26976441e6d52c8c11ca964533e55b3978b8345a70a019d52638,ea81da4d34ee1570c8dd3460a4e44f8f247a0ba0f55b701dbf5093d392e32021,negative,0,0.0,0.0,[],"[[373.3333435058594, 151.0, 441.3333435058594, 214.6666717529297], [320.66668701171875, 80.33333587646484, 467.3333435058594, 254.0], [358.66668701171875, 119.83333587646484, 424.66668701171875, 183.0]]","[0.01495361328125, 0.01406097412109375, 0.012237548828125]",0.01495361328125,3
2947,769338,1.2.392.200036.9116.2.6.1.48.1211476691.1459924668.610410,/home/mahsa-nasehi/Desktop/IAAA/fracture/iaaa-contest-bct/Data/training/2947/1.2.392.200036.9116.2.6.1.48.1211476691.1459924668.610410.dcm,10,-484.002463251,512,512,0,0,heldout_patient_fold,aa2d72a2538f26976441e6d52c8c11ca964533e55b3978b8345a70a019d52638,ea81da4d34ee1570c8dd3460a4e44f8f247a0ba0f55b701dbf5093d392e32021,negative,0,0.0,0.0,[],"[[358.3333435058594, 144.0, 425.0, 204.6666717529297]]",[0.10595703125],0.10595703125,1
2947,769338,1.2.392.200036.9116.2.6.1.48.1211476691.1459924668.867120,/home/mahsa-nasehi/Desktop/IAAA/fracture/iaaa-contest-bct/Data/training/2947/1.2.392.200036.9116.2.6.1.48.1211476691.1459924668.867120.dcm,11,-475.99651685099997,512,512,0,0,heldout_patient_fold,aa2d72a2538f26976441e6d52c8c11ca964533e55b3978b8345a70a019d52638,ea81da4d34ee1570c8dd3460a4e44f8f247a0ba0f55b701dbf5093d392e32021,negative,0,0.0,0.0,[],"[[342.0, 142.83334350585938, 408.66668701171875, 204.5], [292.0, 82.83333587646484, 429.3333435058594, 252.33334350585938]]","[0.0206451416015625, 0.015838623046875]",0.0206451416015625,2
2947,769338,1.2.392.200036.9116.2.6.1.48.1211476691.1459924671.797417,/home/mahsa-nasehi/Desktop/IAAA/fracture/iaaa-contest-bct/Data/training/2947/1.2.392.200036.9116.2.6.1.48.1211476691.1459924671.797417.dcm,12,-468.64711685099996,512,512,0,0,heldout_patient_fold,aa2d72a2538f26976441e6d52c8c11ca964533e55b3978b8345a70a019d52638,ea81da4d34ee1570c8dd3460a4e44f8f247a0ba0f55b701dbf5093d392e32021,negative,0,0.0,0.0,[],[],[],0.0,0
2947,769338,1.2.392.200036.9116.2.6.1.48.1211476691.1459924672.55420,/home/mahsa-nasehi/Desktop/IAAA/fracture/iaaa-contest-bct/Data/training/2947/1.2.392.200036.9116.2.6.1.48.1211476691.1459924672.55420.dcm,13,-460.641072459,512,512,0,0,heldout_patient_fold,aa2d72a2538f26976441e6d52c8c11ca964533e55b3978b8345a70a019d52638,ea81da4d34ee1570c8dd3460a4e44f8f247a0ba0f55b701dbf5093d392e32021,negative,0,0.0,0.0,[],[],[],0.0,0
2947,769338,1.2.392.200036.9116.2.6.1.48.1211476691.1459924672.318352,/home/mahsa-nasehi/Desktop/IAAA/fracture/iaaa-contest-bct/Data/training/2947/1.2.392.200036.9116.2.6.1.48.1211476691.1459924672.318352.dcm,14,-452.645023251,512,512,0,0,heldout_patient_fold,aa2d72a2538f26976441e6d52c8c11ca964533e55b3978b8345a70a019d52638,ea81da4d34ee1570c8dd3460a4e44f8f247a0ba0f55b701dbf5093d392e32021,negative,0,0.0,0.0,[],[],[],0.0,0
2947,769338,1.2.392.200036.9116.2.6.1.48.1211476691.1459924672.576410,/home/mahsa-nasehi/Desktop/IAAA/fracture/iaaa-contest-bct/Data/training/2947/1.2.392.200036.9116.2.6.1.48.1211476691.1459924672.576410.dcm,15,-444.63907685099997,512,512,0,0,heldout_patient_fold,aa2d72a2538f26976441e6d52c8c11ca964533e55b3978b8345a70a019d52638,ea81da4d34ee1570c8dd3460a4e44f8f247a0ba0f55b701dbf5093d392e32021,negative,0,0.0,0.0,[],[],[],0.0,0
3053,770488,1.2.392.200036.9116.2.6.1.48.1211476691.1460556944.949582,/home/mahsa-nasehi/Desktop/IAAA/fracture/iaaa-contest-bct/Data/training/3053/1.2.392.200036.9116.2.6.1.48.1211476691.1460556944.949582.dcm,0,-541.0,512,512,0,0,heldout_patient_fold,aa2d72a2538f26976441e6d52c8c11ca964533e55b3978b8345a70a019d52638,ea81da4d34ee1570c8dd3460a4e44f8f247a0ba0f55b701dbf5093d392e32021,negative,0,0.0,0.0,[],[],[],0.0,0
3053,770488,1.2.392.200036.9116.2.6.1.48.1211476691.1460556945.201372,/home/mahsa-nasehi/Desktop/IAAA/fracture/iaaa-contest-bct/Data/training/3053/1.2.392.200036.9116.2.6.1.48.1211476691.1460556945.201372.dcm,1,-533.0,512,512,0,0,heldout_patient_fold,aa2d72a2538f26976441e6d52c8c11ca964533e55b3978b8345a70a019d52638,ea81da4d34ee1570c8dd3460a4e44f8f247a0ba0f55b701dbf5093d392e32021,negative,0,0.0,0.0,[],[],[],0.0,0
3053,770488,1.2.392.200036.9116.2.6.1.48.1211476691.1460556945.465864,/home/mahsa-nasehi/Desktop/IAAA/fracture/iaaa-contest-bct/Data/training/3053/1.2.392.200036.9116.2.6.1.48.1211476691.1460556945.465864.dcm,2,-525.0,512,512,0,0,heldout_patient_fold,aa2d72a2538f26976441e6d52c8c11ca964533e55b3978b8345a70a019d52638,ea81da4d34ee1570c8dd3460a4e44f8f247a0ba0f55b701dbf5093d392e32021,negative,0,0.0,0.0,[],[],[],0.0,0
3053,770488,1.2.392.200036.9116.2.6.1.48.1211476691.1460556945.724510,/home/mahsa-nasehi/Desktop/IAAA/fracture/iaaa-contest-bct/Data/training/3053/1.2.392.200036.9116.2.6.1.48.1211476691.1460556945.724510.dcm,3,-517.0,512,512,0,0,heldout_patient_fold,aa2d72a2538f26976441e6d52c8c11ca964533e55b3978b8345a70a019d52638,ea81da4d34ee1570c8dd3460a4e44f8f247a0ba0f55b701dbf5093d392e32021,negative,0,0.0,0.0,[],"[[128.5, 158.1666717529297, 196.1666717529297, 221.1666717529297]]",[0.0143890380859375],0.0143890380859375,1
3053,770488,1.2.392.200036.9116.2.6.1.48.1211476691.1460556948.50242,/home/mahsa-nasehi/Desktop/IAAA/fracture/iaaa-contest-bct/Data/training/3053/1.2.392.200036.9116.2.6.1.48.1211476691.1460556948.50242.dcm,4,-509.0,512,512,0,0,heldout_patient_fold,aa2d72a2538f26976441e6d52c8c11ca964533e55b3978b8345a70a019d52638,ea81da4d34ee1570c8dd3460a4e44f8f247a0ba0f55b701dbf5093d392e32021,negative,0,0.0,0.0,[],"[[132.33334350585938, 185.0, 168.6666717529297, 221.0]]",[0.054595947265625],0.054595947265625,1
3053,770488,1.2.392.200036.9116.2.6.1.48.1211476691.1460556948.300320,/home/mahsa-nasehi/Desktop/IAAA/fracture/iaaa-contest-bct/Data/training/3053/1.2.392.200036.9116.2.6.1.48.1211476691.1460556948.300320.dcm,5,-501.0,512,512,0,0,heldout_patient_fold,aa2d72a2538f26976441e6d52c8c11ca964533e55b3978b8345a70a019d52638,ea81da4d34ee1570c8dd3460a4e44f8f247a0ba0f55b701dbf5093d392e32021,negative,0,0.0,0.0,[],"[[126.5, 184.83334350585938, 163.5, 220.5]]",[0.1883544921875],0.1883544921875,1
3053,770488,1.2.392.200036.9116.2.6.1.48.1211476691.1460556948.566133,/home/mahsa-nasehi/Desktop/IAAA/fracture/iaaa-contest-bct/Data/training/3053/1.2.392.200036.9116.2.6.1.48.1211476691.1460556948.566133.dcm,6,-493.0,512,512,0,0,heldout_patient_fold,aa2d72a2538f26976441e6d52c8c11ca964533e55b3978b8345a70a019d52638,ea81da4d34ee1570c8dd3460a4e44f8f247a0ba0f55b701dbf5093d392e32021,negative,0,0.0,0.0,[],[],[],0.0,0
3053,770488,1.2.392.200036.9116.2.6.1.48.1211476691.1460556948.825189,/home/mahsa-nasehi/Desktop/IAAA/fracture/iaaa-contest-bct/Data/training/3053/1.2.392.200036.9116.2.6.1.48.1211476691.1460556948.825189.dcm,7,-485.0,512,512,0,0,heldout_patient_fold,aa2d72a2538f26976441e6d52c8c11ca964533e55b3978b8345a70a019d52638,ea81da4d34ee1570c8dd3460a4e44f8f247a0ba0f55b701dbf5093d392e32021,negative,0,0.0,0.0,[],"[[115.91667175292969, 179.33334350585938, 152.58334350585938, 215.6666717529297]]",[0.08154296875],0.08154296875,1
3053,770488,1.2.392.200036.9116.2.6.1.48.1211476691.1460556951.141825,/home/mahsa-nasehi/Desktop/IAAA/fracture/iaaa-contest-bct/Data/training/3053/1.2.392.200036.9116.2.6.1.48.1211476691.1460556951.141825.dcm,8,-477.0,512,512,0,0,heldout_patient_fold,aa2d72a2538f26976441e6d52c8c11ca964533e55b3978b8345a70a019d52638,ea81da4d34ee1570c8dd3460a4e44f8f247a0ba0f55b701dbf5093d392e32021,negative,0,0.0,0.0,[],[],[],0.0,0
3053,770488,1.2.392.200036.9116.2.6.1.48.1211476691.1460556951.401568,/home/mahsa-nasehi/Desktop/IAAA/fracture/iaaa-contest-bct/Data/training/3053/1.2.392.200036.9116.2.6.1.48.1211476691.1460556951.401568.dcm,9,-469.0,512,512,0,0,heldout_patient_fold,aa2d72a2538f26976441e6d52c8c11ca964533e55b3978b8345a70a019d52638,ea81da4d34ee1570c8dd3460a4e44f8f247a0ba0f55b701dbf5093d392e32021,negative,0,0.0,0.0,[],[],[],0.0,0
3053,770488,1.2.392.200036.9116.2.6.1.48.1211476691.1460556951.667605,/home/mahsa-nasehi/Desktop/IAAA/fracture/iaaa-contest-bct/Data/training/3053/1.2.392.200036.9116.2.6.1.48.1211476691.1460556951.667605.dcm,10,-461.0,512,512,0,0,heldout_patient_fold,aa2d72a2538f26976441e6d52c8c11ca964533e55b3978b8345a70a019d52638,ea81da4d34ee1570c8dd3460a4e44f8f247a0ba0f55b701dbf5093d392e32021,negative,0,0.0,0.0,[],"[[339.66668701171875, 165.25, 376.3333435058594, 202.0], [369.3333435058594, 264.5, 406.0, 300.8333435058594], [325.3333435058594, 153.83334350585938, 391.3333435058594, 215.83334350585938]]","[0.0171051025390625, 0.0144500732421875, 0.0119171142578125]",0.0171051025390625,3
3053,770488,1.2.392.200036.9116.2.6.1.48.1211476691.1460556951.923556,/home/mahsa-nasehi/Desktop/IAAA/fracture/iaaa-contest-bct/Data/training/3053/1.2.392.200036.9116.2.6.1.48.1211476691.1460556951.923556.dcm,11,-453.0,512,512,0,0,heldout_patient_fold,aa2d72a2538f26976441e6d52c8c11ca964533e55b3978b8345a70a019d52638,ea81da4d34ee1570c8dd3460a4e44f8f247a0ba0f55b701dbf5093d392e32021,negative,0,0.0,0.0,[],"[[113.83333587646484, 286.3333435058594, 149.83334350585938, 322.3333435058594]]",[0.012481689453125],0.012481689453125,1
3053,770488,1.2.392.200036.9116.2.6.1.48.1211476691.1460556954.951143,/home/mahsa-nasehi/Desktop/IAAA/fracture/iaaa-contest-bct/Data/training/3053/1.2.392.200036.9116.2.6.1.48.1211476691.1460556954.951143.dcm,12,-445.0,512,512,0,0,heldout_patient_fold,aa2d72a2538f26976441e6d52c8c11ca964533e55b3978b8345a70a019d52638,ea81da4d34ee1570c8dd3460a4e44f8f247a0ba0f55b701dbf5093d392e32021,negative,0,0.0,0.0,[],"[[326.16668701171875, 271.66668701171875, 394.0, 331.66668701171875]]",[0.0236968994140625],0.0236968994140625,1
3053,770488,1.2.392.200036.9116.2.6.1.48.1211476691.1460556955.52894,/home/mahsa-nasehi/Desktop/IAAA/fracture/iaaa-contest-bct/Data/training/3053/1.2.392.200036.9116.2.6.1.48.1211476691.1460556955.52894.dcm,13,-437.0,512,512,0,0,heldout_patient_fold,aa2d72a2538f26976441e6d52c8c11ca964533e55b3978b8345a70a019d52638,ea81da4d34ee1570c8dd3460a4e44f8f247a0ba0f55b701dbf5093d392e32021,negative,0,0.0,0.0,[],[],[],0.0,0
3053,770488,1.2.392.200036.9116.2.6.1.48.1211476691.1460556955.127847,/home/mahsa-nasehi/Desktop/IAAA/fracture/iaaa-contest-bct/Data/training/3053/1.2.392.200036.9116.2.6.1.48.1211476691.1460556955.127847.dcm,14,-429.0,512,512,0,0,heldout_patient_fold,aa2d72a2538f26976441e6d52c8c11ca964533e55b3978b8345a70a019d52638,ea81da4d34ee1570c8dd3460a4e44f8f247a0ba0f55b701dbf5093d392e32021,negative,0,0.0,0.0,[],[],[],0.0,0
3053,770488,1.2.392.200036.9116.2.6.1.48.1211476691.1460556955.231296,/home/mahsa-nasehi/Desktop/IAAA/fracture/iaaa-contest-bct/Data/training/3053/1.2.392.200036.9116.2.6.1.48.1211476691.1460556955.231296.dcm,15,-421.0,512,512,0,0,heldout_patient_fold,aa2d72a2538f26976441e6d52c8c11ca964533e55b3978b8345a70a019d52638,ea81da4d34ee1570c8dd3460a4e44f8f247a0ba0f55b701dbf5093d392e32021,negative,0,0.0,0.0,[],[],[],0.0,0
3084,770646,1.2.392.200036.9116.2.6.1.48.1211476691.1460781999.713110,/home/mahsa-nasehi/Desktop/IAAA/fracture/iaaa-contest-bct/Data/training/3084/1.2.392.200036.9116.2.6.1.48.1211476691.1460781999.713110.dcm,0,-642.0324536889999,512,512,0,0,heldout_patient_fold,aa2d72a2538f26976441e6d52c8c11ca964533e55b3978b8345a70a019d52638,ea81da4d34ee1570c8dd3460a4e44f8f247a0ba0f55b701dbf5093d392e32021,negative,0,0.0,0.0,[],[],[],0.0,0
3084,770646,1.2.392.200036.9116.2.6.1.48.1211476691.1460781999.965149,/home/mahsa-nasehi/Desktop/IAAA/fracture/iaaa-contest-bct/Data/training/3084/1.2.392.200036.9116.2.6.1.48.1211476691.1460781999.965149.dcm,1,-634.026567689,512,512,0,0,heldout_patient_fold,aa2d72a2538f26976441e6d52c8c11ca964533e55b3978b8345a70a019d52638,ea81da4d34ee1570c8dd3460a4e44f8f247a0ba0f55b701dbf5093d392e32021,negative,0,0.0,0.0,[],"[[337.16668701171875, 235.0, 373.3333435058594, 271.3333435058594]]",[0.01519012451171875],0.01519012451171875,1
3084,770646,1.2.392.200036.9116.2.6.1.48.1211476691.1460782000.234820,/home/mahsa-nasehi/Desktop/IAAA/fracture/iaaa-contest-bct/Data/training/3084/1.2.392.200036.9116.2.6.1.48.1211476691.1460782000.234820.dcm,2,-626.0306268889999,512,512,0,0,heldout_patient_fold,aa2d72a2538f26976441e6d52c8c11ca964533e55b3978b8345a70a019d52638,ea81da4d34ee1570c8dd3460a4e44f8f247a0ba0f55b701dbf5093d392e32021,unknown,0,0.0,0.0,[],[],[],0.0,0
3084,770646,1.2.392.200036.9116.2.6.1.48.1211476691.1460782000.490215,/home/mahsa-nasehi/Desktop/IAAA/fracture/iaaa-contest-bct/Data/training/3084/1.2.392.200036.9116.2.6.1.48.1211476691.1460782000.490215.dcm,3,-618.024740889,512,512,0,0,heldout_patient_fold,aa2d72a2538f26976441e6d52c8c11ca964533e55b3978b8345a70a019d52638,ea81da4d34ee1570c8dd3460a4e44f8f247a0ba0f55b701dbf5093d392e32021,unknown,0,0.0,0.0,[],[],[],0.0,0
3084,770646,1.2.392.200036.9116.2.6.1.48.1211476691.1460782003.268113,/home/mahsa-nasehi/Desktop/IAAA/fracture/iaaa-contest-bct/Data/training/3084/1.2.392.200036.9116.2.6.1.48.1211476691.1460782003.268113.dcm,4,-610.207813689,512,512,0,0,heldout_patient_fold,aa2d72a2538f26976441e6d52c8c11ca964533e55b3978b8345a70a019d52638,ea81da4d34ee1570c8dd3460a4e44f8f247a0ba0f55b701dbf5093d392e32021,unknown,0,0.0,0.0,[],"[[384.66668701171875, 339.0, 422.0, 375.0], [156.5, 370.66668701171875, 192.5, 408.0]]","[0.022979736328125, 0.0110321044921875]",0.022979736328125,2
3084,770646,1.2.392.200036.9116.2.6.1.48.1211476691.1460782003.525375,/home/mahsa-nasehi/Desktop/IAAA/fracture/iaaa-contest-bct/Data/training/3084/1.2.392.200036.9116.2.6.1.48.1211476691.1460782003.525375.dcm,5,-602.2019276890001,512,512,0,0,heldout_patient_fold,aa2d72a2538f26976441e6d52c8c11ca964533e55b3978b8345a70a019d52638,ea81da4d34ee1570c8dd3460a4e44f8f247a0ba0f55b701dbf5093d392e32021,unknown,0,0.0,0.0,[],"[[361.0, 152.0, 398.3333435058594, 189.1666717529297], [376.0, 357.3333435058594, 412.0, 394.66668701171875]]","[0.1993408203125, 0.0987548828125]",0.1993408203125,2
3084,770646,1.2.392.200036.9116.2.6.1.48.1211476691.1460782003.790557,/home/mahsa-nasehi/Desktop/IAAA/fracture/iaaa-contest-bct/Data/training/3084/1.2.392.200036.9116.2.6.1.48.1211476691.1460782003.790557.dcm,6,-594.205986889,512,512,0,0,heldout_patient_fold,aa2d72a2538f26976441e6d52c8c11ca964533e55b3978b8345a70a019d52638,ea81da4d34ee1570c8dd3460a4e44f8f247a0ba0f55b701dbf5093d392e32021,negative,0,0.0,0.0,[],"[[362.0, 152.6666717529297, 398.0, 189.0], [372.66668701171875, 362.66668701171875, 408.66668701171875, 400.0]]","[0.10302734375, 0.019195556640625]",0.10302734375,2
3084,770646,1.2.392.200036.9116.2.6.1.48.1211476691.1460782004.49991,/home/mahsa-nasehi/Desktop/IAAA/fracture/iaaa-contest-bct/Data/training/3084/1.2.392.200036.9116.2.6.1.48.1211476691.1460782004.49991.dcm,7,-586.2001008889999,512,512,0,0,heldout_patient_fold,aa2d72a2538f26976441e6d52c8c11ca964533e55b3978b8345a70a019d52638,ea81da4d34ee1570c8dd3460a4e44f8f247a0ba0f55b701dbf5093d392e32021,negative,0,0.0,0.0,[],[],[],0.0,0
3084,770646,1.2.392.200036.9116.2.6.1.48.1211476691.1460782006.836301,/home/mahsa-nasehi/Desktop/IAAA/fracture/iaaa-contest-bct/Data/training/3084/1.2.392.200036.9116.2.6.1.48.1211476691.1460782006.836301.dcm,8,-578.3831736889999,512,512,0,0,heldout_patient_fold,aa2d72a2538f26976441e6d52c8c11ca964533e55b3978b8345a70a019d52638,ea81da4d34ee1570c8dd3460a4e44f8f247a0ba0f55b701dbf5093d392e32021,negative,0,0.0,0.0,[],[],[],0.0,0
3084,770646,1.2.392.200036.9116.2.6.1.48.1211476691.1460782007.97873,/home/mahsa-nasehi/Desktop/IAAA/fracture/iaaa-contest-bct/Data/training/3084/1.2.392.200036.9116.2.6.1.48.1211476691.1460782007.97873.dcm,9,-570.377287689,512,512,0,0,heldout_patient_fold,aa2d72a2538f26976441e6d52c8c11ca964533e55b3978b8345a70a019d52638,ea81da4d34ee1570c8dd3460a4e44f8f247a0ba0f55b701dbf5093d392e32021,negative,0,0.0,0.0,[],"[[370.0, 187.33334350585938, 406.0, 224.0]]",[0.05560302734375],0.05560302734375,1
3084,770646,1.2.392.200036.9116.2.6.1.48.1211476691.1460782007.360574,/home/mahsa-nasehi/Desktop/IAAA/fracture/iaaa-contest-bct/Data/training/3084/1.2.392.200036.9116.2.6.1.48.1211476691.1460782007.360574.dcm,10,-562.3813468889999,512,512,0,0,heldout_patient_fold,aa2d72a2538f26976441e6d52c8c11ca964533e55b3978b8345a70a019d52638,ea81da4d34ee1570c8dd3460a4e44f8f247a0ba0f55b701dbf5093d392e32021,negative,0,0.0,0.0,[],[],[],0.0,0
3084,770646,1.2.392.200036.9116.2.6.1.48.1211476691.1460782007.628768,/home/mahsa-nasehi/Desktop/IAAA/fracture/iaaa-contest-bct/Data/training/3084/1.2.392.200036.9116.2.6.1.48.1211476691.1460782007.628768.dcm,11,-554.375460889,512,512,0,0,heldout_patient_fold,aa2d72a2538f26976441e6d52c8c11ca964533e55b3978b8345a70a019d52638,ea81da4d34ee1570c8dd3460a4e44f8f247a0ba0f55b701dbf5093d392e32021,negative,0,0.0,0.0,[],"[[367.3333435058594, 211.0, 403.3333435058594, 247.6666717529297]]",[0.1339111328125],0.1339111328125,1
3084,770646,1.2.392.200036.9116.2.6.1.48.1211476691.1460782010.654945,/home/mahsa-nasehi/Desktop/IAAA/fracture/iaaa-contest-bct/Data/training/3084/1.2.392.200036.9116.2.6.1.48.1211476691.1460782010.654945.dcm,12,-546.558533689,512,512,0,0,heldout_patient_fold,aa2d72a2538f26976441e6d52c8c11ca964533e55b3978b8345a70a019d52638,ea81da4d34ee1570c8dd3460a4e44f8f247a0ba0f55b701dbf5093d392e32021,negative,0,0.0,0.0,[],"[[347.66668701171875, 211.33334350585938, 414.3333435058594, 274.3333435058594], [362.0, 227.6666717529297, 398.0, 263.66668701171875]]","[0.0391845703125, 0.02056884765625]",0.0391845703125,2
3084,770646,1.2.392.200036.9116.2.6.1.48.1211476691.1460782010.895783,/home/mahsa-nasehi/Desktop/IAAA/fracture/iaaa-contest-bct/Data/training/3084/1.2.392.200036.9116.2.6.1.48.1211476691.1460782010.895783.dcm,13,-538.552647689,512,512,0,0,heldout_patient_fold,aa2d72a2538f26976441e6d52c8c11ca964533e55b3978b8345a70a019d52638,ea81da4d34ee1570c8dd3460a4e44f8f247a0ba0f55b701dbf5093d392e32021,negative,0,0.0,0.0,[],[],[],0.0,0
3084,770646,1.2.392.200036.9116.2.6.1.48.1211476691.1460782010.988667,/home/mahsa-nasehi/Desktop/IAAA/fracture/iaaa-contest-bct/Data/training/3084/1.2.392.200036.9116.2.6.1.48.1211476691.1460782010.988667.dcm,14,-530.5567068889999,512,512,0,0,heldout_patient_fold,aa2d72a2538f26976441e6d52c8c11ca964533e55b3978b8345a70a019d52638,ea81da4d34ee1570c8dd3460a4e44f8f247a0ba0f55b701dbf5093d392e32021,negative,0,0.0,0.0,[],[],[],0.0,0
3084,770646,1.2.392.200036.9116.2.6.1.48.1211476691.1460782011.243004,/home/mahsa-nasehi/Desktop/IAAA/fracture/iaaa-contest-bct/Data/training/3084/1.2.392.200036.9116.2.6.1.48.1211476691.1460782011.243004.dcm,15,-522.550820889,512,512,0,0,heldout_patient_fold,aa2d72a2538f26976441e6d52c8c11ca964533e55b3978b8345a70a019d52638,ea81da4d34ee1570c8dd3460a4e44f8f247a0ba0f55b701dbf5093d392e32021,negative,0,0.0,0.0,[],[],[],0.0,0
3796,774302,1.2.392.200036.9116.2.6.1.48.1211476691.1462677380.423081,/home/mahsa-nasehi/Desktop/IAAA/fracture/iaaa-contest-bct/Data/training/3796/1.2.392.200036.9116.2.6.1.48.1211476691.1462677380.423081.dcm,0,-538.8251386049999,512,512,1,0,heldout_patient_fold,aa2d72a2538f26976441e6d52c8c11ca964533e55b3978b8345a70a019d52638,ea81da4d34ee1570c8dd3460a4e44f8f247a0ba0f55b701dbf5093d392e32021,negative,0,0.0,0.0,[],"[[375.3333435058594, 184.83334350585938, 411.3333435058594, 220.5]]",[0.0117340087890625],0.0117340087890625,1
3796,774302,1.2.392.200036.9116.2.6.1.48.1211476691.1462677380.677582,/home/mahsa-nasehi/Desktop/IAAA/fracture/iaaa-contest-bct/Data/training/3796/1.2.392.200036.9116.2.6.1.48.1211476691.1462677380.677582.dcm,1,-530.823657978,512,512,1,0,heldout_patient_fold,aa2d72a2538f26976441e6d52c8c11ca964533e55b3978b8345a70a019d52638,ea81da4d34ee1570c8dd3460a4e44f8f247a0ba0f55b701dbf5093d392e32021,negative,0,0.0,0.0,[],[],[],0.0,0
3796,774302,1.2.392.200036.9116.2.6.1.48.1211476691.1462677380.944768,/home/mahsa-nasehi/Desktop/IAAA/fracture/iaaa-contest-bct/Data/training/3796/1.2.392.200036.9116.2.6.1.48.1211476691.1462677380.944768.dcm,2,-522.822375405,512,512,1,0,heldout_patient_fold,aa2d72a2538f26976441e6d52c8c11ca964533e55b3978b8345a70a019d52638,ea81da4d34ee1570c8dd3460a4e44f8f247a0ba0f55b701dbf5093d392e32021,negative,0,0.0,0.0,[],[],[],0.0,0
3796,774302,1.2.392.200036.9116.2.6.1.48.1211476691.1462677381.203802,/home/mahsa-nasehi/Desktop/IAAA/fracture/iaaa-contest-bct/Data/training/3796/1.2.392.200036.9116.2.6.1.48.1211476691.1462677381.203802.dcm,3,-514.820993805,512,512,1,0,heldout_patient_fold,aa2d72a2538f26976441e6d52c8c11ca964533e55b3978b8345a70a019d52638,ea81da4d34ee1570c8dd3460a4e44f8f247a0ba0f55b701dbf5093d392e32021,negative,0,0.0,0.0,[],"[[393.3333435058594, 192.5, 430.0, 229.5], [391.3333435058594, 139.5, 427.3333435058594, 175.1666717529297], [154.08334350585938, 336.66668701171875, 190.0, 373.3333435058594]]","[0.0165863037109375, 0.0120086669921875, 0.011871337890625]",0.0165863037109375,3
3796,774302,1.2.392.200036.9116.2.6.1.48.1211476691.1462677383.984014,/home/mahsa-nasehi/Desktop/IAAA/fracture/iaaa-contest-bct/Data/training/3796/1.2.392.200036.9116.2.6.1.48.1211476691.1462677383.984014.dcm,4,-507.13639957799995,512,512,1,0,heldout_patient_fold,aa2d72a2538f26976441e6d52c8c11ca964533e55b3978b8345a70a019d52638,ea81da4d34ee1570c8dd3460a4e44f8f247a0ba0f55b701dbf5093d392e32021,positive,2,1248.0,2350.0,"[[334.0, 65.0, 381.0, 115.0], [391.0, 135.0, 430.0, 167.0]]","[[169.33334350585938, 147.6666717529297, 206.0, 183.0], [402.0, 195.6666717529297, 438.0, 231.6666717529297], [379.3333435058594, 181.6666717529297, 446.0, 243.0], [150.1666717529297, 137.5, 218.1666717529297, 198.0]]","[0.1461181640625, 0.021453857421875, 0.0147857666015625, 0.011199951171875]",0.1461181640625,4
3796,774302,1.2.392.200036.9116.2.6.1.48.1211476691.1462677384.243387,/home/mahsa-nasehi/Desktop/IAAA/fracture/iaaa-contest-bct/Data/training/3796/1.2.392.200036.9116.2.6.1.48.1211476691.1462677384.243387.dcm,5,-499.135017978,512,512,1,0,heldout_patient_fold,aa2d72a2538f26976441e6d52c8c11ca964533e55b3978b8345a70a019d52638,ea81da4d34ee1570c8dd3460a4e44f8f247a0ba0f55b701dbf5093d392e32021,positive,2,1023.0,2200.0,"[[340.0, 65.0, 384.0, 115.0], [398.0, 145.0, 431.0, 176.0]]","[[161.83334350585938, 153.0, 198.1666717529297, 188.6666717529297], [145.5, 137.1666717529297, 210.5, 200.0], [129.1666717529297, 278.3333435058594, 166.1666717529297, 314.0]]","[0.12939453125, 0.0194244384765625, 0.0143890380859375]",0.12939453125,3
3796,774302,1.2.392.200036.9116.2.6.1.48.1211476691.1462677384.509547,/home/mahsa-nasehi/Desktop/IAAA/fracture/iaaa-contest-bct/Data/training/3796/1.2.392.200036.9116.2.6.1.48.1211476691.1462677384.509547.dcm,6,-491.133636378,512,512,1,0,heldout_patient_fold,aa2d72a2538f26976441e6d52c8c11ca964533e55b3978b8345a70a019d52638,ea81da4d34ee1570c8dd3460a4e44f8f247a0ba0f55b701dbf5093d392e32021,positive,1,1221.0,1221.0,"[[396.0, 147.0, 433.0, 180.0]]","[[402.0, 141.6666717529297, 438.0, 178.83334350585938], [391.3333435058594, 144.6666717529297, 427.3333435058594, 181.0]]","[0.0207977294921875, 0.0141754150390625]",0.0207977294921875,2
3796,774302,1.2.392.200036.9116.2.6.1.48.1211476691.1462677384.769054,/home/mahsa-nasehi/Desktop/IAAA/fracture/iaaa-contest-bct/Data/training/3796/1.2.392.200036.9116.2.6.1.48.1211476691.1462677384.769054.dcm,7,-483.132254778,512,512,1,0,heldout_patient_fold,aa2d72a2538f26976441e6d52c8c11ca964533e55b3978b8345a70a019d52638,ea81da4d34ee1570c8dd3460a4e44f8f247a0ba0f55b701dbf5093d392e32021,positive,1,1634.0,1634.0,"[[394.0, 148.0, 437.0, 186.0]]","[[126.83333587646484, 264.3333435058594, 163.1666717529297, 300.66668701171875]]",[0.011688232421875],0.011688232421875,1
3796,774302,1.2.392.200036.9116.2.6.1.48.1211476691.1462677387.552814,/home/mahsa-nasehi/Desktop/IAAA/fracture/iaaa-contest-bct/Data/training/3796/1.2.392.200036.9116.2.6.1.48.1211476691.1462677387.552814.dcm,8,-475.447759578,512,512,1,0,heldout_patient_fold,aa2d72a2538f26976441e6d52c8c11ca964533e55b3978b8345a70a019d52638,ea81da4d34ee1570c8dd3460a4e44f8f247a0ba0f55b701dbf5093d392e32021,positive,2,3416.0,3900.0,"[[348.0, 89.0, 404.0, 150.0], [376.0, 142.0, 441.0, 202.0]]","[[379.0, 138.33334350585938, 446.3333435058594, 200.83334350585938], [333.3333435058594, 78.66667175292969, 474.0, 248.83334350585938]]","[0.1895751953125, 0.026153564453125]",0.1895751953125,2
3796,774302,1.2.392.200036.9116.2.6.1.48.1211476691.1462677387.808488,/home/mahsa-nasehi/Desktop/IAAA/fracture/iaaa-contest-bct/Data/training/3796/1.2.392.200036.9116.2.6.1.48.1211476691.1462677387.808488.dcm,9,-467.446377978,512,512,1,0,heldout_patient_fold,aa2d72a2538f26976441e6d52c8c11ca964533e55b3978b8345a70a019d52638,ea81da4d34ee1570c8dd3460a4e44f8f247a0ba0f55b701dbf5093d392e32021,positive,1,3520.0,3520.0,"[[374.0, 144.0, 438.0, 199.0]]","[[379.3333435058594, 141.83334350585938, 446.0, 205.83334350585938], [332.5, 82.125, 472.66668701171875, 250.1666717529297], [347.0, 93.16667175292969, 414.3333435058594, 158.83334350585938]]","[0.038909912109375, 0.022796630859375, 0.018768310546875]",0.038909912109375,3
3796,774302,1.2.392.200036.9116.2.6.1.48.1211476691.1462677388.75408,/home/mahsa-nasehi/Desktop/IAAA/fracture/iaaa-contest-bct/Data/training/3796/1.2.392.200036.9116.2.6.1.48.1211476691.1462677388.75408.dcm,10,-459.444996378,512,512,1,0,heldout_patient_fold,aa2d72a2538f26976441e6d52c8c11ca964533e55b3978b8345a70a019d52638,ea81da4d34ee1570c8dd3460a4e44f8f247a0ba0f55b701dbf5093d392e32021,negative,0,0.0,0.0,[],"[[325.5, 99.83333587646484, 392.0, 162.83334350585938]]",[0.0726318359375],0.0726318359375,1
3796,774302,1.2.392.200036.9116.2.6.1.48.1211476691.1462677388.334342,/home/mahsa-nasehi/Desktop/IAAA/fracture/iaaa-contest-bct/Data/training/3796/1.2.392.200036.9116.2.6.1.48.1211476691.1462677388.334342.dcm,11,-451.44361477800004,512,512,1,0,heldout_patient_fold,aa2d72a2538f26976441e6d52c8c11ca964533e55b3978b8345a70a019d52638,ea81da4d34ee1570c8dd3460a4e44f8f247a0ba0f55b701dbf5093d392e32021,negative,0,0.0,0.0,[],"[[315.5, 109.0, 383.3333435058594, 172.33334350585938], [412.0, 288.66668701171875, 448.66668701171875, 324.66668701171875]]","[0.017303466796875, 0.0112457275390625]",0.017303466796875,2
3796,774302,1.2.392.200036.9116.2.6.1.48.1211476691.1462677391.117344,/home/mahsa-nasehi/Desktop/IAAA/fracture/iaaa-contest-bct/Data/training/3796/1.2.392.200036.9116.2.6.1.48.1211476691.1462677391.117344.dcm,12,-443.75911957799997,512,512,1,0,heldout_patient_fold,aa2d72a2538f26976441e6d52c8c11ca964533e55b3978b8345a70a019d52638,ea81da4d34ee1570c8dd3460a4e44f8f247a0ba0f55b701dbf5093d392e32021,negative,0,0.0,0.0,[],"[[406.66668701171875, 288.5, 444.0, 325.16668701171875], [390.3333435058594, 276.3333435058594, 457.0, 337.66668701171875]]","[0.042572021484375, 0.0173797607421875]",0.042572021484375,2
3796,774302,1.2.392.200036.9116.2.6.1.48.1211476691.1462677391.374179,/home/mahsa-nasehi/Desktop/IAAA/fracture/iaaa-contest-bct/Data/training/3796/1.2.392.200036.9116.2.6.1.48.1211476691.1462677391.374179.dcm,13,-435.75773797799997,512,512,1,0,heldout_patient_fold,aa2d72a2538f26976441e6d52c8c11ca964533e55b3978b8345a70a019d52638,ea81da4d34ee1570c8dd3460a4e44f8f247a0ba0f55b701dbf5093d392e32021,negative,0,0.0,0.0,[],"[[379.66668701171875, 264.5, 445.66668701171875, 327.16668701171875]]",[0.03948974609375],0.03948974609375,1
3796,774302,1.2.392.200036.9116.2.6.1.48.1211476691.1462677391.632558,/home/mahsa-nasehi/Desktop/IAAA/fracture/iaaa-contest-bct/Data/training/3796/1.2.392.200036.9116.2.6.1.48.1211476691.1462677391.632558.dcm,14,-427.756356378,512,512,1,0,heldout_patient_fold,aa2d72a2538f26976441e6d52c8c11ca964533e55b3978b8345a70a019d52638,ea81da4d34ee1570c8dd3460a4e44f8f247a0ba0f55b701dbf5093d392e32021,negative,0,0.0,0.0,[],[],[],0.0,0
3796,774302,1.2.392.200036.9116.2.6.1.48.1211476691.1462677391.894208,/home/mahsa-nasehi/Desktop/IAAA/fracture/iaaa-contest-bct/Data/training/3796/1.2.392.200036.9116.2.6.1.48.1211476691.1462677391.894208.dcm,15,-419.754974778,512,512,1,0,heldout_patient_fold,aa2d72a2538f26976441e6d52c8c11ca964533e55b3978b8345a70a019d52638,ea81da4d34ee1570c8dd3460a4e44f8f247a0ba0f55b701dbf5093d392e32021,negative,0,0.0,0.0,[],[],[],0.0,0
556,158377,1.2.392.200036.9116.2.6.1.48.1211476691.1505153145.721201,/home/mahsa-nasehi/Desktop/IAAA/fracture/iaaa-contest-bct/Data/training/556/1.2.392.200036.9116.2.6.1.48.1211476691.1505153145.721201.dcm,0,-573.5,512,512,0,0,heldout_patient_fold,aa2d72a2538f26976441e6d52c8c11ca964533e55b3978b8345a70a019d52638,ea81da4d34ee1570c8dd3460a4e44f8f247a0ba0f55b701dbf5093d392e32021,negative,0,0.0,0.0,[],[],[],0.0,0
556,158377,1.2.392.200036.9116.2.6.1.48.1211476691.1505153145.975574,/home/mahsa-nasehi/Desktop/IAAA/fracture/iaaa-contest-bct/Data/training/556/1.2.392.200036.9116.2.6.1.48.1211476691.1505153145.975574.dcm,1,-565.5,512,512,0,0,heldout_patient_fold,aa2d72a2538f26976441e6d52c8c11ca964533e55b3978b8345a70a019d52638,ea81da4d34ee1570c8dd3460a4e44f8f247a0ba0f55b701dbf5093d392e32021,negative,0,0.0,0.0,[],"[[331.66668701171875, 216.83334350585938, 397.0, 280.5]]",[0.01111602783203125],0.01111602783203125,1
556,158377,1.2.392.200036.9116.2.6.1.48.1211476691.1505153146.246044,/home/mahsa-nasehi/Desktop/IAAA/fracture/iaaa-contest-bct/Data/training/556/1.2.392.200036.9116.2.6.1.48.1211476691.1505153146.246044.dcm,2,-557.5,512,512,0,0,heldout_patient_fold,aa2d72a2538f26976441e6d52c8c11ca964533e55b3978b8345a70a019d52638,ea81da4d34ee1570c8dd3460a4e44f8f247a0ba0f55b701dbf5093d392e32021,negative,0,0.0,0.0,[],[],[],0.0,0
556,158377,1.2.392.200036.9116.2.6.1.48.1211476691.1505153146.500475,/home/mahsa-nasehi/Desktop/IAAA/fracture/iaaa-contest-bct/Data/training/556/1.2.392.200036.9116.2.6.1.48.1211476691.1505153146.500475.dcm,3,-549.5,512,512,0,0,heldout_patient_fold,aa2d72a2538f26976441e6d52c8c11ca964533e55b3978b8345a70a019d52638,ea81da4d34ee1570c8dd3460a4e44f8f247a0ba0f55b701dbf5093d392e32021,negative,0,0.0,0.0,[],[],[],0.0,0
556,158377,1.2.392.200036.9116.2.6.1.48.1211476691.1505153148.818596,/home/mahsa-nasehi/Desktop/IAAA/fracture/iaaa-contest-bct/Data/training/556/1.2.392.200036.9116.2.6.1.48.1211476691.1505153148.818596.dcm,4,-541.5,512,512,0,0,heldout_patient_fold,aa2d72a2538f26976441e6d52c8c11ca964533e55b3978b8345a70a019d52638,ea81da4d34ee1570c8dd3460a4e44f8f247a0ba0f55b701dbf5093d392e32021,negative,0,0.0,0.0,[],"[[134.6666717529297, 126.25, 171.33334350585938, 161.75]]",[0.0118255615234375],0.0118255615234375,1
556,158377,1.2.392.200036.9116.2.6.1.48.1211476691.1505153149.58542,/home/mahsa-nasehi/Desktop/IAAA/fracture/iaaa-contest-bct/Data/training/556/1.2.392.200036.9116.2.6.1.48.1211476691.1505153149.58542.dcm,5,-533.5,512,512,0,0,heldout_patient_fold,aa2d72a2538f26976441e6d52c8c11ca964533e55b3978b8345a70a019d52638,ea81da4d34ee1570c8dd3460a4e44f8f247a0ba0f55b701dbf5093d392e32021,negative,0,0.0,0.0,[],[],[],0.0,0
556,158377,1.2.392.200036.9116.2.6.1.48.1211476691.1505153149.324196,/home/mahsa-nasehi/Desktop/IAAA/fracture/iaaa-contest-bct/Data/training/556/1.2.392.200036.9116.2.6.1.48.1211476691.1505153149.324196.dcm,6,-525.5,512,512,0,0,heldout_patient_fold,aa2d72a2538f26976441e6d52c8c11ca964533e55b3978b8345a70a019d52638,ea81da4d34ee1570c8dd3460a4e44f8f247a0ba0f55b701dbf5093d392e32021,negative,0,0.0,0.0,[],[],[],0.0,0
556,158377,1.2.392.200036.9116.2.6.1.48.1211476691.1505153149.582817,/home/mahsa-nasehi/Desktop/IAAA/fracture/iaaa-contest-bct/Data/training/556/1.2.392.200036.9116.2.6.1.48.1211476691.1505153149.582817.dcm,7,-517.5,512,512,0,0,heldout_patient_fold,aa2d72a2538f26976441e6d52c8c11ca964533e55b3978b8345a70a019d52638,ea81da4d34ee1570c8dd3460a4e44f8f247a0ba0f55b701dbf5093d392e32021,negative,0,0.0,0.0,[],[],[],0.0,0
556,158377,1.2.392.200036.9116.2.6.1.48.1211476691.1505153151.880430,/home/mahsa-nasehi/Desktop/IAAA/fracture/iaaa-contest-bct/Data/training/556/1.2.392.200036.9116.2.6.1.48.1211476691.1505153151.880430.dcm,8,-509.5,512,512,0,0,heldout_patient_fold,aa2d72a2538f26976441e6d52c8c11ca964533e55b3978b8345a70a019d52638,ea81da4d34ee1570c8dd3460a4e44f8f247a0ba0f55b701dbf5093d392e32021,negative,0,0.0,0.0,[],[],[],0.0,0
556,158377,1.2.392.200036.9116.2.6.1.48.1211476691.1505153152.136620,/home/mahsa-nasehi/Desktop/IAAA/fracture/iaaa-contest-bct/Data/training/556/1.2.392.200036.9116.2.6.1.48.1211476691.1505153152.136620.dcm,9,-501.5,512,512,0,0,heldout_patient_fold,aa2d72a2538f26976441e6d52c8c11ca964533e55b3978b8345a70a019d52638,ea81da4d34ee1570c8dd3460a4e44f8f247a0ba0f55b701dbf5093d392e32021,negative,0,0.0,0.0,[],"[[358.66668701171875, 318.0, 395.3333435058594, 354.0], [353.3333435058594, 232.1666717529297, 390.0, 268.8333435058594]]","[0.0285491943359375, 0.0248870849609375]",0.0285491943359375,2
556,158377,1.2.392.200036.9116.2.6.1.48.1211476691.1505153152.405642,/home/mahsa-nasehi/Desktop/IAAA/fracture/iaaa-contest-bct/Data/training/556/1.2.392.200036.9116.2.6.1.48.1211476691.1505153152.405642.dcm,10,-493.5,512,512,0,0,heldout_patient_fold,aa2d72a2538f26976441e6d52c8c11ca964533e55b3978b8345a70a019d52638,ea81da4d34ee1570c8dd3460a4e44f8f247a0ba0f55b701dbf5093d392e32021,negative,0,0.0,0.0,[],"[[347.3333435058594, 243.0, 384.66668701171875, 279.66668701171875]]",[0.0206451416015625],0.0206451416015625,1
556,158377,1.2.392.200036.9116.2.6.1.48.1211476691.1505153152.660916,/home/mahsa-nasehi/Desktop/IAAA/fracture/iaaa-contest-bct/Data/training/556/1.2.392.200036.9116.2.6.1.48.1211476691.1505153152.660916.dcm,11,-485.5,512,512,0,0,heldout_patient_fold,aa2d72a2538f26976441e6d52c8c11ca964533e55b3978b8345a70a019d52638,ea81da4d34ee1570c8dd3460a4e44f8f247a0ba0f55b701dbf5093d392e32021,negative,0,0.0,0.0,[],[],[],0.0,0
556,158377,1.2.392.200036.9116.2.6.1.48.1211476691.1505153154.976268,/home/mahsa-nasehi/Desktop/IAAA/fracture/iaaa-contest-bct/Data/training/556/1.2.392.200036.9116.2.6.1.48.1211476691.1505153154.976268.dcm,12,-477.5,512,512,0,0,heldout_patient_fold,aa2d72a2538f26976441e6d52c8c11ca964533e55b3978b8345a70a019d52638,ea81da4d34ee1570c8dd3460a4e44f8f247a0ba0f55b701dbf5093d392e32021,negative,0,0.0,0.0,[],"[[482.0, 264.0, 512.0, 302.0]]",[0.0118255615234375],0.0118255615234375,1
556,158377,1.2.392.200036.9116.2.6.1.48.1211476691.1505153155.234396,/home/mahsa-nasehi/Desktop/IAAA/fracture/iaaa-contest-bct/Data/training/556/1.2.392.200036.9116.2.6.1.48.1211476691.1505153155.234396.dcm,13,-469.5,512,512,0,0,heldout_patient_fold,aa2d72a2538f26976441e6d52c8c11ca964533e55b3978b8345a70a019d52638,ea81da4d34ee1570c8dd3460a4e44f8f247a0ba0f55b701dbf5093d392e32021,negative,0,0.0,0.0,[],[],[],0.0,0
556,158377,1.2.392.200036.9116.2.6.1.48.1211476691.1505153155.493074,/home/mahsa-nasehi/Desktop/IAAA/fracture/iaaa-contest-bct/Data/training/556/1.2.392.200036.9116.2.6.1.48.1211476691.1505153155.493074.dcm,14,-461.5,512,512,0,0,heldout_patient_fold,aa2d72a2538f26976441e6d52c8c11ca964533e55b3978b8345a70a019d52638,ea81da4d34ee1570c8dd3460a4e44f8f247a0ba0f55b701dbf5093d392e32021,negative,0,0.0,0.0,[],[],[],0.0,0
556,158377,1.2.392.200036.9116.2.6.1.48.1211476691.1505153155.753718,/home/mahsa-nasehi/Desktop/IAAA/fracture/iaaa-contest-bct/Data/training/556/1.2.392.200036.9116.2.6.1.48.1211476691.1505153155.753718.dcm,15,-453.5,512,512,0,0,heldout_patient_fold,aa2d72a2538f26976441e6d52c8c11ca964533e55b3978b8345a70a019d52638,ea81da4d34ee1570c8dd3460a4e44f8f247a0ba0f55b701dbf5093d392e32021,negative,0,0.0,0.0,[],"[[480.66668701171875, 251.33334350585938, 512.0, 286.66668701171875]]",[0.0129241943359375],0.0129241943359375,1
6353,848179,1.2.392.200036.9116.2.6.1.48.1211476691.1505180273.64131,/home/mahsa-nasehi/Desktop/IAAA/fracture/iaaa-contest-bct/Data/training/6353/1.2.392.200036.9116.2.6.1.48.1211476691.1505180273.64131.dcm,0,-510.358012362,512,512,0,0,heldout_patient_fold,aa2d72a2538f26976441e6d52c8c11ca964533e55b3978b8345a70a019d52638,ea81da4d34ee1570c8dd3460a4e44f8f247a0ba0f55b701dbf5093d392e32021,negative,0,0.0,0.0,[],[],[],0.0,0
6353,848179,1.2.392.200036.9116.2.6.1.48.1211476691.1505180273.314256,/home/mahsa-nasehi/Desktop/IAAA/fracture/iaaa-contest-bct/Data/training/6353/1.2.392.200036.9116.2.6.1.48.1211476691.1505180273.314256.dcm,1,-502.359692868,512,512,0,0,heldout_patient_fold,aa2d72a2538f26976441e6d52c8c11ca964533e55b3978b8345a70a019d52638,ea81da4d34ee1570c8dd3460a4e44f8f247a0ba0f55b701dbf5093d392e32021,negative,0,0.0,0.0,[],[],[],0.0,0
6353,848179,1.2.392.200036.9116.2.6.1.48.1211476691.1505180273.580555,/home/mahsa-nasehi/Desktop/IAAA/fracture/iaaa-contest-bct/Data/training/6353/1.2.392.200036.9116.2.6.1.48.1211476691.1505180273.580555.dcm,2,-494.35167256200003,512,512,0,0,heldout_patient_fold,aa2d72a2538f26976441e6d52c8c11ca964533e55b3978b8345a70a019d52638,ea81da4d34ee1570c8dd3460a4e44f8f247a0ba0f55b701dbf5093d392e32021,negative,0,0.0,0.0,[],[],[],0.0,0
6353,848179,1.2.392.200036.9116.2.6.1.48.1211476691.1505180273.838479,/home/mahsa-nasehi/Desktop/IAAA/fracture/iaaa-contest-bct/Data/training/6353/1.2.392.200036.9116.2.6.1.48.1211476691.1505180273.838479.dcm,3,-486.35335306800005,512,512,0,0,heldout_patient_fold,aa2d72a2538f26976441e6d52c8c11ca964533e55b3978b8345a70a019d52638,ea81da4d34ee1570c8dd3460a4e44f8f247a0ba0f55b701dbf5093d392e32021,negative,0,0.0,0.0,[],"[[375.3333435058594, 169.1666717529297, 411.3333435058594, 204.83334350585938], [359.3333435058594, 160.0, 426.0, 219.6666717529297]]","[0.34326171875, 0.010986328125]",0.34326171875,2
6353,848179,1.2.392.200036.9116.2.6.1.48.1211476691.1505180276.656681,/home/mahsa-nasehi/Desktop/IAAA/fracture/iaaa-contest-bct/Data/training/6353/1.2.392.200036.9116.2.6.1.48.1211476691.1505180276.656681.dcm,4,-479.924187468,512,512,0,0,heldout_patient_fold,aa2d72a2538f26976441e6d52c8c11ca964533e55b3978b8345a70a019d52638,ea81da4d34ee1570c8dd3460a4e44f8f247a0ba0f55b701dbf5093d392e32021,negative,0,0.0,0.0,[],"[[379.3333435058594, 173.6666717529297, 416.66668701171875, 210.33334350585938], [389.3333435058594, 227.0, 424.0, 264.3333435058594], [115.5, 158.25, 152.83334350585938, 193.6666717529297], [358.3333435058594, 162.1666717529297, 425.66668701171875, 225.5]]","[0.1688232421875, 0.0210418701171875, 0.019500732421875, 0.017242431640625]",0.1688232421875,4
6353,848179,1.2.392.200036.9116.2.6.1.48.1211476691.1505180276.918216,/home/mahsa-nasehi/Desktop/IAAA/fracture/iaaa-contest-bct/Data/training/6353/1.2.392.200036.9116.2.6.1.48.1211476691.1505180276.918216.dcm,5,-471.925772868,512,512,0,0,heldout_patient_fold,aa2d72a2538f26976441e6d52c8c11ca964533e55b3978b8345a70a019d52638,ea81da4d34ee1570c8dd3460a4e44f8f247a0ba0f55b701dbf5093d392e32021,negative,0,0.0,0.0,[],"[[378.0, 163.1666717529297, 414.0, 199.83334350585938], [390.0, 227.1666717529297, 427.3333435058594, 263.16668701171875], [267.3333435058594, 27.5, 412.66668701171875, 198.5]]","[0.1143798828125, 0.041473388671875, 0.0164031982421875]",0.1143798828125,3
6353,848179,1.2.392.200036.9116.2.6.1.48.1211476691.1505180277.181487,/home/mahsa-nasehi/Desktop/IAAA/fracture/iaaa-contest-bct/Data/training/6353/1.2.392.200036.9116.2.6.1.48.1211476691.1505180277.181487.dcm,6,-463.917847668,512,512,0,0,heldout_patient_fold,aa2d72a2538f26976441e6d52c8c11ca964533e55b3978b8345a70a019d52638,ea81da4d34ee1570c8dd3460a4e44f8f247a0ba0f55b701dbf5093d392e32021,negative,0,0.0,0.0,[],"[[300.0, 66.625, 367.3333435058594, 130.0], [396.66668701171875, 246.0, 432.66668701171875, 282.3333435058594], [378.0, 179.33334350585938, 414.0, 216.0], [362.0, 134.0, 398.0, 170.33334350585938], [324.5, 85.5, 360.66668701171875, 123.0]]","[0.1163330078125, 0.07421875, 0.0173797607421875, 0.0160980224609375, 0.01450347900390625]",0.1163330078125,5
6353,848179,1.2.392.200036.9116.2.6.1.48.1211476691.1505180277.438295,/home/mahsa-nasehi/Desktop/IAAA/fracture/iaaa-contest-bct/Data/training/6353/1.2.392.200036.9116.2.6.1.48.1211476691.1505180277.438295.dcm,7,-455.91943306800005,512,512,0,0,heldout_patient_fold,aa2d72a2538f26976441e6d52c8c11ca964533e55b3978b8345a70a019d52638,ea81da4d34ee1570c8dd3460a4e44f8f247a0ba0f55b701dbf5093d392e32021,negative,0,0.0,0.0,[],"[[396.66668701171875, 251.33334350585938, 432.66668701171875, 287.3333435058594]]",[0.0869140625],0.0869140625,1
6353,848179,1.2.392.200036.9116.2.6.1.48.1211476691.1505180280.255228,/home/mahsa-nasehi/Desktop/IAAA/fracture/iaaa-contest-bct/Data/training/6353/1.2.392.200036.9116.2.6.1.48.1211476691.1505180280.255228.dcm,8,-449.490267468,512,512,0,0,heldout_patient_fold,aa2d72a2538f26976441e6d52c8c11ca964533e55b3978b8345a70a019d52638,ea81da4d34ee1570c8dd3460a4e44f8f247a0ba0f55b701dbf5093d392e32021,negative,0,0.0,0.0,[],"[[392.66668701171875, 256.5, 430.0, 292.5]]",[0.235107421875],0.235107421875,1
6353,848179,1.2.392.200036.9116.2.6.1.48.1211476691.1505180280.514488,/home/mahsa-nasehi/Desktop/IAAA/fracture/iaaa-contest-bct/Data/training/6353/1.2.392.200036.9116.2.6.1.48.1211476691.1505180280.514488.dcm,9,-441.491852868,512,512,0,0,heldout_patient_fold,aa2d72a2538f26976441e6d52c8c11ca964533e55b3978b8345a70a019d52638,ea81da4d34ee1570c8dd3460a4e44f8f247a0ba0f55b701dbf5093d392e32021,negative,0,0.0,0.0,[],"[[396.66668701171875, 259.3333435058594, 432.66668701171875, 295.3333435058594]]",[0.036224365234375],0.036224365234375,1
6353,848179,1.2.392.200036.9116.2.6.1.48.1211476691.1505180280.780024,/home/mahsa-nasehi/Desktop/IAAA/fracture/iaaa-contest-bct/Data/training/6353/1.2.392.200036.9116.2.6.1.48.1211476691.1505180280.780024.dcm,10,-433.483927668,512,512,0,0,heldout_patient_fold,aa2d72a2538f26976441e6d52c8c11ca964533e55b3978b8345a70a019d52638,ea81da4d34ee1570c8dd3460a4e44f8f247a0ba0f55b701dbf5093d392e32021,negative,0,0.0,0.0,[],"[[304.0, 125.33333587646484, 370.0, 190.0], [382.0, 230.33334350585938, 419.3333435058594, 269.66668701171875], [301.66668701171875, 105.91667175292969, 441.0, 275.3333435058594]]","[0.01177978515625, 0.01129150390625, 0.01129150390625]",0.01177978515625,3
6353,848179,1.2.392.200036.9116.2.6.1.48.1211476691.1505180281.37993,/home/mahsa-nasehi/Desktop/IAAA/fracture/iaaa-contest-bct/Data/training/6353/1.2.392.200036.9116.2.6.1.48.1211476691.1505180281.37993.dcm,11,-425.48551306800005,512,512,0,0,heldout_patient_fold,aa2d72a2538f26976441e6d52c8c11ca964533e55b3978b8345a70a019d52638,ea81da4d34ee1570c8dd3460a4e44f8f247a0ba0f55b701dbf5093d392e32021,negative,0,0.0,0.0,[],"[[383.3333435058594, 232.1666717529297, 420.0, 269.5], [368.66668701171875, 218.6666717529297, 435.3333435058594, 280.66668701171875], [311.16668701171875, 143.5, 454.0, 315.5], [385.66668701171875, 269.8333435058594, 422.3333435058594, 306.16668701171875]]","[0.10089111328125, 0.053009033203125, 0.0120086669921875, 0.0115509033203125]",0.10089111328125,4
6353,848179,1.2.392.200036.9116.2.6.1.48.1211476691.1505180283.922531,/home/mahsa-nasehi/Desktop/IAAA/fracture/iaaa-contest-bct/Data/training/6353/1.2.392.200036.9116.2.6.1.48.1211476691.1505180283.922531.dcm,12,-419.056347468,512,512,0,0,heldout_patient_fold,aa2d72a2538f26976441e6d52c8c11ca964533e55b3978b8345a70a019d52638,ea81da4d34ee1570c8dd3460a4e44f8f247a0ba0f55b701dbf5093d392e32021,negative,0,0.0,0.0,[],"[[363.3333435058594, 259.3333435058594, 431.3333435058594, 322.66668701171875], [310.66668701171875, 172.5, 376.66668701171875, 229.83334350585938], [382.0, 272.0, 419.3333435058594, 309.3333435058594], [347.0, 213.0, 413.0, 274.66668701171875], [294.5, 129.4166717529297, 421.3333435058594, 285.3333435058594], [382.66668701171875, 299.3333435058594, 419.3333435058594, 335.66668701171875], [325.5, 177.83334350585938, 392.0, 245.1666717529297], [323.66668701171875, 188.0, 462.3333435058594, 354.3333435058594]]","[0.390380859375, 0.0634765625, 0.051849365234375, 0.023956298828125, 0.022369384765625, 0.019500732421875, 0.01678466796875, 0.01363372802734375]",0.390380859375,8
6353,848179,1.2.392.200036.9116.2.6.1.48.1211476691.1505180284.180114,/home/mahsa-nasehi/Desktop/IAAA/fracture/iaaa-contest-bct/Data/training/6353/1.2.392.200036.9116.2.6.1.48.1211476691.1505180284.180114.dcm,13,-411.057932868,512,512,0,0,heldout_patient_fold,aa2d72a2538f26976441e6d52c8c11ca964533e55b3978b8345a70a019d52638,ea81da4d34ee1570c8dd3460a4e44f8f247a0ba0f55b701dbf5093d392e32021,negative,0,0.0,0.0,[],[],[],0.0,0
6353,848179,1.2.392.200036.9116.2.6.1.48.1211476691.1505180284.445873,/home/mahsa-nasehi/Desktop/IAAA/fracture/iaaa-contest-bct/Data/training/6353/1.2.392.200036.9116.2.6.1.48.1211476691.1505180284.445873.dcm,14,-403.050007668,512,512,0,0,heldout_patient_fold,aa2d72a2538f26976441e6d52c8c11ca964533e55b3978b8345a70a019d52638,ea81da4d34ee1570c8dd3460a4e44f8f247a0ba0f55b701dbf5093d392e32021,negative,0,0.0,0.0,[],[],[],0.0,0
6353,848179,1.2.392.200036.9116.2.6.1.48.1211476691.1505180284.702398,/home/mahsa-nasehi/Desktop/IAAA/fracture/iaaa-contest-bct/Data/training/6353/1.2.392.200036.9116.2.6.1.48.1211476691.1505180284.702398.dcm,15,-395.05159306800005,512,512,0,0,heldout_patient_fold,aa2d72a2538f26976441e6d52c8c11ca964533e55b3978b8345a70a019d52638,ea81da4d34ee1570c8dd3460a4e44f8f247a0ba0f55b701dbf5093d392e32021,negative,0,0.0,0.0,[],"[[251.0, 188.1666717529297, 317.66668701171875, 253.83334350585938]]",[0.019561767578125],0.019561767578125,1
663,193532,1.2.392.200036.9116.2.6.1.3268.2054351322.1617031460.812291,/home/mahsa-nasehi/Desktop/IAAA/fracture/iaaa-contest-bct/Data/training/663/1.2.392.200036.9116.2.6.1.3268.2054351322.1617031460.812291.dcm,0,36.222358034,512,512,0,0,heldout_patient_fold,aa2d72a2538f26976441e6d52c8c11ca964533e55b3978b8345a70a019d52638,ea81da4d34ee1570c8dd3460a4e44f8f247a0ba0f55b701dbf5093d392e32021,negative,0,0.0,0.0,[],[],[],0.0,0
663,193532,1.2.392.200036.9116.2.6.1.3268.2054351322.1617031461.836632,/home/mahsa-nasehi/Desktop/IAAA/fracture/iaaa-contest-bct/Data/training/663/1.2.392.200036.9116.2.6.1.3268.2054351322.1617031461.836632.dcm,1,41.052008034,512,512,0,0,heldout_patient_fold,aa2d72a2538f26976441e6d52c8c11ca964533e55b3978b8345a70a019d52638,ea81da4d34ee1570c8dd3460a4e44f8f247a0ba0f55b701dbf5093d392e32021,negative,0,0.0,0.0,[],[],[],0.0,0
663,193532,1.2.392.200036.9116.2.6.1.3268.2054351322.1617031463.423202,/home/mahsa-nasehi/Desktop/IAAA/fracture/iaaa-contest-bct/Data/training/663/1.2.392.200036.9116.2.6.1.3268.2054351322.1617031463.423202.dcm,2,45.881658034,512,512,0,0,heldout_patient_fold,aa2d72a2538f26976441e6d52c8c11ca964533e55b3978b8345a70a019d52638,ea81da4d34ee1570c8dd3460a4e44f8f247a0ba0f55b701dbf5093d392e32021,negative,0,0.0,0.0,[],[],[],0.0,0
663,193532,1.2.392.200036.9116.2.6.1.3268.2054351322.1617031464.317744,/home/mahsa-nasehi/Desktop/IAAA/fracture/iaaa-contest-bct/Data/training/663/1.2.392.200036.9116.2.6.1.3268.2054351322.1617031464.317744.dcm,3,50.711308034,512,512,0,0,heldout_patient_fold,aa2d72a2538f26976441e6d52c8c11ca964533e55b3978b8345a70a019d52638,ea81da4d34ee1570c8dd3460a4e44f8f247a0ba0f55b701dbf5093d392e32021,negative,0,0.0,0.0,[],"[[324.66668701171875, 203.33334350585938, 360.66668701171875, 239.33334350585938]]",[0.0262603759765625],0.0262603759765625,1
663,193532,1.2.392.200036.9116.2.6.1.3268.2054351322.1617031465.221602,/home/mahsa-nasehi/Desktop/IAAA/fracture/iaaa-contest-bct/Data/training/663/1.2.392.200036.9116.2.6.1.3268.2054351322.1617031465.221602.dcm,4,55.540958034,512,512,0,0,heldout_patient_fold,aa2d72a2538f26976441e6d52c8c11ca964533e55b3978b8345a70a019d52638,ea81da4d34ee1570c8dd3460a4e44f8f247a0ba0f55b701dbf5093d392e32021,negative,0,0.0,0.0,[],[],[],0.0,0
663,193532,1.2.392.200036.9116.2.6.1.3268.2054351322.1617031465.873389,/home/mahsa-nasehi/Desktop/IAAA/fracture/iaaa-contest-bct/Data/training/663/1.2.392.200036.9116.2.6.1.3268.2054351322.1617031465.873389.dcm,5,60.370608034,512,512,0,0,heldout_patient_fold,aa2d72a2538f26976441e6d52c8c11ca964533e55b3978b8345a70a019d52638,ea81da4d34ee1570c8dd3460a4e44f8f247a0ba0f55b701dbf5093d392e32021,negative,0,0.0,0.0,[],[],[],0.0,0
663,193532,1.2.392.200036.9116.2.6.1.3268.2054351322.1617031466.544163,/home/mahsa-nasehi/Desktop/IAAA/fracture/iaaa-contest-bct/Data/training/663/1.2.392.200036.9116.2.6.1.3268.2054351322.1617031466.544163.dcm,6,65.200258034,512,512,0,0,heldout_patient_fold,aa2d72a2538f26976441e6d52c8c11ca964533e55b3978b8345a70a019d52638,ea81da4d34ee1570c8dd3460a4e44f8f247a0ba0f55b701dbf5093d392e32021,negative,0,0.0,0.0,[],"[[326.66668701171875, 312.3333435058594, 363.3333435058594, 349.0]]",[0.0236968994140625],0.0236968994140625,1
663,193532,1.2.392.200036.9116.2.6.1.3268.2054351322.1617031467.342551,/home/mahsa-nasehi/Desktop/IAAA/fracture/iaaa-contest-bct/Data/training/663/1.2.392.200036.9116.2.6.1.3268.2054351322.1617031467.342551.dcm,7,70.02932847599999,512,512,0,0,heldout_patient_fold,aa2d72a2538f26976441e6d52c8c11ca964533e55b3978b8345a70a019d52638,ea81da4d34ee1570c8dd3460a4e44f8f247a0ba0f55b701dbf5093d392e32021,negative,0,0.0,0.0,[],[],[],0.0,0
663,193532,1.2.392.200036.9116.2.6.1.3268.2054351322.1617031468.198666,/home/mahsa-nasehi/Desktop/IAAA/fracture/iaaa-contest-bct/Data/training/663/1.2.392.200036.9116.2.6.1.3268.2054351322.1617031468.198666.dcm,8,74.85897847599999,512,512,0,0,heldout_patient_fold,aa2d72a2538f26976441e6d52c8c11ca964533e55b3978b8345a70a019d52638,ea81da4d34ee1570c8dd3460a4e44f8f247a0ba0f55b701dbf5093d392e32021,negative,0,0.0,0.0,[],"[[325.3333435058594, 344.0, 360.66668701171875, 382.0], [330.66668701171875, 357.0, 366.0, 395.0]]","[0.056640625, 0.010650634765625]",0.056640625,2
663,193532,1.2.392.200036.9116.2.6.1.3268.2054351322.1617031469.9678,/home/mahsa-nasehi/Desktop/IAAA/fracture/iaaa-contest-bct/Data/training/663/1.2.392.200036.9116.2.6.1.3268.2054351322.1617031469.9678.dcm,9,79.68862847599999,512,512,0,0,heldout_patient_fold,aa2d72a2538f26976441e6d52c8c11ca964533e55b3978b8345a70a019d52638,ea81da4d34ee1570c8dd3460a4e44f8f247a0ba0f55b701dbf5093d392e32021,negative,0,0.0,0.0,[],[],[],0.0,0
663,193532,1.2.392.200036.9116.2.6.1.3268.2054351322.1617031469.862379,/home/mahsa-nasehi/Desktop/IAAA/fracture/iaaa-contest-bct/Data/training/663/1.2.392.200036.9116.2.6.1.3268.2054351322.1617031469.862379.dcm,10,84.51827847599999,512,512,0,0,heldout_patient_fold,aa2d72a2538f26976441e6d52c8c11ca964533e55b3978b8345a70a019d52638,ea81da4d34ee1570c8dd3460a4e44f8f247a0ba0f55b701dbf5093d392e32021,negative,0,0.0,0.0,[],"[[114.16667175292969, 339.3333435058594, 149.83334350585938, 376.0], [86.5, 288.8333435058594, 123.33333587646484, 325.16668701171875]]","[0.0374755859375, 0.01073455810546875]",0.0374755859375,2
663,193532,1.2.392.200036.9116.2.6.1.3268.2054351322.1617031470.667062,/home/mahsa-nasehi/Desktop/IAAA/fracture/iaaa-contest-bct/Data/training/663/1.2.392.200036.9116.2.6.1.3268.2054351322.1617031470.667062.dcm,11,89.34792847599999,512,512,0,0,heldout_patient_fold,aa2d72a2538f26976441e6d52c8c11ca964533e55b3978b8345a70a019d52638,ea81da4d34ee1570c8dd3460a4e44f8f247a0ba0f55b701dbf5093d392e32021,negative,0,0.0,0.0,[],"[[103.33333587646484, 336.3333435058594, 139.33334350585938, 373.0], [86.5, 294.0, 123.5, 330.0], [359.3333435058594, 275.3333435058594, 395.3333435058594, 311.66668701171875]]","[0.0269622802734375, 0.0224609375, 0.0119171142578125]",0.0269622802734375,3
663,193532,1.2.392.200036.9116.2.6.1.3268.2054351322.1617031471.351107,/home/mahsa-nasehi/Desktop/IAAA/fracture/iaaa-contest-bct/Data/training/663/1.2.392.200036.9116.2.6.1.3268.2054351322.1617031471.351107.dcm,12,94.177578476,512,512,0,0,heldout_patient_fold,aa2d72a2538f26976441e6d52c8c11ca964533e55b3978b8345a70a019d52638,ea81da4d34ee1570c8dd3460a4e44f8f247a0ba0f55b701dbf5093d392e32021,negative,0,0.0,0.0,[],"[[361.3333435058594, 278.0, 398.66668701171875, 314.0], [97.08333587646484, 139.1666717529297, 165.08334350585938, 197.83334350585938], [103.33333587646484, 342.0, 139.33334350585938, 378.0]]","[0.07666015625, 0.03662109375, 0.010406494140625]",0.07666015625,3
663,193532,1.2.392.200036.9116.2.6.1.3268.2054351322.1617031472.156000,/home/mahsa-nasehi/Desktop/IAAA/fracture/iaaa-contest-bct/Data/training/663/1.2.392.200036.9116.2.6.1.3268.2054351322.1617031472.156000.dcm,13,99.007228476,512,512,0,0,heldout_patient_fold,aa2d72a2538f26976441e6d52c8c11ca964533e55b3978b8345a70a019d52638,ea81da4d34ee1570c8dd3460a4e44f8f247a0ba0f55b701dbf5093d392e32021,negative,0,0.0,0.0,[],"[[361.66668701171875, 280.66668701171875, 398.3333435058594, 316.66668701171875], [114.75, 154.9166717529297, 152.25, 191.0]]","[0.07476806640625, 0.01262664794921875]",0.07476806640625,2
663,193532,1.2.392.200036.9116.2.6.1.3268.2054351322.1617031472.960112,/home/mahsa-nasehi/Desktop/IAAA/fracture/iaaa-contest-bct/Data/training/663/1.2.392.200036.9116.2.6.1.3268.2054351322.1617031472.960112.dcm,14,103.836878476,512,512,0,0,heldout_patient_fold,aa2d72a2538f26976441e6d52c8c11ca964533e55b3978b8345a70a019d52638,ea81da4d34ee1570c8dd3460a4e44f8f247a0ba0f55b701dbf5093d392e32021,negative,0,0.0,0.0,[],"[[362.0, 283.3333435058594, 398.0, 319.3333435058594]]",[0.0100555419921875],0.0100555419921875,1
663,193532,1.2.392.200036.9116.2.6.1.3268.2054351322.1617031473.744571,/home/mahsa-nasehi/Desktop/IAAA/fracture/iaaa-contest-bct/Data/training/663/1.2.392.200036.9116.2.6.1.3268.2054351322.1617031473.744571.dcm,15,108.666528476,512,512,0,0,heldout_patient_fold,aa2d72a2538f26976441e6d52c8c11ca964533e55b3978b8345a70a019d52638,ea81da4d34ee1570c8dd3460a4e44f8f247a0ba0f55b701dbf5093d392e32021,negative,0,0.0,0.0,[],"[[356.66668701171875, 181.33334350585938, 392.66668701171875, 218.0]]",[0.06756591796875],0.06756591796875,1
663,193532,1.2.392.200036.9116.2.6.1.3268.2054351322.1617031474.639799,/home/mahsa-nasehi/Desktop/IAAA/fracture/iaaa-contest-bct/Data/training/663/1.2.392.200036.9116.2.6.1.3268.2054351322.1617031474.639799.dcm,16,113.496178476,512,512,0,0,heldout_patient_fold,aa2d72a2538f26976441e6d52c8c11ca964533e55b3978b8345a70a019d52638,ea81da4d34ee1570c8dd3460a4e44f8f247a0ba0f55b701dbf5093d392e32021,negative,0,0.0,0.0,[],"[[354.0, 184.6666717529297, 390.0, 220.6666717529297]]",[0.0755615234375],0.0755615234375,1
663,193532,1.2.392.200036.9116.2.6.1.3268.2054351322.1617031475.499503,/home/mahsa-nasehi/Desktop/IAAA/fracture/iaaa-contest-bct/Data/training/663/1.2.392.200036.9116.2.6.1.3268.2054351322.1617031475.499503.dcm,17,118.325828476,512,512,0,0,heldout_patient_fold,aa2d72a2538f26976441e6d52c8c11ca964533e55b3978b8345a70a019d52638,ea81da4d34ee1570c8dd3460a4e44f8f247a0ba0f55b701dbf5093d392e32021,negative,0,0.0,0.0,[],"[[350.0, 184.33334350585938, 384.66668701171875, 221.6666717529297], [336.3333435058594, 174.83334350585938, 403.0, 237.1666717529297]]","[0.01751708984375, 0.016845703125]",0.01751708984375,2
663,193532,1.2.392.200036.9116.2.6.1.3268.2054351322.1617031476.210169,/home/mahsa-nasehi/Desktop/IAAA/fracture/iaaa-contest-bct/Data/training/663/1.2.392.200036.9116.2.6.1.3268.2054351322.1617031476.210169.dcm,18,123.15547847599998,512,512,0,0,heldout_patient_fold,aa2d72a2538f26976441e6d52c8c11ca964533e55b3978b8345a70a019d52638,ea81da4d34ee1570c8dd3460a4e44f8f247a0ba0f55b701dbf5093d392e32021,negative,0,0.0,0.0,[],[],[],0.0,0
663,193532,1.2.392.200036.9116.2.6.1.3268.2054351322.1617031476.870196,/home/mahsa-nasehi/Desktop/IAAA/fracture/iaaa-contest-bct/Data/training/663/1.2.392.200036.9116.2.6.1.3268.2054351322.1617031476.870196.dcm,19,127.98512847599999,512,512,0,0,heldout_patient_fold,aa2d72a2538f26976441e6d52c8c11ca964533e55b3978b8345a70a019d52638,ea81da4d34ee1570c8dd3460a4e44f8f247a0ba0f55b701dbf5093d392e32021,negative,0,0.0,0.0,[],"[[357.0, 280.66668701171875, 393.0, 317.3333435058594], [321.66668701171875, 175.33334350585938, 388.3333435058594, 234.33334350585938], [107.5, 143.25, 173.83334350585938, 204.0]]","[0.07861328125, 0.051849365234375, 0.0136871337890625]",0.07861328125,3
663,193532,1.2.392.200036.9116.2.6.1.3268.2054351322.1617031477.794128,/home/mahsa-nasehi/Desktop/IAAA/fracture/iaaa-contest-bct/Data/training/663/1.2.392.200036.9116.2.6.1.3268.2054351322.1617031477.794128.dcm,20,132.814778476,512,512,0,0,heldout_patient_fold,aa2d72a2538f26976441e6d52c8c11ca964533e55b3978b8345a70a019d52638,ea81da4d34ee1570c8dd3460a4e44f8f247a0ba0f55b701dbf5093d392e32021,negative,0,0.0,0.0,[],"[[355.3333435058594, 285.3333435058594, 392.66668701171875, 322.3333435058594], [320.66668701171875, 177.0, 387.3333435058594, 236.33334350585938], [340.66668701171875, 187.0, 376.66668701171875, 223.6666717529297]]","[0.05340576171875, 0.04638671875, 0.017242431640625]",0.05340576171875,3
663,193532,1.2.392.200036.9116.2.6.1.3268.2054351322.1617031478.489413,/home/mahsa-nasehi/Desktop/IAAA/fracture/iaaa-contest-bct/Data/training/663/1.2.392.200036.9116.2.6.1.3268.2054351322.1617031478.489413.dcm,21,137.644428476,512,512,0,0,heldout_patient_fold,aa2d72a2538f26976441e6d52c8c11ca964533e55b3978b8345a70a019d52638,ea81da4d34ee1570c8dd3460a4e44f8f247a0ba0f55b701dbf5093d392e32021,negative,0,0.0,0.0,[],"[[340.66668701171875, 274.3333435058594, 407.3333435058594, 339.66668701171875], [310.0, 176.33334350585938, 378.0, 235.6666717529297], [356.66668701171875, 288.3333435058594, 392.66668701171875, 324.66668701171875]]","[0.04132080078125, 0.0147857666015625, 0.0144500732421875]",0.04132080078125,3
663,193532,1.2.392.200036.9116.2.6.1.3268.2054351322.1617031479.298315,/home/mahsa-nasehi/Desktop/IAAA/fracture/iaaa-contest-bct/Data/training/663/1.2.392.200036.9116.2.6.1.3268.2054351322.1617031479.298315.dcm,22,142.474078476,512,512,0,0,heldout_patient_fold,aa2d72a2538f26976441e6d52c8c11ca964533e55b3978b8345a70a019d52638,ea81da4d34ee1570c8dd3460a4e44f8f247a0ba0f55b701dbf5093d392e32021,negative,0,0.0,0.0,[],"[[305.3333435058594, 176.33334350585938, 372.66668701171875, 235.33334350585938], [331.3333435058594, 270.66668701171875, 398.0, 334.0], [324.0, 189.6666717529297, 360.66668701171875, 226.33334350585938], [258.0, 101.0, 399.3333435058594, 273.3333435058594]]","[0.019866943359375, 0.01433563232421875, 0.0103302001953125, 0.010009765625]",0.019866943359375,4
663,193532,1.2.392.200036.9116.2.6.1.3268.2054351322.1617031480.95655,/home/mahsa-nasehi/Desktop/IAAA/fracture/iaaa-contest-bct/Data/training/663/1.2.392.200036.9116.2.6.1.3268.2054351322.1617031480.95655.dcm,23,147.303728476,512,512,0,0,heldout_patient_fold,aa2d72a2538f26976441e6d52c8c11ca964533e55b3978b8345a70a019d52638,ea81da4d34ee1570c8dd3460a4e44f8f247a0ba0f55b701dbf5093d392e32021,negative,0,0.0,0.0,[],"[[330.0, 296.0, 398.0, 360.3333435058594], [313.3333435058594, 187.33334350585938, 350.3333435058594, 223.33334350585938], [299.3333435058594, 176.1666717529297, 365.3333435058594, 236.5], [340.3333435058594, 304.3333435058594, 377.0, 341.0]]","[0.07666015625, 0.05987548828125, 0.035400390625, 0.01560211181640625]",0.07666015625,4
663,193532,1.2.392.200036.9116.2.6.1.3268.2054351322.1617031480.846463,/home/mahsa-nasehi/Desktop/IAAA/fracture/iaaa-contest-bct/Data/training/663/1.2.392.200036.9116.2.6.1.3268.2054351322.1617031480.846463.dcm,24,152.133378476,512,512,0,0,heldout_patient_fold,aa2d72a2538f26976441e6d52c8c11ca964533e55b3978b8345a70a019d52638,ea81da4d34ee1570c8dd3460a4e44f8f247a0ba0f55b701dbf5093d392e32021,negative,0,0.0,0.0,[],"[[289.0, 176.0, 355.66668701171875, 236.6666717529297]]",[0.0197906494140625],0.0197906494140625,1
663,193532,1.2.392.200036.9116.2.6.1.3268.2054351322.1617031481.661805,/home/mahsa-nasehi/Desktop/IAAA/fracture/iaaa-contest-bct/Data/training/663/1.2.392.200036.9116.2.6.1.3268.2054351322.1617031481.661805.dcm,25,156.96302847599998,512,512,0,0,heldout_patient_fold,aa2d72a2538f26976441e6d52c8c11ca964533e55b3978b8345a70a019d52638,ea81da4d34ee1570c8dd3460a4e44f8f247a0ba0f55b701dbf5093d392e32021,negative,0,0.0,0.0,[],[],[],0.0,0
663,193532,1.2.392.200036.9116.2.6.1.3268.2054351322.1617031482.591465,/home/mahsa-nasehi/Desktop/IAAA/fracture/iaaa-contest-bct/Data/training/663/1.2.392.200036.9116.2.6.1.3268.2054351322.1617031482.591465.dcm,26,161.792678476,512,512,0,0,heldout_patient_fold,aa2d72a2538f26976441e6d52c8c11ca964533e55b3978b8345a70a019d52638,ea81da4d34ee1570c8dd3460a4e44f8f247a0ba0f55b701dbf5093d392e32021,negative,0,0.0,0.0,[],"[[315.0, 283.0, 381.66668701171875, 343.3333435058594]]",[0.0143890380859375],0.0143890380859375,1
663,193532,1.2.392.200036.9116.2.6.1.3268.2054351322.1617031483.459082,/home/mahsa-nasehi/Desktop/IAAA/fracture/iaaa-contest-bct/Data/training/663/1.2.392.200036.9116.2.6.1.3268.2054351322.1617031483.459082.dcm,27,166.62232847599998,512,512,0,0,heldout_patient_fold,aa2d72a2538f26976441e6d52c8c11ca964533e55b3978b8345a70a019d52638,ea81da4d34ee1570c8dd3460a4e44f8f247a0ba0f55b701dbf5093d392e32021,negative,0,0.0,0.0,[],[],[],0.0,0
663,193532,1.2.392.200036.9116.2.6.1.3268.2054351322.1617031484.329841,/home/mahsa-nasehi/Desktop/IAAA/fracture/iaaa-contest-bct/Data/training/663/1.2.392.200036.9116.2.6.1.3268.2054351322.1617031484.329841.dcm,28,171.451978476,512,512,0,0,heldout_patient_fold,aa2d72a2538f26976441e6d52c8c11ca964533e55b3978b8345a70a019d52638,ea81da4d34ee1570c8dd3460a4e44f8f247a0ba0f55b701dbf5093d392e32021,negative,0,0.0,0.0,[],[],[],0.0,0
663,193532,1.2.392.200036.9116.2.6.1.3268.2054351322.1617031485.100418,/home/mahsa-nasehi/Desktop/IAAA/fracture/iaaa-contest-bct/Data/training/663/1.2.392.200036.9116.2.6.1.3268.2054351322.1617031485.100418.dcm,29,176.28162847599998,512,512,0,0,heldout_patient_fold,aa2d72a2538f26976441e6d52c8c11ca964533e55b3978b8345a70a019d52638,ea81da4d34ee1570c8dd3460a4e44f8f247a0ba0f55b701dbf5093d392e32021,negative,0,0.0,0.0,[],[],[],0.0,0
663,193532,1.2.392.200036.9116.2.6.1.3268.2054351322.1617031485.853593,/home/mahsa-nasehi/Desktop/IAAA/fracture/iaaa-contest-bct/Data/training/663/1.2.392.200036.9116.2.6.1.3268.2054351322.1617031485.853593.dcm,30,181.111278476,512,512,0,0,heldout_patient_fold,aa2d72a2538f26976441e6d52c8c11ca964533e55b3978b8345a70a019d52638,ea81da4d34ee1570c8dd3460a4e44f8f247a0ba0f55b701dbf5093d392e32021,negative,0,0.0,0.0,[],[],[],0.0,0
663,193532,1.2.392.200036.9116.2.6.1.3268.2054351322.1617031486.661230,/home/mahsa-nasehi/Desktop/IAAA/fracture/iaaa-contest-bct/Data/training/663/1.2.392.200036.9116.2.6.1.3268.2054351322.1617031486.661230.dcm,31,185.94092847599998,512,512,0,0,heldout_patient_fold,aa2d72a2538f26976441e6d52c8c11ca964533e55b3978b8345a70a019d52638,ea81da4d34ee1570c8dd3460a4e44f8f247a0ba0f55b701dbf5093d392e32021,negative,0,0.0,0.0,[],[],[],0.0,0
6665,850340,1.2.392.200036.9116.2.6.1.48.1211476691.1503717326.357416,/home/mahsa-nasehi/Desktop/IAAA/fracture/iaaa-contest-bct/Data/training/6665/1.2.392.200036.9116.2.6.1.48.1211476691.1503717326.357416.dcm,0,-562.5,512,512,0,0,heldout_patient_fold,aa2d72a2538f26976441e6d52c8c11ca964533e55b3978b8345a70a019d52638,ea81da4d34ee1570c8dd3460a4e44f8f247a0ba0f55b701dbf5093d392e32021,negative,0,0.0,0.0,[],"[[346.3333435058594, 258.0, 413.66668701171875, 325.3333435058594]]",[0.0100555419921875],0.0100555419921875,1
6665,850340,1.2.392.200036.9116.2.6.1.48.1211476691.1503717326.611517,/home/mahsa-nasehi/Desktop/IAAA/fracture/iaaa-contest-bct/Data/training/6665/1.2.392.200036.9116.2.6.1.48.1211476691.1503717326.611517.dcm,1,-554.5,512,512,0,0,heldout_patient_fold,aa2d72a2538f26976441e6d52c8c11ca964533e55b3978b8345a70a019d52638,ea81da4d34ee1570c8dd3460a4e44f8f247a0ba0f55b701dbf5093d392e32021,negative,0,0.0,0.0,[],[],[],0.0,0
6665,850340,1.2.392.200036.9116.2.6.1.48.1211476691.1503717326.886013,/home/mahsa-nasehi/Desktop/IAAA/fracture/iaaa-contest-bct/Data/training/6665/1.2.392.200036.9116.2.6.1.48.1211476691.1503717326.886013.dcm,2,-546.5,512,512,0,0,heldout_patient_fold,aa2d72a2538f26976441e6d52c8c11ca964533e55b3978b8345a70a019d52638,ea81da4d34ee1570c8dd3460a4e44f8f247a0ba0f55b701dbf5093d392e32021,negative,0,0.0,0.0,[],[],[],0.0,0
6665,850340,1.2.392.200036.9116.2.6.1.48.1211476691.1503717327.134436,/home/mahsa-nasehi/Desktop/IAAA/fracture/iaaa-contest-bct/Data/training/6665/1.2.392.200036.9116.2.6.1.48.1211476691.1503717327.134436.dcm,3,-538.5,512,512,0,0,heldout_patient_fold,aa2d72a2538f26976441e6d52c8c11ca964533e55b3978b8345a70a019d52638,ea81da4d34ee1570c8dd3460a4e44f8f247a0ba0f55b701dbf5093d392e32021,negative,0,0.0,0.0,[],[],[],0.0,0
6665,850340,1.2.392.200036.9116.2.6.1.48.1211476691.1503717329.407043,/home/mahsa-nasehi/Desktop/IAAA/fracture/iaaa-contest-bct/Data/training/6665/1.2.392.200036.9116.2.6.1.48.1211476691.1503717329.407043.dcm,4,-530.5,512,512,0,0,heldout_patient_fold,aa2d72a2538f26976441e6d52c8c11ca964533e55b3978b8345a70a019d52638,ea81da4d34ee1570c8dd3460a4e44f8f247a0ba0f55b701dbf5093d392e32021,negative,0,0.0,0.0,[],"[[250.33334350585938, 0.0, 382.66668701171875, 154.1666717529297], [119.83333587646484, 238.0, 155.5, 274.66668701171875], [140.6666717529297, 317.3333435058594, 176.83334350585938, 354.66668701171875]]","[0.044525146484375, 0.025177001953125, 0.0156707763671875]",0.044525146484375,3
6665,850340,1.2.392.200036.9116.2.6.1.48.1211476691.1503717329.656298,/home/mahsa-nasehi/Desktop/IAAA/fracture/iaaa-contest-bct/Data/training/6665/1.2.392.200036.9116.2.6.1.48.1211476691.1503717329.656298.dcm,5,-522.5,512,512,0,0,heldout_patient_fold,aa2d72a2538f26976441e6d52c8c11ca964533e55b3978b8345a70a019d52638,ea81da4d34ee1570c8dd3460a4e44f8f247a0ba0f55b701dbf5093d392e32021,negative,0,0.0,0.0,[],[],[],0.0,0
6665,850340,1.2.392.200036.9116.2.6.1.48.1211476691.1503717329.924397,/home/mahsa-nasehi/Desktop/IAAA/fracture/iaaa-contest-bct/Data/training/6665/1.2.392.200036.9116.2.6.1.48.1211476691.1503717329.924397.dcm,6,-514.5,512,512,0,0,heldout_patient_fold,aa2d72a2538f26976441e6d52c8c11ca964533e55b3978b8345a70a019d52638,ea81da4d34ee1570c8dd3460a4e44f8f247a0ba0f55b701dbf5093d392e32021,negative,0,0.0,0.0,[],[],[],0.0,0
6665,850340,1.2.392.200036.9116.2.6.1.48.1211476691.1503717330.182636,/home/mahsa-nasehi/Desktop/IAAA/fracture/iaaa-contest-bct/Data/training/6665/1.2.392.200036.9116.2.6.1.48.1211476691.1503717330.182636.dcm,7,-506.5,512,512,0,0,heldout_patient_fold,aa2d72a2538f26976441e6d52c8c11ca964533e55b3978b8345a70a019d52638,ea81da4d34ee1570c8dd3460a4e44f8f247a0ba0f55b701dbf5093d392e32021,negative,0,0.0,0.0,[],[],[],0.0,0
6665,850340,1.2.392.200036.9116.2.6.1.48.1211476691.1503717332.483394,/home/mahsa-nasehi/Desktop/IAAA/fracture/iaaa-contest-bct/Data/training/6665/1.2.392.200036.9116.2.6.1.48.1211476691.1503717332.483394.dcm,8,-498.5,512,512,0,0,heldout_patient_fold,aa2d72a2538f26976441e6d52c8c11ca964533e55b3978b8345a70a019d52638,ea81da4d34ee1570c8dd3460a4e44f8f247a0ba0f55b701dbf5093d392e32021,negative,0,0.0,0.0,[],[],[],0.0,0
6665,850340,1.2.392.200036.9116.2.6.1.48.1211476691.1503717332.740955,/home/mahsa-nasehi/Desktop/IAAA/fracture/iaaa-contest-bct/Data/training/6665/1.2.392.200036.9116.2.6.1.48.1211476691.1503717332.740955.dcm,9,-490.5,512,512,0,0,heldout_patient_fold,aa2d72a2538f26976441e6d52c8c11ca964533e55b3978b8345a70a019d52638,ea81da4d34ee1570c8dd3460a4e44f8f247a0ba0f55b701dbf5093d392e32021,negative,0,0.0,0.0,[],[],[],0.0,0
6665,850340,1.2.392.200036.9116.2.6.1.48.1211476691.1503717333.11692,/home/mahsa-nasehi/Desktop/IAAA/fracture/iaaa-contest-bct/Data/training/6665/1.2.392.200036.9116.2.6.1.48.1211476691.1503717333.11692.dcm,10,-482.5,512,512,0,0,heldout_patient_fold,aa2d72a2538f26976441e6d52c8c11ca964533e55b3978b8345a70a019d52638,ea81da4d34ee1570c8dd3460a4e44f8f247a0ba0f55b701dbf5093d392e32021,negative,0,0.0,0.0,[],[],[],0.0,0
6665,850340,1.2.392.200036.9116.2.6.1.48.1211476691.1503717333.263271,/home/mahsa-nasehi/Desktop/IAAA/fracture/iaaa-contest-bct/Data/training/6665/1.2.392.200036.9116.2.6.1.48.1211476691.1503717333.263271.dcm,11,-474.5,512,512,0,0,heldout_patient_fold,aa2d72a2538f26976441e6d52c8c11ca964533e55b3978b8345a70a019d52638,ea81da4d34ee1570c8dd3460a4e44f8f247a0ba0f55b701dbf5093d392e32021,negative,0,0.0,0.0,[],[],[],0.0,0
6665,850340,1.2.392.200036.9116.2.6.1.48.1211476691.1503717335.690708,/home/mahsa-nasehi/Desktop/IAAA/fracture/iaaa-contest-bct/Data/training/6665/1.2.392.200036.9116.2.6.1.48.1211476691.1503717335.690708.dcm,12,-466.5,512,512,0,0,heldout_patient_fold,aa2d72a2538f26976441e6d52c8c11ca964533e55b3978b8345a70a019d52638,ea81da4d34ee1570c8dd3460a4e44f8f247a0ba0f55b701dbf5093d392e32021,negative,0,0.0,0.0,[],"[[388.0, 174.0, 424.66668701171875, 210.0], [369.3333435058594, 157.9166717529297, 435.3333435058594, 220.0]]","[0.02685546875, 0.01358795166015625]",0.02685546875,2
6665,850340,1.2.392.200036.9116.2.6.1.48.1211476691.1503717335.847123,/home/mahsa-nasehi/Desktop/IAAA/fracture/iaaa-contest-bct/Data/training/6665/1.2.392.200036.9116.2.6.1.48.1211476691.1503717335.847123.dcm,13,-458.5,512,512,0,0,heldout_patient_fold,aa2d72a2538f26976441e6d52c8c11ca964533e55b3978b8345a70a019d52638,ea81da4d34ee1570c8dd3460a4e44f8f247a0ba0f55b701dbf5093d392e32021,negative,0,0.0,0.0,[],"[[363.3333435058594, 190.0, 430.66668701171875, 252.0]]",[0.03594970703125],0.03594970703125,1
6665,850340,1.2.392.200036.9116.2.6.1.48.1211476691.1503717336.109115,/home/mahsa-nasehi/Desktop/IAAA/fracture/iaaa-contest-bct/Data/training/6665/1.2.392.200036.9116.2.6.1.48.1211476691.1503717336.109115.dcm,14,-450.5,512,512,0,0,heldout_patient_fold,aa2d72a2538f26976441e6d52c8c11ca964533e55b3978b8345a70a019d52638,ea81da4d34ee1570c8dd3460a4e44f8f247a0ba0f55b701dbf5093d392e32021,negative,0,0.0,0.0,[],[],[],0.0,0
6665,850340,1.2.392.200036.9116.2.6.1.48.1211476691.1503717336.371625,/home/mahsa-nasehi/Desktop/IAAA/fracture/iaaa-contest-bct/Data/training/6665/1.2.392.200036.9116.2.6.1.48.1211476691.1503717336.371625.dcm,15,-442.5,512,512,0,0,heldout_patient_fold,aa2d72a2538f26976441e6d52c8c11ca964533e55b3978b8345a70a019d52638,ea81da4d34ee1570c8dd3460a4e44f8f247a0ba0f55b701dbf5093d392e32021,negative,0,0.0,0.0,[],"[[326.3333435058594, 180.33334350585938, 393.66668701171875, 241.6666717529297], [352.66668701171875, 192.0, 390.0, 228.6666717529297]]","[0.030792236328125, 0.0173797607421875]",0.030792236328125,2
673,197290,1.2.392.200036.9116.2.6.1.3268.2054351322.1618281043.215929,/home/mahsa-nasehi/Desktop/IAAA/fracture/iaaa-contest-bct/Data/training/673/1.2.392.200036.9116.2.6.1.3268.2054351322.1618281043.215929.dcm,0,209.90437329999997,512,512,0,0,heldout_patient_fold,aa2d72a2538f26976441e6d52c8c11ca964533e55b3978b8345a70a019d52638,ea81da4d34ee1570c8dd3460a4e44f8f247a0ba0f55b701dbf5093d392e32021,negative,0,0.0,0.0,[],"[[315.0, 256.16668701171875, 350.0, 294.16668701171875]]",[0.01009368896484375],0.01009368896484375,1
673,197290,1.2.392.200036.9116.2.6.1.3268.2054351322.1618281044.156050,/home/mahsa-nasehi/Desktop/IAAA/fracture/iaaa-contest-bct/Data/training/673/1.2.392.200036.9116.2.6.1.3268.2054351322.1618281044.156050.dcm,1,213.80957329999998,512,512,0,0,heldout_patient_fold,aa2d72a2538f26976441e6d52c8c11ca964533e55b3978b8345a70a019d52638,ea81da4d34ee1570c8dd3460a4e44f8f247a0ba0f55b701dbf5093d392e32021,negative,0,0.0,0.0,[],"[[276.66668701171875, 166.33334350585938, 312.66668701171875, 202.33334350585938]]",[0.014007568359375],0.014007568359375,1
673,197290,1.2.392.200036.9116.2.6.1.3268.2054351322.1618281044.711789,/home/mahsa-nasehi/Desktop/IAAA/fracture/iaaa-contest-bct/Data/training/673/1.2.392.200036.9116.2.6.1.3268.2054351322.1618281044.711789.dcm,2,217.7147733,512,512,0,0,heldout_patient_fold,aa2d72a2538f26976441e6d52c8c11ca964533e55b3978b8345a70a019d52638,ea81da4d34ee1570c8dd3460a4e44f8f247a0ba0f55b701dbf5093d392e32021,negative,0,0.0,0.0,[],[],[],0.0,0
673,197290,1.2.392.200036.9116.2.6.1.3268.2054351322.1618281045.636234,/home/mahsa-nasehi/Desktop/IAAA/fracture/iaaa-contest-bct/Data/training/673/1.2.392.200036.9116.2.6.1.3268.2054351322.1618281045.636234.dcm,3,221.61997329999997,512,512,0,0,heldout_patient_fold,aa2d72a2538f26976441e6d52c8c11ca964533e55b3978b8345a70a019d52638,ea81da4d34ee1570c8dd3460a4e44f8f247a0ba0f55b701dbf5093d392e32021,negative,0,0.0,0.0,[],[],[],0.0,0
673,197290,1.2.392.200036.9116.2.6.1.3268.2054351322.1618281046.348314,/home/mahsa-nasehi/Desktop/IAAA/fracture/iaaa-contest-bct/Data/training/673/1.2.392.200036.9116.2.6.1.3268.2054351322.1618281046.348314.dcm,4,225.52517329999998,512,512,0,0,heldout_patient_fold,aa2d72a2538f26976441e6d52c8c11ca964533e55b3978b8345a70a019d52638,ea81da4d34ee1570c8dd3460a4e44f8f247a0ba0f55b701dbf5093d392e32021,negative,0,0.0,0.0,[],[],[],0.0,0
673,197290,1.2.392.200036.9116.2.6.1.3268.2054351322.1618281047.232368,/home/mahsa-nasehi/Desktop/IAAA/fracture/iaaa-contest-bct/Data/training/673/1.2.392.200036.9116.2.6.1.3268.2054351322.1618281047.232368.dcm,5,229.43037329999999,512,512,0,0,heldout_patient_fold,aa2d72a2538f26976441e6d52c8c11ca964533e55b3978b8345a70a019d52638,ea81da4d34ee1570c8dd3460a4e44f8f247a0ba0f55b701dbf5093d392e32021,negative,0,0.0,0.0,[],[],[],0.0,0
673,197290,1.2.392.200036.9116.2.6.1.3268.2054351322.1618281047.921349,/home/mahsa-nasehi/Desktop/IAAA/fracture/iaaa-contest-bct/Data/training/673/1.2.392.200036.9116.2.6.1.3268.2054351322.1618281047.921349.dcm,6,233.33557329999996,512,512,0,0,heldout_patient_fold,aa2d72a2538f26976441e6d52c8c11ca964533e55b3978b8345a70a019d52638,ea81da4d34ee1570c8dd3460a4e44f8f247a0ba0f55b701dbf5093d392e32021,negative,0,0.0,0.0,[],[],[],0.0,0
673,197290,1.2.392.200036.9116.2.6.1.3268.2054351322.1618281048.774751,/home/mahsa-nasehi/Desktop/IAAA/fracture/iaaa-contest-bct/Data/training/673/1.2.392.200036.9116.2.6.1.3268.2054351322.1618281048.774751.dcm,7,237.24077329999997,512,512,0,0,heldout_patient_fold,aa2d72a2538f26976441e6d52c8c11ca964533e55b3978b8345a70a019d52638,ea81da4d34ee1570c8dd3460a4e44f8f247a0ba0f55b701dbf5093d392e32021,negative,0,0.0,0.0,[],[],[],0.0,0
673,197290,1.2.392.200036.9116.2.6.1.3268.2054351322.1618281050.550608,/home/mahsa-nasehi/Desktop/IAAA/fracture/iaaa-contest-bct/Data/training/673/1.2.392.200036.9116.2.6.1.3268.2054351322.1618281050.550608.dcm,8,241.14597329999998,512,512,0,0,heldout_patient_fold,aa2d72a2538f26976441e6d52c8c11ca964533e55b3978b8345a70a019d52638,ea81da4d34ee1570c8dd3460a4e44f8f247a0ba0f55b701dbf5093d392e32021,negative,0,0.0,0.0,[],[],[],0.0,0
673,197290,1.2.392.200036.9116.2.6.1.3268.2054351322.1618281050.666501,/home/mahsa-nasehi/Desktop/IAAA/fracture/iaaa-contest-bct/Data/training/673/1.2.392.200036.9116.2.6.1.3268.2054351322.1618281050.666501.dcm,9,245.0511733,512,512,0,0,heldout_patient_fold,aa2d72a2538f26976441e6d52c8c11ca964533e55b3978b8345a70a019d52638,ea81da4d34ee1570c8dd3460a4e44f8f247a0ba0f55b701dbf5093d392e32021,negative,0,0.0,0.0,[],[],[],0.0,0
673,197290,1.2.392.200036.9116.2.6.1.3268.2054351322.1618281051.86140,/home/mahsa-nasehi/Desktop/IAAA/fracture/iaaa-contest-bct/Data/training/673/1.2.392.200036.9116.2.6.1.3268.2054351322.1618281051.86140.dcm,10,248.95637329999997,512,512,0,0,heldout_patient_fold,aa2d72a2538f26976441e6d52c8c11ca964533e55b3978b8345a70a019d52638,ea81da4d34ee1570c8dd3460a4e44f8f247a0ba0f55b701dbf5093d392e32021,negative,0,0.0,0.0,[],[],[],0.0,0
673,197290,1.2.392.200036.9116.2.6.1.3268.2054351322.1618281051.974402,/home/mahsa-nasehi/Desktop/IAAA/fracture/iaaa-contest-bct/Data/training/673/1.2.392.200036.9116.2.6.1.3268.2054351322.1618281051.974402.dcm,11,252.86157329999998,512,512,0,0,heldout_patient_fold,aa2d72a2538f26976441e6d52c8c11ca964533e55b3978b8345a70a019d52638,ea81da4d34ee1570c8dd3460a4e44f8f247a0ba0f55b701dbf5093d392e32021,negative,0,0.0,0.0,[],[],[],0.0,0
673,197290,1.2.392.200036.9116.2.6.1.3268.2054351322.1618281052.779210,/home/mahsa-nasehi/Desktop/IAAA/fracture/iaaa-contest-bct/Data/training/673/1.2.392.200036.9116.2.6.1.3268.2054351322.1618281052.779210.dcm,12,256.76677329999995,512,512,0,0,heldout_patient_fold,aa2d72a2538f26976441e6d52c8c11ca964533e55b3978b8345a70a019d52638,ea81da4d34ee1570c8dd3460a4e44f8f247a0ba0f55b701dbf5093d392e32021,negative,0,0.0,0.0,[],[],[],0.0,0
673,197290,1.2.392.200036.9116.2.6.1.3268.2054351322.1618281053.354517,/home/mahsa-nasehi/Desktop/IAAA/fracture/iaaa-contest-bct/Data/training/673/1.2.392.200036.9116.2.6.1.3268.2054351322.1618281053.354517.dcm,13,260.6719733,512,512,0,0,heldout_patient_fold,aa2d72a2538f26976441e6d52c8c11ca964533e55b3978b8345a70a019d52638,ea81da4d34ee1570c8dd3460a4e44f8f247a0ba0f55b701dbf5093d392e32021,negative,0,0.0,0.0,[],[],[],0.0,0
673,197290,1.2.392.200036.9116.2.6.1.3268.2054351322.1618281054.375677,/home/mahsa-nasehi/Desktop/IAAA/fracture/iaaa-contest-bct/Data/training/673/1.2.392.200036.9116.2.6.1.3268.2054351322.1618281054.375677.dcm,14,264.57717329999997,512,512,0,0,heldout_patient_fold,aa2d72a2538f26976441e6d52c8c11ca964533e55b3978b8345a70a019d52638,ea81da4d34ee1570c8dd3460a4e44f8f247a0ba0f55b701dbf5093d392e32021,negative,0,0.0,0.0,[],[],[],0.0,0
673,197290,1.2.392.200036.9116.2.6.1.3268.2054351322.1618281055.203105,/home/mahsa-nasehi/Desktop/IAAA/fracture/iaaa-contest-bct/Data/training/673/1.2.392.200036.9116.2.6.1.3268.2054351322.1618281055.203105.dcm,15,268.48237329999995,512,512,0,0,heldout_patient_fold,aa2d72a2538f26976441e6d52c8c11ca964533e55b3978b8345a70a019d52638,ea81da4d34ee1570c8dd3460a4e44f8f247a0ba0f55b701dbf5093d392e32021,negative,0,0.0,0.0,[],[],[],0.0,0
673,197290,1.2.392.200036.9116.2.6.1.3268.2054351322.1618281055.990659,/home/mahsa-nasehi/Desktop/IAAA/fracture/iaaa-contest-bct/Data/training/673/1.2.392.200036.9116.2.6.1.3268.2054351322.1618281055.990659.dcm,16,272.3875733,512,512,0,0,heldout_patient_fold,aa2d72a2538f26976441e6d52c8c11ca964533e55b3978b8345a70a019d52638,ea81da4d34ee1570c8dd3460a4e44f8f247a0ba0f55b701dbf5093d392e32021,negative,0,0.0,0.0,[],[],[],0.0,0
673,197290,1.2.392.200036.9116.2.6.1.3268.2054351322.1618281056.583304,/home/mahsa-nasehi/Desktop/IAAA/fracture/iaaa-contest-bct/Data/training/673/1.2.392.200036.9116.2.6.1.3268.2054351322.1618281056.583304.dcm,17,276.29277329999996,512,512,0,0,heldout_patient_fold,aa2d72a2538f26976441e6d52c8c11ca964533e55b3978b8345a70a019d52638,ea81da4d34ee1570c8dd3460a4e44f8f247a0ba0f55b701dbf5093d392e32021,negative,0,0.0,0.0,[],[],[],0.0,0
673,197290,1.2.392.200036.9116.2.6.1.3268.2054351322.1618281057.606693,/home/mahsa-nasehi/Desktop/IAAA/fracture/iaaa-contest-bct/Data/training/673/1.2.392.200036.9116.2.6.1.3268.2054351322.1618281057.606693.dcm,18,280.1979733,512,512,0,0,heldout_patient_fold,aa2d72a2538f26976441e6d52c8c11ca964533e55b3978b8345a70a019d52638,ea81da4d34ee1570c8dd3460a4e44f8f247a0ba0f55b701dbf5093d392e32021,negative,0,0.0,0.0,[],[],[],0.0,0
673,197290,1.2.392.200036.9116.2.6.1.3268.2054351322.1618281058.404383,/home/mahsa-nasehi/Desktop/IAAA/fracture/iaaa-contest-bct/Data/training/673/1.2.392.200036.9116.2.6.1.3268.2054351322.1618281058.404383.dcm,19,284.1031733,512,512,0,0,heldout_patient_fold,aa2d72a2538f26976441e6d52c8c11ca964533e55b3978b8345a70a019d52638,ea81da4d34ee1570c8dd3460a4e44f8f247a0ba0f55b701dbf5093d392e32021,negative,0,0.0,0.0,[],[],[],0.0,0
673,197290,1.2.392.200036.9116.2.6.1.3268.2054351322.1618281059.72634,/home/mahsa-nasehi/Desktop/IAAA/fracture/iaaa-contest-bct/Data/training/673/1.2.392.200036.9116.2.6.1.3268.2054351322.1618281059.72634.dcm,20,288.00837329999996,512,512,0,0,heldout_patient_fold,aa2d72a2538f26976441e6d52c8c11ca964533e55b3978b8345a70a019d52638,ea81da4d34ee1570c8dd3460a4e44f8f247a0ba0f55b701dbf5093d392e32021,negative,0,0.0,0.0,[],[],[],0.0,0
673,197290,1.2.392.200036.9116.2.6.1.3268.2054351322.1618281060.10246,/home/mahsa-nasehi/Desktop/IAAA/fracture/iaaa-contest-bct/Data/training/673/1.2.392.200036.9116.2.6.1.3268.2054351322.1618281060.10246.dcm,21,291.9135733,512,512,0,0,heldout_patient_fold,aa2d72a2538f26976441e6d52c8c11ca964533e55b3978b8345a70a019d52638,ea81da4d34ee1570c8dd3460a4e44f8f247a0ba0f55b701dbf5093d392e32021,negative,0,0.0,0.0,[],[],[],0.0,0
673,197290,1.2.392.200036.9116.2.6.1.3268.2054351322.1618281060.937227,/home/mahsa-nasehi/Desktop/IAAA/fracture/iaaa-contest-bct/Data/training/673/1.2.392.200036.9116.2.6.1.3268.2054351322.1618281060.937227.dcm,22,295.8187733,512,512,0,0,heldout_patient_fold,aa2d72a2538f26976441e6d52c8c11ca964533e55b3978b8345a70a019d52638,ea81da4d34ee1570c8dd3460a4e44f8f247a0ba0f55b701dbf5093d392e32021,negative,0,0.0,0.0,[],[],[],0.0,0
673,197290,1.2.392.200036.9116.2.6.1.3268.2054351322.1618281062.521170,/home/mahsa-nasehi/Desktop/IAAA/fracture/iaaa-contest-bct/Data/training/673/1.2.392.200036.9116.2.6.1.3268.2054351322.1618281062.521170.dcm,23,299.72397329999995,512,512,0,0,heldout_patient_fold,aa2d72a2538f26976441e6d52c8c11ca964533e55b3978b8345a70a019d52638,ea81da4d34ee1570c8dd3460a4e44f8f247a0ba0f55b701dbf5093d392e32021,negative,0,0.0,0.0,[],[],[],0.0,0
673,197290,1.2.392.200036.9116.2.6.1.3268.2054351322.1618281063.226077,/home/mahsa-nasehi/Desktop/IAAA/fracture/iaaa-contest-bct/Data/training/673/1.2.392.200036.9116.2.6.1.3268.2054351322.1618281063.226077.dcm,24,303.6291733,512,512,0,0,heldout_patient_fold,aa2d72a2538f26976441e6d52c8c11ca964533e55b3978b8345a70a019d52638,ea81da4d34ee1570c8dd3460a4e44f8f247a0ba0f55b701dbf5093d392e32021,negative,0,0.0,0.0,[],[],[],0.0,0
673,197290,1.2.392.200036.9116.2.6.1.3268.2054351322.1618281064.146699,/home/mahsa-nasehi/Desktop/IAAA/fracture/iaaa-contest-bct/Data/training/673/1.2.392.200036.9116.2.6.1.3268.2054351322.1618281064.146699.dcm,25,307.53437329999997,512,512,0,0,heldout_patient_fold,aa2d72a2538f26976441e6d52c8c11ca964533e55b3978b8345a70a019d52638,ea81da4d34ee1570c8dd3460a4e44f8f247a0ba0f55b701dbf5093d392e32021,negative,0,0.0,0.0,[],[],[],0.0,0
673,197290,1.2.392.200036.9116.2.6.1.3268.2054351322.1618281064.873948,/home/mahsa-nasehi/Desktop/IAAA/fracture/iaaa-contest-bct/Data/training/673/1.2.392.200036.9116.2.6.1.3268.2054351322.1618281064.873948.dcm,26,311.43957329999995,512,512,0,0,heldout_patient_fold,aa2d72a2538f26976441e6d52c8c11ca964533e55b3978b8345a70a019d52638,ea81da4d34ee1570c8dd3460a4e44f8f247a0ba0f55b701dbf5093d392e32021,negative,0,0.0,0.0,[],[],[],0.0,0
673,197290,1.2.392.200036.9116.2.6.1.3268.2054351322.1618281065.769555,/home/mahsa-nasehi/Desktop/IAAA/fracture/iaaa-contest-bct/Data/training/673/1.2.392.200036.9116.2.6.1.3268.2054351322.1618281065.769555.dcm,27,315.3447733,512,512,0,0,heldout_patient_fold,aa2d72a2538f26976441e6d52c8c11ca964533e55b3978b8345a70a019d52638,ea81da4d34ee1570c8dd3460a4e44f8f247a0ba0f55b701dbf5093d392e32021,negative,0,0.0,0.0,[],[],[],0.0,0
673,197290,1.2.392.200036.9116.2.6.1.3268.2054351322.1618281066.572850,/home/mahsa-nasehi/Desktop/IAAA/fracture/iaaa-contest-bct/Data/training/673/1.2.392.200036.9116.2.6.1.3268.2054351322.1618281066.572850.dcm,28,319.24997329999997,512,512,0,0,heldout_patient_fold,aa2d72a2538f26976441e6d52c8c11ca964533e55b3978b8345a70a019d52638,ea81da4d34ee1570c8dd3460a4e44f8f247a0ba0f55b701dbf5093d392e32021,negative,0,0.0,0.0,[],[],[],0.0,0
673,197290,1.2.392.200036.9116.2.6.1.3268.2054351322.1618281067.332244,/home/mahsa-nasehi/Desktop/IAAA/fracture/iaaa-contest-bct/Data/training/673/1.2.392.200036.9116.2.6.1.3268.2054351322.1618281067.332244.dcm,29,323.15517329999994,512,512,0,0,heldout_patient_fold,aa2d72a2538f26976441e6d52c8c11ca964533e55b3978b8345a70a019d52638,ea81da4d34ee1570c8dd3460a4e44f8f247a0ba0f55b701dbf5093d392e32021,negative,0,0.0,0.0,[],[],[],0.0,0
673,197290,1.2.392.200036.9116.2.6.1.3268.2054351322.1618281068.140520,/home/mahsa-nasehi/Desktop/IAAA/fracture/iaaa-contest-bct/Data/training/673/1.2.392.200036.9116.2.6.1.3268.2054351322.1618281068.140520.dcm,30,327.0603733,512,512,0,0,heldout_patient_fold,aa2d72a2538f26976441e6d52c8c11ca964533e55b3978b8345a70a019d52638,ea81da4d34ee1570c8dd3460a4e44f8f247a0ba0f55b701dbf5093d392e32021,negative,0,0.0,0.0,[],[],[],0.0,0
673,197290,1.2.392.200036.9116.2.6.1.3268.2054351322.1618281068.946971,/home/mahsa-nasehi/Desktop/IAAA/fracture/iaaa-contest-bct/Data/training/673/1.2.392.200036.9116.2.6.1.3268.2054351322.1618281068.946971.dcm,31,330.96557329999996,512,512,0,0,heldout_patient_fold,aa2d72a2538f26976441e6d52c8c11ca964533e55b3978b8345a70a019d52638,ea81da4d34ee1570c8dd3460a4e44f8f247a0ba0f55b701dbf5093d392e32021,negative,0,0.0,0.0,[],[],[],0.0,0
673,197290,1.2.392.200036.9116.2.6.1.3268.2054351322.1618281069.690516,/home/mahsa-nasehi/Desktop/IAAA/fracture/iaaa-contest-bct/Data/training/673/1.2.392.200036.9116.2.6.1.3268.2054351322.1618281069.690516.dcm,32,334.8707733,512,512,0,0,heldout_patient_fold,aa2d72a2538f26976441e6d52c8c11ca964533e55b3978b8345a70a019d52638,ea81da4d34ee1570c8dd3460a4e44f8f247a0ba0f55b701dbf5093d392e32021,negative,0,0.0,0.0,[],[],[],0.0,0
673,197290,1.2.392.200036.9116.2.6.1.3268.2054351322.1618281070.495152,/home/mahsa-nasehi/Desktop/IAAA/fracture/iaaa-contest-bct/Data/training/673/1.2.392.200036.9116.2.6.1.3268.2054351322.1618281070.495152.dcm,33,338.7759733,512,512,0,0,heldout_patient_fold,aa2d72a2538f26976441e6d52c8c11ca964533e55b3978b8345a70a019d52638,ea81da4d34ee1570c8dd3460a4e44f8f247a0ba0f55b701dbf5093d392e32021,negative,0,0.0,0.0,[],[],[],0.0,0
673,197290,1.2.392.200036.9116.2.6.1.3268.2054351322.1618281071.257029,/home/mahsa-nasehi/Desktop/IAAA/fracture/iaaa-contest-bct/Data/training/673/1.2.392.200036.9116.2.6.1.3268.2054351322.1618281071.257029.dcm,34,342.68117329999995,512,512,0,0,heldout_patient_fold,aa2d72a2538f26976441e6d52c8c11ca964533e55b3978b8345a70a019d52638,ea81da4d34ee1570c8dd3460a4e44f8f247a0ba0f55b701dbf5093d392e32021,negative,0,0.0,0.0,[],[],[],0.0,0
673,197290,1.2.392.200036.9116.2.6.1.3268.2054351322.1618281072.47683,/home/mahsa-nasehi/Desktop/IAAA/fracture/iaaa-contest-bct/Data/training/673/1.2.392.200036.9116.2.6.1.3268.2054351322.1618281072.47683.dcm,35,346.5863733,512,512,0,0,heldout_patient_fold,aa2d72a2538f26976441e6d52c8c11ca964533e55b3978b8345a70a019d52638,ea81da4d34ee1570c8dd3460a4e44f8f247a0ba0f55b701dbf5093d392e32021,negative,0,0.0,0.0,[],[],[],0.0,0
6746,850685,1.2.392.200036.9116.2.6.1.48.1211476691.1503976156.611971,/home/mahsa-nasehi/Desktop/IAAA/fracture/iaaa-contest-bct/Data/training/6746/1.2.392.200036.9116.2.6.1.48.1211476691.1503976156.611971.dcm,0,148.233331948,512,512,0,0,heldout_patient_fold,aa2d72a2538f26976441e6d52c8c11ca964533e55b3978b8345a70a019d52638,ea81da4d34ee1570c8dd3460a4e44f8f247a0ba0f55b701dbf5093d392e32021,negative,0,0.0,0.0,[],"[[339.0, 273.8333435058594, 374.3333435058594, 312.8333435058594]]",[0.0179901123046875],0.0179901123046875,1
6746,850685,1.2.392.200036.9116.2.6.1.48.1211476691.1503976156.865981,/home/mahsa-nasehi/Desktop/IAAA/fracture/iaaa-contest-bct/Data/training/6746/1.2.392.200036.9116.2.6.1.48.1211476691.1503976156.865981.dcm,1,156.23025094800002,512,512,0,0,heldout_patient_fold,aa2d72a2538f26976441e6d52c8c11ca964533e55b3978b8345a70a019d52638,ea81da4d34ee1570c8dd3460a4e44f8f247a0ba0f55b701dbf5093d392e32021,negative,0,0.0,0.0,[],[],[],0.0,0
6746,850685,1.2.392.200036.9116.2.6.1.48.1211476691.1503976157.132584,/home/mahsa-nasehi/Desktop/IAAA/fracture/iaaa-contest-bct/Data/training/6746/1.2.392.200036.9116.2.6.1.48.1211476691.1503976157.132584.dcm,2,164.227169948,512,512,0,0,heldout_patient_fold,aa2d72a2538f26976441e6d52c8c11ca964533e55b3978b8345a70a019d52638,ea81da4d34ee1570c8dd3460a4e44f8f247a0ba0f55b701dbf5093d392e32021,negative,0,0.0,0.0,[],"[[143.5, 0.0, 278.16668701171875, 142.83334350585938]]",[0.010009765625],0.010009765625,1
6746,850685,1.2.392.200036.9116.2.6.1.48.1211476691.1503976157.389006,/home/mahsa-nasehi/Desktop/IAAA/fracture/iaaa-contest-bct/Data/training/6746/1.2.392.200036.9116.2.6.1.48.1211476691.1503976157.389006.dcm,3,172.224088948,512,512,0,0,heldout_patient_fold,aa2d72a2538f26976441e6d52c8c11ca964533e55b3978b8345a70a019d52638,ea81da4d34ee1570c8dd3460a4e44f8f247a0ba0f55b701dbf5093d392e32021,negative,0,0.0,0.0,[],[],[],0.0,0
6746,850685,1.2.392.200036.9116.2.6.1.48.1211476691.1503976160.155610,/home/mahsa-nasehi/Desktop/IAAA/fracture/iaaa-contest-bct/Data/training/6746/1.2.392.200036.9116.2.6.1.48.1211476691.1503976160.155610.dcm,4,179.214131948,512,512,0,0,heldout_patient_fold,aa2d72a2538f26976441e6d52c8c11ca964533e55b3978b8345a70a019d52638,ea81da4d34ee1570c8dd3460a4e44f8f247a0ba0f55b701dbf5093d392e32021,negative,0,0.0,0.0,[],"[[59.125, 258.66668701171875, 127.16667175292969, 323.3333435058594]]",[0.022796630859375],0.022796630859375,1
6746,850685,1.2.392.200036.9116.2.6.1.48.1211476691.1503976160.415507,/home/mahsa-nasehi/Desktop/IAAA/fracture/iaaa-contest-bct/Data/training/6746/1.2.392.200036.9116.2.6.1.48.1211476691.1503976160.415507.dcm,5,187.211050948,512,512,0,0,heldout_patient_fold,aa2d72a2538f26976441e6d52c8c11ca964533e55b3978b8345a70a019d52638,ea81da4d34ee1570c8dd3460a4e44f8f247a0ba0f55b701dbf5093d392e32021,negative,0,0.0,0.0,[],"[[65.5, 278.0, 102.16667175292969, 314.0]]",[0.01177978515625],0.01177978515625,1
6746,850685,1.2.392.200036.9116.2.6.1.48.1211476691.1503976160.681751,/home/mahsa-nasehi/Desktop/IAAA/fracture/iaaa-contest-bct/Data/training/6746/1.2.392.200036.9116.2.6.1.48.1211476691.1503976160.681751.dcm,6,195.207969948,512,512,0,0,heldout_patient_fold,aa2d72a2538f26976441e6d52c8c11ca964533e55b3978b8345a70a019d52638,ea81da4d34ee1570c8dd3460a4e44f8f247a0ba0f55b701dbf5093d392e32021,negative,0,0.0,0.0,[],[],[],0.0,0
6746,850685,1.2.392.200036.9116.2.6.1.48.1211476691.1503976160.942171,/home/mahsa-nasehi/Desktop/IAAA/fracture/iaaa-contest-bct/Data/training/6746/1.2.392.200036.9116.2.6.1.48.1211476691.1503976160.942171.dcm,7,203.204888948,512,512,0,0,heldout_patient_fold,aa2d72a2538f26976441e6d52c8c11ca964533e55b3978b8345a70a019d52638,ea81da4d34ee1570c8dd3460a4e44f8f247a0ba0f55b701dbf5093d392e32021,negative,0,0.0,0.0,[],"[[91.83333587646484, 171.5, 128.83334350585938, 207.1666717529297]]",[0.049957275390625],0.049957275390625,1
6746,850685,1.2.392.200036.9116.2.6.1.48.1211476691.1503976163.723435,/home/mahsa-nasehi/Desktop/IAAA/fracture/iaaa-contest-bct/Data/training/6746/1.2.392.200036.9116.2.6.1.48.1211476691.1503976163.723435.dcm,8,210.19493194799998,512,512,0,0,heldout_patient_fold,aa2d72a2538f26976441e6d52c8c11ca964533e55b3978b8345a70a019d52638,ea81da4d34ee1570c8dd3460a4e44f8f247a0ba0f55b701dbf5093d392e32021,negative,0,0.0,0.0,[],[],[],0.0,0
6746,850685,1.2.392.200036.9116.2.6.1.48.1211476691.1503976163.980528,/home/mahsa-nasehi/Desktop/IAAA/fracture/iaaa-contest-bct/Data/training/6746/1.2.392.200036.9116.2.6.1.48.1211476691.1503976163.980528.dcm,9,218.191850948,512,512,0,0,heldout_patient_fold,aa2d72a2538f26976441e6d52c8c11ca964533e55b3978b8345a70a019d52638,ea81da4d34ee1570c8dd3460a4e44f8f247a0ba0f55b701dbf5093d392e32021,negative,0,0.0,0.0,[],"[[258.66668701171875, 62.0, 397.3333435058594, 229.33334350585938], [278.3333435058594, 93.83333587646484, 345.66668701171875, 158.5]]","[0.0323486328125, 0.010650634765625]",0.0323486328125,2
6746,850685,1.2.392.200036.9116.2.6.1.48.1211476691.1503976164.248172,/home/mahsa-nasehi/Desktop/IAAA/fracture/iaaa-contest-bct/Data/training/6746/1.2.392.200036.9116.2.6.1.48.1211476691.1503976164.248172.dcm,10,226.188769948,512,512,0,0,heldout_patient_fold,aa2d72a2538f26976441e6d52c8c11ca964533e55b3978b8345a70a019d52638,ea81da4d34ee1570c8dd3460a4e44f8f247a0ba0f55b701dbf5093d392e32021,negative,0,0.0,0.0,[],"[[283.3333435058594, 110.33333587646484, 351.3333435058594, 174.33334350585938], [268.0, 98.0, 334.66668701171875, 162.1666717529297], [256.66668701171875, 80.875, 399.3333435058594, 251.1666717529297]]","[0.02056884765625, 0.020172119140625, 0.011871337890625]",0.02056884765625,3
6746,850685,1.2.392.200036.9116.2.6.1.48.1211476691.1503976164.505781,/home/mahsa-nasehi/Desktop/IAAA/fracture/iaaa-contest-bct/Data/training/6746/1.2.392.200036.9116.2.6.1.48.1211476691.1503976164.505781.dcm,11,234.18568894799998,512,512,0,0,heldout_patient_fold,aa2d72a2538f26976441e6d52c8c11ca964533e55b3978b8345a70a019d52638,ea81da4d34ee1570c8dd3460a4e44f8f247a0ba0f55b701dbf5093d392e32021,negative,0,0.0,0.0,[],"[[289.0, 136.1666717529297, 355.66668701171875, 199.83334350585938]]",[0.0272674560546875],0.0272674560546875,1
6746,850685,1.2.392.200036.9116.2.6.1.48.1211476691.1503976167.288178,/home/mahsa-nasehi/Desktop/IAAA/fracture/iaaa-contest-bct/Data/training/6746/1.2.392.200036.9116.2.6.1.48.1211476691.1503976167.288178.dcm,12,241.17573194800002,512,512,0,0,heldout_patient_fold,aa2d72a2538f26976441e6d52c8c11ca964533e55b3978b8345a70a019d52638,ea81da4d34ee1570c8dd3460a4e44f8f247a0ba0f55b701dbf5093d392e32021,negative,0,0.0,0.0,[],"[[283.0, 148.33334350585938, 351.0, 210.6666717529297], [339.5, 240.0, 376.66668701171875, 276.66668701171875], [315.66668701171875, 196.6666717529297, 381.0, 258.66668701171875]]","[0.04351806640625, 0.0215301513671875, 0.017578125]",0.04351806640625,3
6746,850685,1.2.392.200036.9116.2.6.1.48.1211476691.1503976167.544670,/home/mahsa-nasehi/Desktop/IAAA/fracture/iaaa-contest-bct/Data/training/6746/1.2.392.200036.9116.2.6.1.48.1211476691.1503976167.544670.dcm,13,249.172650948,512,512,0,0,heldout_patient_fold,aa2d72a2538f26976441e6d52c8c11ca964533e55b3978b8345a70a019d52638,ea81da4d34ee1570c8dd3460a4e44f8f247a0ba0f55b701dbf5093d392e32021,negative,0,0.0,0.0,[],"[[267.0, 155.25, 335.0, 214.6666717529297], [299.0, 197.0, 365.3333435058594, 257.66668701171875], [283.0, 169.9166717529297, 349.66668701171875, 231.33334350585938]]","[0.0548095703125, 0.0255584716796875, 0.01490020751953125]",0.0548095703125,3
6746,850685,1.2.392.200036.9116.2.6.1.48.1211476691.1503976167.810413,/home/mahsa-nasehi/Desktop/IAAA/fracture/iaaa-contest-bct/Data/training/6746/1.2.392.200036.9116.2.6.1.48.1211476691.1503976167.810413.dcm,14,257.169569948,512,512,0,0,heldout_patient_fold,aa2d72a2538f26976441e6d52c8c11ca964533e55b3978b8345a70a019d52638,ea81da4d34ee1570c8dd3460a4e44f8f247a0ba0f55b701dbf5093d392e32021,negative,0,0.0,0.0,[],[],[],0.0,0
6746,850685,1.2.392.200036.9116.2.6.1.48.1211476691.1503976168.68040,/home/mahsa-nasehi/Desktop/IAAA/fracture/iaaa-contest-bct/Data/training/6746/1.2.392.200036.9116.2.6.1.48.1211476691.1503976168.68040.dcm,15,265.166488948,512,512,0,0,heldout_patient_fold,aa2d72a2538f26976441e6d52c8c11ca964533e55b3978b8345a70a019d52638,ea81da4d34ee1570c8dd3460a4e44f8f247a0ba0f55b701dbf5093d392e32021,negative,0,0.0,0.0,[],"[[288.66668701171875, 309.3333435058594, 355.3333435058594, 369.3333435058594]]",[0.02423095703125],0.02423095703125,1
6804,851006,1.2.392.200036.9116.2.6.1.48.1211476691.1503559699.908770,/home/mahsa-nasehi/Desktop/IAAA/fracture/iaaa-contest-bct/Data/training/6804/1.2.392.200036.9116.2.6.1.48.1211476691.1503559699.908770.dcm,0,148.296108221,512,512,0,0,heldout_patient_fold,aa2d72a2538f26976441e6d52c8c11ca964533e55b3978b8345a70a019d52638,ea81da4d34ee1570c8dd3460a4e44f8f247a0ba0f55b701dbf5093d392e32021,negative,0,0.0,0.0,[],[],[],0.0,0
6804,851006,1.2.392.200036.9116.2.6.1.48.1211476691.1503559700.158090,/home/mahsa-nasehi/Desktop/IAAA/fracture/iaaa-contest-bct/Data/training/6804/1.2.392.200036.9116.2.6.1.48.1211476691.1503559700.158090.dcm,1,156.296061221,512,512,0,0,heldout_patient_fold,aa2d72a2538f26976441e6d52c8c11ca964533e55b3978b8345a70a019d52638,ea81da4d34ee1570c8dd3460a4e44f8f247a0ba0f55b701dbf5093d392e32021,negative,0,0.0,0.0,[],[],[],0.0,0
6804,851006,1.2.392.200036.9116.2.6.1.48.1211476691.1503559700.421601,/home/mahsa-nasehi/Desktop/IAAA/fracture/iaaa-contest-bct/Data/training/6804/1.2.392.200036.9116.2.6.1.48.1211476691.1503559700.421601.dcm,2,164.296014221,512,512,0,0,heldout_patient_fold,aa2d72a2538f26976441e6d52c8c11ca964533e55b3978b8345a70a019d52638,ea81da4d34ee1570c8dd3460a4e44f8f247a0ba0f55b701dbf5093d392e32021,negative,0,0.0,0.0,[],[],[],0.0,0
6804,851006,1.2.392.200036.9116.2.6.1.48.1211476691.1503559700.678719,/home/mahsa-nasehi/Desktop/IAAA/fracture/iaaa-contest-bct/Data/training/6804/1.2.392.200036.9116.2.6.1.48.1211476691.1503559700.678719.dcm,3,172.295967221,512,512,0,0,heldout_patient_fold,aa2d72a2538f26976441e6d52c8c11ca964533e55b3978b8345a70a019d52638,ea81da4d34ee1570c8dd3460a4e44f8f247a0ba0f55b701dbf5093d392e32021,negative,0,0.0,0.0,[],"[[351.3333435058594, 352.66668701171875, 387.3333435058594, 389.3333435058594]]",[0.010650634765625],0.010650634765625,1
6804,851006,1.2.392.200036.9116.2.6.1.48.1211476691.1503559703.461827,/home/mahsa-nasehi/Desktop/IAAA/fracture/iaaa-contest-bct/Data/training/6804/1.2.392.200036.9116.2.6.1.48.1211476691.1503559703.461827.dcm,4,180.05770822099998,512,512,0,0,heldout_patient_fold,aa2d72a2538f26976441e6d52c8c11ca964533e55b3978b8345a70a019d52638,ea81da4d34ee1570c8dd3460a4e44f8f247a0ba0f55b701dbf5093d392e32021,negative,0,0.0,0.0,[],[],[],0.0,0
6804,851006,1.2.392.200036.9116.2.6.1.48.1211476691.1503559703.723836,/home/mahsa-nasehi/Desktop/IAAA/fracture/iaaa-contest-bct/Data/training/6804/1.2.392.200036.9116.2.6.1.48.1211476691.1503559703.723836.dcm,5,188.057661221,512,512,0,0,heldout_patient_fold,aa2d72a2538f26976441e6d52c8c11ca964533e55b3978b8345a70a019d52638,ea81da4d34ee1570c8dd3460a4e44f8f247a0ba0f55b701dbf5093d392e32021,negative,0,0.0,0.0,[],"[[97.33333587646484, 262.0, 134.1666717529297, 298.0]]",[0.0809326171875],0.0809326171875,1
6804,851006,1.2.392.200036.9116.2.6.1.48.1211476691.1503559703.989656,/home/mahsa-nasehi/Desktop/IAAA/fracture/iaaa-contest-bct/Data/training/6804/1.2.392.200036.9116.2.6.1.48.1211476691.1503559703.989656.dcm,6,196.057614221,512,512,0,0,heldout_patient_fold,aa2d72a2538f26976441e6d52c8c11ca964533e55b3978b8345a70a019d52638,ea81da4d34ee1570c8dd3460a4e44f8f247a0ba0f55b701dbf5093d392e32021,negative,0,0.0,0.0,[],[],[],0.0,0
6804,851006,1.2.392.200036.9116.2.6.1.48.1211476691.1503559704.252452,/home/mahsa-nasehi/Desktop/IAAA/fracture/iaaa-contest-bct/Data/training/6804/1.2.392.200036.9116.2.6.1.48.1211476691.1503559704.252452.dcm,7,204.057567221,512,512,0,0,heldout_patient_fold,aa2d72a2538f26976441e6d52c8c11ca964533e55b3978b8345a70a019d52638,ea81da4d34ee1570c8dd3460a4e44f8f247a0ba0f55b701dbf5093d392e32021,negative,0,0.0,0.0,[],[],[],0.0,0
6804,851006,1.2.392.200036.9116.2.6.1.48.1211476691.1503559707.30618,/home/mahsa-nasehi/Desktop/IAAA/fracture/iaaa-contest-bct/Data/training/6804/1.2.392.200036.9116.2.6.1.48.1211476691.1503559707.30618.dcm,8,211.819308221,512,512,0,0,heldout_patient_fold,aa2d72a2538f26976441e6d52c8c11ca964533e55b3978b8345a70a019d52638,ea81da4d34ee1570c8dd3460a4e44f8f247a0ba0f55b701dbf5093d392e32021,negative,0,0.0,0.0,[],"[[347.3333435058594, 147.5, 414.66668701171875, 209.1666717529297], [462.66668701171875, 334.3333435058594, 499.3333435058594, 369.66668701171875]]","[0.021942138671875, 0.013427734375]",0.021942138671875,2
6804,851006,1.2.392.200036.9116.2.6.1.48.1211476691.1503559707.287982,/home/mahsa-nasehi/Desktop/IAAA/fracture/iaaa-contest-bct/Data/training/6804/1.2.392.200036.9116.2.6.1.48.1211476691.1503559707.287982.dcm,9,219.819261221,512,512,0,0,heldout_patient_fold,aa2d72a2538f26976441e6d52c8c11ca964533e55b3978b8345a70a019d52638,ea81da4d34ee1570c8dd3460a4e44f8f247a0ba0f55b701dbf5093d392e32021,negative,0,0.0,0.0,[],"[[462.0, 336.3333435058594, 499.3333435058594, 372.3333435058594]]",[0.01233673095703125],0.01233673095703125,1
6804,851006,1.2.392.200036.9116.2.6.1.48.1211476691.1503559707.560470,/home/mahsa-nasehi/Desktop/IAAA/fracture/iaaa-contest-bct/Data/training/6804/1.2.392.200036.9116.2.6.1.48.1211476691.1503559707.560470.dcm,10,227.819214221,512,512,0,0,heldout_patient_fold,aa2d72a2538f26976441e6d52c8c11ca964533e55b3978b8345a70a019d52638,ea81da4d34ee1570c8dd3460a4e44f8f247a0ba0f55b701dbf5093d392e32021,negative,0,0.0,0.0,[],"[[326.66668701171875, 133.83334350585938, 394.0, 193.6666717529297], [350.3333435058594, 147.0, 387.66668701171875, 184.0]]","[0.07208251953125, 0.01073455810546875]",0.07208251953125,2
6804,851006,1.2.392.200036.9116.2.6.1.48.1211476691.1503559707.816658,/home/mahsa-nasehi/Desktop/IAAA/fracture/iaaa-contest-bct/Data/training/6804/1.2.392.200036.9116.2.6.1.48.1211476691.1503559707.816658.dcm,11,235.81916722100001,512,512,0,0,heldout_patient_fold,aa2d72a2538f26976441e6d52c8c11ca964533e55b3978b8345a70a019d52638,ea81da4d34ee1570c8dd3460a4e44f8f247a0ba0f55b701dbf5093d392e32021,negative,0,0.0,0.0,[],"[[316.3333435058594, 133.6666717529297, 383.66668701171875, 192.6666717529297], [290.5, 284.5, 425.3333435058594, 451.3333435058594], [334.66668701171875, 144.5, 371.3333435058594, 180.83334350585938], [144.5, 141.6666717529297, 182.0, 178.5]]","[0.1749267578125, 0.0230712890625, 0.016021728515625, 0.01525115966796875]",0.1749267578125,4
6804,851006,1.2.392.200036.9116.2.6.1.48.1211476691.1503559710.594637,/home/mahsa-nasehi/Desktop/IAAA/fracture/iaaa-contest-bct/Data/training/6804/1.2.392.200036.9116.2.6.1.48.1211476691.1503559710.594637.dcm,12,243.580908221,512,512,0,0,heldout_patient_fold,aa2d72a2538f26976441e6d52c8c11ca964533e55b3978b8345a70a019d52638,ea81da4d34ee1570c8dd3460a4e44f8f247a0ba0f55b701dbf5093d392e32021,negative,0,0.0,0.0,[],"[[300.0, 132.1666717529297, 367.0, 193.33334350585938]]",[0.1456298828125],0.1456298828125,1
6804,851006,1.2.392.200036.9116.2.6.1.48.1211476691.1503559710.850821,/home/mahsa-nasehi/Desktop/IAAA/fracture/iaaa-contest-bct/Data/training/6804/1.2.392.200036.9116.2.6.1.48.1211476691.1503559710.850821.dcm,13,251.580861221,512,512,0,0,heldout_patient_fold,aa2d72a2538f26976441e6d52c8c11ca964533e55b3978b8345a70a019d52638,ea81da4d34ee1570c8dd3460a4e44f8f247a0ba0f55b701dbf5093d392e32021,negative,0,0.0,0.0,[],"[[325.66668701171875, 233.6666717529297, 392.3333435058594, 295.66668701171875]]",[0.0179901123046875],0.0179901123046875,1
6804,851006,1.2.392.200036.9116.2.6.1.48.1211476691.1503559711.113590,/home/mahsa-nasehi/Desktop/IAAA/fracture/iaaa-contest-bct/Data/training/6804/1.2.392.200036.9116.2.6.1.48.1211476691.1503559711.113590.dcm,14,259.580814221,512,512,0,0,heldout_patient_fold,aa2d72a2538f26976441e6d52c8c11ca964533e55b3978b8345a70a019d52638,ea81da4d34ee1570c8dd3460a4e44f8f247a0ba0f55b701dbf5093d392e32021,negative,0,0.0,0.0,[],"[[314.66668701171875, 239.0, 381.3333435058594, 299.66668701171875]]",[0.02423095703125],0.02423095703125,1
6804,851006,1.2.392.200036.9116.2.6.1.48.1211476691.1503559711.373335,/home/mahsa-nasehi/Desktop/IAAA/fracture/iaaa-contest-bct/Data/training/6804/1.2.392.200036.9116.2.6.1.48.1211476691.1503559711.373335.dcm,15,267.58076722100003,512,512,0,0,heldout_patient_fold,aa2d72a2538f26976441e6d52c8c11ca964533e55b3978b8345a70a019d52638,ea81da4d34ee1570c8dd3460a4e44f8f247a0ba0f55b701dbf5093d392e32021,negative,0,0.0,0.0,[],[],[],0.0,0
6995,852256,1.2.392.200036.9116.2.6.1.48.1211476691.1504169555.983528,/home/mahsa-nasehi/Desktop/IAAA/fracture/iaaa-contest-bct/Data/training/6995/1.2.392.200036.9116.2.6.1.48.1211476691.1504169555.983528.dcm,0,-157.146057216,512,512,0,0,heldout_patient_fold,aa2d72a2538f26976441e6d52c8c11ca964533e55b3978b8345a70a019d52638,ea81da4d34ee1570c8dd3460a4e44f8f247a0ba0f55b701dbf5093d392e32021,negative,0,0.0,0.0,[],"[[322.3333435058594, 288.66668701171875, 358.3333435058594, 325.3333435058594]]",[0.0115509033203125],0.0115509033203125,1
6995,852256,1.2.392.200036.9116.2.6.1.48.1211476691.1504169556.240853,/home/mahsa-nasehi/Desktop/IAAA/fracture/iaaa-contest-bct/Data/training/6995/1.2.392.200036.9116.2.6.1.48.1211476691.1504169556.240853.dcm,1,-149.145626016,512,512,0,0,heldout_patient_fold,aa2d72a2538f26976441e6d52c8c11ca964533e55b3978b8345a70a019d52638,ea81da4d34ee1570c8dd3460a4e44f8f247a0ba0f55b701dbf5093d392e32021,negative,0,0.0,0.0,[],[],[],0.0,0
6995,852256,1.2.392.200036.9116.2.6.1.48.1211476691.1504169556.508631,/home/mahsa-nasehi/Desktop/IAAA/fracture/iaaa-contest-bct/Data/training/6995/1.2.392.200036.9116.2.6.1.48.1211476691.1504169556.508631.dcm,2,-141.145194816,512,512,0,0,heldout_patient_fold,aa2d72a2538f26976441e6d52c8c11ca964533e55b3978b8345a70a019d52638,ea81da4d34ee1570c8dd3460a4e44f8f247a0ba0f55b701dbf5093d392e32021,negative,0,0.0,0.0,[],"[[372.66668701171875, 323.0, 408.66668701171875, 360.3333435058594]]",[0.022369384765625],0.022369384765625,1
6995,852256,1.2.392.200036.9116.2.6.1.48.1211476691.1504169556.764368,/home/mahsa-nasehi/Desktop/IAAA/fracture/iaaa-contest-bct/Data/training/6995/1.2.392.200036.9116.2.6.1.48.1211476691.1504169556.764368.dcm,3,-133.144763616,512,512,0,0,heldout_patient_fold,aa2d72a2538f26976441e6d52c8c11ca964533e55b3978b8345a70a019d52638,ea81da4d34ee1570c8dd3460a4e44f8f247a0ba0f55b701dbf5093d392e32021,negative,0,0.0,0.0,[],"[[367.3333435058594, 174.5, 403.3333435058594, 210.5]]",[0.0202484130859375],0.0202484130859375,1
6995,852256,1.2.392.200036.9116.2.6.1.48.1211476691.1504169559.543457,/home/mahsa-nasehi/Desktop/IAAA/fracture/iaaa-contest-bct/Data/training/6995/1.2.392.200036.9116.2.6.1.48.1211476691.1504169559.543457.dcm,4,-125.224137216,512,512,0,0,heldout_patient_fold,aa2d72a2538f26976441e6d52c8c11ca964533e55b3978b8345a70a019d52638,ea81da4d34ee1570c8dd3460a4e44f8f247a0ba0f55b701dbf5093d392e32021,negative,0,0.0,0.0,[],[],[],0.0,0
6995,852256,1.2.392.200036.9116.2.6.1.48.1211476691.1504169559.805225,/home/mahsa-nasehi/Desktop/IAAA/fracture/iaaa-contest-bct/Data/training/6995/1.2.392.200036.9116.2.6.1.48.1211476691.1504169559.805225.dcm,5,-117.223706016,512,512,0,0,heldout_patient_fold,aa2d72a2538f26976441e6d52c8c11ca964533e55b3978b8345a70a019d52638,ea81da4d34ee1570c8dd3460a4e44f8f247a0ba0f55b701dbf5093d392e32021,negative,0,0.0,0.0,[],[],[],0.0,0
6995,852256,1.2.392.200036.9116.2.6.1.48.1211476691.1504169560.72402,/home/mahsa-nasehi/Desktop/IAAA/fracture/iaaa-contest-bct/Data/training/6995/1.2.392.200036.9116.2.6.1.48.1211476691.1504169560.72402.dcm,6,-109.223274816,512,512,0,0,heldout_patient_fold,aa2d72a2538f26976441e6d52c8c11ca964533e55b3978b8345a70a019d52638,ea81da4d34ee1570c8dd3460a4e44f8f247a0ba0f55b701dbf5093d392e32021,negative,0,0.0,0.0,[],[],[],0.0,0
6995,852256,1.2.392.200036.9116.2.6.1.48.1211476691.1504169560.331678,/home/mahsa-nasehi/Desktop/IAAA/fracture/iaaa-contest-bct/Data/training/6995/1.2.392.200036.9116.2.6.1.48.1211476691.1504169560.331678.dcm,7,-101.2228835184,512,512,0,0,heldout_patient_fold,aa2d72a2538f26976441e6d52c8c11ca964533e55b3978b8345a70a019d52638,ea81da4d34ee1570c8dd3460a4e44f8f247a0ba0f55b701dbf5093d392e32021,negative,0,0.0,0.0,[],[],[],0.0,0
6995,852256,1.2.392.200036.9116.2.6.1.48.1211476691.1504169563.111982,/home/mahsa-nasehi/Desktop/IAAA/fracture/iaaa-contest-bct/Data/training/6995/1.2.392.200036.9116.2.6.1.48.1211476691.1504169563.111982.dcm,8,-93.3022571184,512,512,0,0,heldout_patient_fold,aa2d72a2538f26976441e6d52c8c11ca964533e55b3978b8345a70a019d52638,ea81da4d34ee1570c8dd3460a4e44f8f247a0ba0f55b701dbf5093d392e32021,negative,0,0.0,0.0,[],[],[],0.0,0
6995,852256,1.2.392.200036.9116.2.6.1.48.1211476691.1504169563.369879,/home/mahsa-nasehi/Desktop/IAAA/fracture/iaaa-contest-bct/Data/training/6995/1.2.392.200036.9116.2.6.1.48.1211476691.1504169563.369879.dcm,9,-85.3018259184,512,512,0,0,heldout_patient_fold,aa2d72a2538f26976441e6d52c8c11ca964533e55b3978b8345a70a019d52638,ea81da4d34ee1570c8dd3460a4e44f8f247a0ba0f55b701dbf5093d392e32021,negative,0,0.0,0.0,[],[],[],0.0,0
6995,852256,1.2.392.200036.9116.2.6.1.48.1211476691.1504169563.636566,/home/mahsa-nasehi/Desktop/IAAA/fracture/iaaa-contest-bct/Data/training/6995/1.2.392.200036.9116.2.6.1.48.1211476691.1504169563.636566.dcm,10,-77.3013947184,512,512,0,0,heldout_patient_fold,aa2d72a2538f26976441e6d52c8c11ca964533e55b3978b8345a70a019d52638,ea81da4d34ee1570c8dd3460a4e44f8f247a0ba0f55b701dbf5093d392e32021,negative,0,0.0,0.0,[],[],[],0.0,0
6995,852256,1.2.392.200036.9116.2.6.1.48.1211476691.1504169563.895870,/home/mahsa-nasehi/Desktop/IAAA/fracture/iaaa-contest-bct/Data/training/6995/1.2.392.200036.9116.2.6.1.48.1211476691.1504169563.895870.dcm,11,-69.3009635184,512,512,0,0,heldout_patient_fold,aa2d72a2538f26976441e6d52c8c11ca964533e55b3978b8345a70a019d52638,ea81da4d34ee1570c8dd3460a4e44f8f247a0ba0f55b701dbf5093d392e32021,negative,0,0.0,0.0,[],"[[374.0, 295.66668701171875, 440.66668701171875, 359.0]]",[0.01971435546875],0.01971435546875,1
6995,852256,1.2.392.200036.9116.2.6.1.48.1211476691.1504169566.690943,/home/mahsa-nasehi/Desktop/IAAA/fracture/iaaa-contest-bct/Data/training/6995/1.2.392.200036.9116.2.6.1.48.1211476691.1504169566.690943.dcm,12,-61.3803371184,512,512,0,0,heldout_patient_fold,aa2d72a2538f26976441e6d52c8c11ca964533e55b3978b8345a70a019d52638,ea81da4d34ee1570c8dd3460a4e44f8f247a0ba0f55b701dbf5093d392e32021,negative,0,0.0,0.0,[],[],[],0.0,0
6995,852256,1.2.392.200036.9116.2.6.1.48.1211476691.1504169566.945659,/home/mahsa-nasehi/Desktop/IAAA/fracture/iaaa-contest-bct/Data/training/6995/1.2.392.200036.9116.2.6.1.48.1211476691.1504169566.945659.dcm,13,-53.3799059184,512,512,0,0,heldout_patient_fold,aa2d72a2538f26976441e6d52c8c11ca964533e55b3978b8345a70a019d52638,ea81da4d34ee1570c8dd3460a4e44f8f247a0ba0f55b701dbf5093d392e32021,negative,0,0.0,0.0,[],[],[],0.0,0
6995,852256,1.2.392.200036.9116.2.6.1.48.1211476691.1504169567.211221,/home/mahsa-nasehi/Desktop/IAAA/fracture/iaaa-contest-bct/Data/training/6995/1.2.392.200036.9116.2.6.1.48.1211476691.1504169567.211221.dcm,14,-45.379474718400004,512,512,0,0,heldout_patient_fold,aa2d72a2538f26976441e6d52c8c11ca964533e55b3978b8345a70a019d52638,ea81da4d34ee1570c8dd3460a4e44f8f247a0ba0f55b701dbf5093d392e32021,negative,0,0.0,0.0,[],[],[],0.0,0
6995,852256,1.2.392.200036.9116.2.6.1.48.1211476691.1504169567.467693,/home/mahsa-nasehi/Desktop/IAAA/fracture/iaaa-contest-bct/Data/training/6995/1.2.392.200036.9116.2.6.1.48.1211476691.1504169567.467693.dcm,15,-37.3790435184,512,512,0,0,heldout_patient_fold,aa2d72a2538f26976441e6d52c8c11ca964533e55b3978b8345a70a019d52638,ea81da4d34ee1570c8dd3460a4e44f8f247a0ba0f55b701dbf5093d392e32021,negative,0,0.0,0.0,[],[],[],0.0,0
7006,852382,1.2.392.200036.9116.2.6.1.48.1211476691.1504439786.441062,/home/mahsa-nasehi/Desktop/IAAA/fracture/iaaa-contest-bct/Data/training/7006/1.2.392.200036.9116.2.6.1.48.1211476691.1504439786.441062.dcm,0,-460.581971173,512,512,0,0,heldout_patient_fold,aa2d72a2538f26976441e6d52c8c11ca964533e55b3978b8345a70a019d52638,ea81da4d34ee1570c8dd3460a4e44f8f247a0ba0f55b701dbf5093d392e32021,negative,0,0.0,0.0,[],[],[],0.0,0
7006,852382,1.2.392.200036.9116.2.6.1.48.1211476691.1504439786.688508,/home/mahsa-nasehi/Desktop/IAAA/fracture/iaaa-contest-bct/Data/training/7006/1.2.392.200036.9116.2.6.1.48.1211476691.1504439786.688508.dcm,1,-452.58119057299996,512,512,0,0,heldout_patient_fold,aa2d72a2538f26976441e6d52c8c11ca964533e55b3978b8345a70a019d52638,ea81da4d34ee1570c8dd3460a4e44f8f247a0ba0f55b701dbf5093d392e32021,negative,0,0.0,0.0,[],[],[],0.0,0
7006,852382,1.2.392.200036.9116.2.6.1.48.1211476691.1504439786.956404,/home/mahsa-nasehi/Desktop/IAAA/fracture/iaaa-contest-bct/Data/training/7006/1.2.392.200036.9116.2.6.1.48.1211476691.1504439786.956404.dcm,2,-444.589745773,512,512,0,0,heldout_patient_fold,aa2d72a2538f26976441e6d52c8c11ca964533e55b3978b8345a70a019d52638,ea81da4d34ee1570c8dd3460a4e44f8f247a0ba0f55b701dbf5093d392e32021,negative,0,0.0,0.0,[],[],[],0.0,0
7006,852382,1.2.392.200036.9116.2.6.1.48.1211476691.1504439787.212554,/home/mahsa-nasehi/Desktop/IAAA/fracture/iaaa-contest-bct/Data/training/7006/1.2.392.200036.9116.2.6.1.48.1211476691.1504439787.212554.dcm,3,-436.58896517299996,512,512,0,0,heldout_patient_fold,aa2d72a2538f26976441e6d52c8c11ca964533e55b3978b8345a70a019d52638,ea81da4d34ee1570c8dd3460a4e44f8f247a0ba0f55b701dbf5093d392e32021,negative,0,0.0,0.0,[],[],[],0.0,0
7006,852382,1.2.392.200036.9116.2.6.1.48.1211476691.1504439789.981705,/home/mahsa-nasehi/Desktop/IAAA/fracture/iaaa-contest-bct/Data/training/7006/1.2.392.200036.9116.2.6.1.48.1211476691.1504439789.981705.dcm,4,-430.70741117299997,512,512,0,0,heldout_patient_fold,aa2d72a2538f26976441e6d52c8c11ca964533e55b3978b8345a70a019d52638,ea81da4d34ee1570c8dd3460a4e44f8f247a0ba0f55b701dbf5093d392e32021,unknown,0,0.0,0.0,[],"[[433.0, 339.3333435058594, 470.3333435058594, 375.3333435058594], [438.0, 325.5, 472.66668701171875, 362.66668701171875]]","[0.0231475830078125, 0.0102081298828125]",0.0231475830078125,2
7006,852382,1.2.392.200036.9116.2.6.1.48.1211476691.1504439790.238070,/home/mahsa-nasehi/Desktop/IAAA/fracture/iaaa-contest-bct/Data/training/7006/1.2.392.200036.9116.2.6.1.48.1211476691.1504439790.238070.dcm,5,-422.706630573,512,512,0,0,heldout_patient_fold,aa2d72a2538f26976441e6d52c8c11ca964533e55b3978b8345a70a019d52638,ea81da4d34ee1570c8dd3460a4e44f8f247a0ba0f55b701dbf5093d392e32021,unknown,0,0.0,0.0,[],"[[434.0, 339.0, 470.0, 376.3333435058594], [105.0, 158.0, 142.0, 193.6666717529297]]","[0.042877197265625, 0.025177001953125]",0.042877197265625,2
7006,852382,1.2.392.200036.9116.2.6.1.48.1211476691.1504439790.507000,/home/mahsa-nasehi/Desktop/IAAA/fracture/iaaa-contest-bct/Data/training/7006/1.2.392.200036.9116.2.6.1.48.1211476691.1504439790.507000.dcm,6,-414.715185773,512,512,0,0,heldout_patient_fold,aa2d72a2538f26976441e6d52c8c11ca964533e55b3978b8345a70a019d52638,ea81da4d34ee1570c8dd3460a4e44f8f247a0ba0f55b701dbf5093d392e32021,unknown,0,0.0,0.0,[],"[[433.0, 320.66668701171875, 469.66668701171875, 356.0], [96.83333587646484, 189.33334350585938, 133.83334350585938, 226.0]]","[0.0215301513671875, 0.0171051025390625]",0.0215301513671875,2
7006,852382,1.2.392.200036.9116.2.6.1.48.1211476691.1504439790.765014,/home/mahsa-nasehi/Desktop/IAAA/fracture/iaaa-contest-bct/Data/training/7006/1.2.392.200036.9116.2.6.1.48.1211476691.1504439790.765014.dcm,7,-406.714405173,512,512,0,0,heldout_patient_fold,aa2d72a2538f26976441e6d52c8c11ca964533e55b3978b8345a70a019d52638,ea81da4d34ee1570c8dd3460a4e44f8f247a0ba0f55b701dbf5093d392e32021,unknown,0,0.0,0.0,[],[],[],0.0,0
7006,852382,1.2.392.200036.9116.2.6.1.48.1211476691.1504439793.512756,/home/mahsa-nasehi/Desktop/IAAA/fracture/iaaa-contest-bct/Data/training/7006/1.2.392.200036.9116.2.6.1.48.1211476691.1504439793.512756.dcm,8,-400.832851173,512,512,0,0,heldout_patient_fold,aa2d72a2538f26976441e6d52c8c11ca964533e55b3978b8345a70a019d52638,ea81da4d34ee1570c8dd3460a4e44f8f247a0ba0f55b701dbf5093d392e32021,unknown,0,0.0,0.0,[],[],[],0.0,0
7006,852382,1.2.392.200036.9116.2.6.1.48.1211476691.1504439793.769823,/home/mahsa-nasehi/Desktop/IAAA/fracture/iaaa-contest-bct/Data/training/7006/1.2.392.200036.9116.2.6.1.48.1211476691.1504439793.769823.dcm,9,-392.832070573,512,512,0,0,heldout_patient_fold,aa2d72a2538f26976441e6d52c8c11ca964533e55b3978b8345a70a019d52638,ea81da4d34ee1570c8dd3460a4e44f8f247a0ba0f55b701dbf5093d392e32021,unknown,0,0.0,0.0,[],"[[234.33334350585938, 92.66667175292969, 302.3333435058594, 157.6666717529297], [68.66667175292969, 73.5, 203.0, 238.0], [273.0, 138.6666717529297, 340.3333435058594, 199.83334350585938], [228.33334350585938, 70.33333587646484, 361.66668701171875, 237.83334350585938]]","[0.097412109375, 0.053985595703125, 0.013275146484375, 0.010986328125]",0.097412109375,4
7006,852382,1.2.392.200036.9116.2.6.1.48.1211476691.1504439794.38555,/home/mahsa-nasehi/Desktop/IAAA/fracture/iaaa-contest-bct/Data/training/7006/1.2.392.200036.9116.2.6.1.48.1211476691.1504439794.38555.dcm,10,-384.840625773,512,512,0,0,heldout_patient_fold,aa2d72a2538f26976441e6d52c8c11ca964533e55b3978b8345a70a019d52638,ea81da4d34ee1570c8dd3460a4e44f8f247a0ba0f55b701dbf5093d392e32021,unknown,0,0.0,0.0,[],"[[240.6666717529297, 111.33333587646484, 308.3333435058594, 173.33334350585938], [277.66668701171875, 131.83334350585938, 344.3333435058594, 194.5], [230.0, 86.5, 357.3333435058594, 244.5], [66.95833587646484, 92.41667175292969, 201.6666717529297, 259.0], [256.5, 137.33334350585938, 321.8333435058594, 200.0]]","[0.15771484375, 0.043853759765625, 0.043212890625, 0.027374267578125, 0.0272674560546875]",0.15771484375,5
7006,852382,1.2.392.200036.9116.2.6.1.48.1211476691.1504439794.295071,/home/mahsa-nasehi/Desktop/IAAA/fracture/iaaa-contest-bct/Data/training/7006/1.2.392.200036.9116.2.6.1.48.1211476691.1504439794.295071.dcm,11,-376.839845173,512,512,0,0,heldout_patient_fold,aa2d72a2538f26976441e6d52c8c11ca964533e55b3978b8345a70a019d52638,ea81da4d34ee1570c8dd3460a4e44f8f247a0ba0f55b701dbf5093d392e32021,unknown,0,0.0,0.0,[],"[[230.0, 122.66667175292969, 297.66668701171875, 182.0]]",[0.058135986328125],0.058135986328125,1
7006,852382,1.2.392.200036.9116.2.6.1.48.1211476691.1504439797.63593,/home/mahsa-nasehi/Desktop/IAAA/fracture/iaaa-contest-bct/Data/training/7006/1.2.392.200036.9116.2.6.1.48.1211476691.1504439797.63593.dcm,12,-370.95829117299996,512,512,0,0,heldout_patient_fold,aa2d72a2538f26976441e6d52c8c11ca964533e55b3978b8345a70a019d52638,ea81da4d34ee1570c8dd3460a4e44f8f247a0ba0f55b701dbf5093d392e32021,unknown,0,0.0,0.0,[],"[[315.0, 216.33334350585938, 381.0, 279.0], [240.33334350585938, 142.08334350585938, 307.66668701171875, 205.33334350585938], [305.3333435058594, 201.0, 373.3333435058594, 263.66668701171875], [269.3333435058594, 155.0, 408.0, 322.66668701171875], [430.0, 358.0, 467.3333435058594, 394.0]]","[0.05645751953125, 0.05072021484375, 0.0313720703125, 0.0164642333984375, 0.01049041748046875]",0.05645751953125,5
7006,852382,1.2.392.200036.9116.2.6.1.48.1211476691.1504439797.317614,/home/mahsa-nasehi/Desktop/IAAA/fracture/iaaa-contest-bct/Data/training/7006/1.2.392.200036.9116.2.6.1.48.1211476691.1504439797.317614.dcm,13,-362.957510573,512,512,0,0,heldout_patient_fold,aa2d72a2538f26976441e6d52c8c11ca964533e55b3978b8345a70a019d52638,ea81da4d34ee1570c8dd3460a4e44f8f247a0ba0f55b701dbf5093d392e32021,unknown,0,0.0,0.0,[],"[[319.66668701171875, 247.5, 387.0, 312.8333435058594], [309.66668701171875, 233.6666717529297, 377.66668701171875, 296.0], [269.3333435058594, 187.33334350585938, 412.0, 356.66668701171875], [138.83334350585938, 161.58334350585938, 205.1666717529297, 226.33334350585938], [326.0, 286.66668701171875, 392.0, 348.66668701171875]]","[0.10125732421875, 0.036224365234375, 0.0305633544921875, 0.0162200927734375, 0.011688232421875]",0.10125732421875,5
7006,852382,1.2.392.200036.9116.2.6.1.48.1211476691.1504439797.582766,/home/mahsa-nasehi/Desktop/IAAA/fracture/iaaa-contest-bct/Data/training/7006/1.2.392.200036.9116.2.6.1.48.1211476691.1504439797.582766.dcm,14,-354.96606577299997,512,512,0,0,heldout_patient_fold,aa2d72a2538f26976441e6d52c8c11ca964533e55b3978b8345a70a019d52638,ea81da4d34ee1570c8dd3460a4e44f8f247a0ba0f55b701dbf5093d392e32021,unknown,0,0.0,0.0,[],"[[273.0, 213.1666717529297, 340.3333435058594, 272.8333435058594], [309.66668701171875, 258.66668701171875, 377.0, 323.3333435058594], [229.6666717529297, 157.6666717529297, 365.0, 323.0], [258.66668701171875, 188.33334350585938, 397.0, 355.0], [320.16668701171875, 307.0, 386.66668701171875, 371.3333435058594], [299.3333435058594, 243.33334350585938, 367.3333435058594, 308.0], [314.16668701171875, 279.3333435058594, 382.0, 345.3333435058594]]","[0.044677734375, 0.0316162109375, 0.0235137939453125, 0.0177764892578125, 0.01450347900390625, 0.0127716064453125, 0.0115509033203125]",0.044677734375,7
7006,852382,1.2.392.200036.9116.2.6.1.48.1211476691.1504439797.846382,/home/mahsa-nasehi/Desktop/IAAA/fracture/iaaa-contest-bct/Data/training/7006/1.2.392.200036.9116.2.6.1.48.1211476691.1504439797.846382.dcm,15,-346.965285173,512,512,0,0,heldout_patient_fold,aa2d72a2538f26976441e6d52c8c11ca964533e55b3978b8345a70a019d52638,ea81da4d34ee1570c8dd3460a4e44f8f247a0ba0f55b701dbf5093d392e32021,unknown,0,0.0,0.0,[],[],[],0.0,0
7006,852382,1.2.392.200036.9116.2.6.1.48.1211476691.1504439811.279933,/home/mahsa-nasehi/Desktop/IAAA/fracture/iaaa-contest-bct/Data/training/7006/1.2.392.200036.9116.2.6.1.48.1211476691.1504439811.279933.dcm,16,-341.083731173,512,512,0,0,heldout_patient_fold,aa2d72a2538f26976441e6d52c8c11ca964533e55b3978b8345a70a019d52638,ea81da4d34ee1570c8dd3460a4e44f8f247a0ba0f55b701dbf5093d392e32021,negative,0,0.0,0.0,[],[],[],0.0,0
7006,852382,1.2.392.200036.9116.2.6.1.48.1211476691.1504439811.533164,/home/mahsa-nasehi/Desktop/IAAA/fracture/iaaa-contest-bct/Data/training/7006/1.2.392.200036.9116.2.6.1.48.1211476691.1504439811.533164.dcm,17,-333.082950573,512,512,0,0,heldout_patient_fold,aa2d72a2538f26976441e6d52c8c11ca964533e55b3978b8345a70a019d52638,ea81da4d34ee1570c8dd3460a4e44f8f247a0ba0f55b701dbf5093d392e32021,negative,0,0.0,0.0,[],[],[],0.0,0
7006,852382,1.2.392.200036.9116.2.6.1.48.1211476691.1504439811.929296,/home/mahsa-nasehi/Desktop/IAAA/fracture/iaaa-contest-bct/Data/training/7006/1.2.392.200036.9116.2.6.1.48.1211476691.1504439811.929296.dcm,18,-325.091505773,512,512,0,0,heldout_patient_fold,aa2d72a2538f26976441e6d52c8c11ca964533e55b3978b8345a70a019d52638,ea81da4d34ee1570c8dd3460a4e44f8f247a0ba0f55b701dbf5093d392e32021,negative,0,0.0,0.0,[],[],[],0.0,0
7006,852382,1.2.392.200036.9116.2.6.1.48.1211476691.1504439812.77642,/home/mahsa-nasehi/Desktop/IAAA/fracture/iaaa-contest-bct/Data/training/7006/1.2.392.200036.9116.2.6.1.48.1211476691.1504439812.77642.dcm,19,-317.090725173,512,512,0,0,heldout_patient_fold,aa2d72a2538f26976441e6d52c8c11ca964533e55b3978b8345a70a019d52638,ea81da4d34ee1570c8dd3460a4e44f8f247a0ba0f55b701dbf5093d392e32021,negative,0,0.0,0.0,[],[],[],0.0,0
704,205139,1.2.392.200036.9116.2.6.1.48.1211476691.1505137864.460207,/home/mahsa-nasehi/Desktop/IAAA/fracture/iaaa-contest-bct/Data/training/704/1.2.392.200036.9116.2.6.1.48.1211476691.1505137864.460207.dcm,0,-521.198326663,512,512,0,0,heldout_patient_fold,aa2d72a2538f26976441e6d52c8c11ca964533e55b3978b8345a70a019d52638,ea81da4d34ee1570c8dd3460a4e44f8f247a0ba0f55b701dbf5093d392e32021,negative,0,0.0,0.0,[],[],[],0.0,0
704,205139,1.2.392.200036.9116.2.6.1.48.1211476691.1505137864.713893,/home/mahsa-nasehi/Desktop/IAAA/fracture/iaaa-contest-bct/Data/training/704/1.2.392.200036.9116.2.6.1.48.1211476691.1505137864.713893.dcm,1,-513.192540115,512,512,0,0,heldout_patient_fold,aa2d72a2538f26976441e6d52c8c11ca964533e55b3978b8345a70a019d52638,ea81da4d34ee1570c8dd3460a4e44f8f247a0ba0f55b701dbf5093d392e32021,negative,0,0.0,0.0,[],"[[327.66668701171875, 280.0, 363.66668701171875, 317.3333435058594]]",[0.01483917236328125],0.01483917236328125,1
704,205139,1.2.392.200036.9116.2.6.1.48.1211476691.1505137864.985045,/home/mahsa-nasehi/Desktop/IAAA/fracture/iaaa-contest-bct/Data/training/704/1.2.392.200036.9116.2.6.1.48.1211476691.1505137864.985045.dcm,2,-505.19659931499996,512,512,0,0,heldout_patient_fold,aa2d72a2538f26976441e6d52c8c11ca964533e55b3978b8345a70a019d52638,ea81da4d34ee1570c8dd3460a4e44f8f247a0ba0f55b701dbf5093d392e32021,negative,0,0.0,0.0,[],[],[],0.0,0
704,205139,1.2.392.200036.9116.2.6.1.48.1211476691.1505137865.240818,/home/mahsa-nasehi/Desktop/IAAA/fracture/iaaa-contest-bct/Data/training/704/1.2.392.200036.9116.2.6.1.48.1211476691.1505137865.240818.dcm,3,-497.190613863,512,512,0,0,heldout_patient_fold,aa2d72a2538f26976441e6d52c8c11ca964533e55b3978b8345a70a019d52638,ea81da4d34ee1570c8dd3460a4e44f8f247a0ba0f55b701dbf5093d392e32021,negative,0,0.0,0.0,[],[],[],0.0,0
704,205139,1.2.392.200036.9116.2.6.1.48.1211476691.1505137868.50811,/home/mahsa-nasehi/Desktop/IAAA/fracture/iaaa-contest-bct/Data/training/704/1.2.392.200036.9116.2.6.1.48.1211476691.1505137868.50811.dcm,4,-489.37378611500003,512,512,0,0,heldout_patient_fold,aa2d72a2538f26976441e6d52c8c11ca964533e55b3978b8345a70a019d52638,ea81da4d34ee1570c8dd3460a4e44f8f247a0ba0f55b701dbf5093d392e32021,negative,0,0.0,0.0,[],[],[],0.0,0
704,205139,1.2.392.200036.9116.2.6.1.48.1211476691.1505137868.310084,/home/mahsa-nasehi/Desktop/IAAA/fracture/iaaa-contest-bct/Data/training/704/1.2.392.200036.9116.2.6.1.48.1211476691.1505137868.310084.dcm,5,-481.36780066299997,512,512,0,0,heldout_patient_fold,aa2d72a2538f26976441e6d52c8c11ca964533e55b3978b8345a70a019d52638,ea81da4d34ee1570c8dd3460a4e44f8f247a0ba0f55b701dbf5093d392e32021,negative,0,0.0,0.0,[],[],[],0.0,0
704,205139,1.2.392.200036.9116.2.6.1.48.1211476691.1505137868.577374,/home/mahsa-nasehi/Desktop/IAAA/fracture/iaaa-contest-bct/Data/training/704/1.2.392.200036.9116.2.6.1.48.1211476691.1505137868.577374.dcm,6,-473.37195931499997,512,512,0,0,heldout_patient_fold,aa2d72a2538f26976441e6d52c8c11ca964533e55b3978b8345a70a019d52638,ea81da4d34ee1570c8dd3460a4e44f8f247a0ba0f55b701dbf5093d392e32021,negative,0,0.0,0.0,[],[],[],0.0,0
704,205139,1.2.392.200036.9116.2.6.1.48.1211476691.1505137868.836949,/home/mahsa-nasehi/Desktop/IAAA/fracture/iaaa-contest-bct/Data/training/704/1.2.392.200036.9116.2.6.1.48.1211476691.1505137868.836949.dcm,7,-465.36597386299997,512,512,0,0,heldout_patient_fold,aa2d72a2538f26976441e6d52c8c11ca964533e55b3978b8345a70a019d52638,ea81da4d34ee1570c8dd3460a4e44f8f247a0ba0f55b701dbf5093d392e32021,negative,0,0.0,0.0,[],"[[447.3333435058594, 264.3333435058594, 483.3333435058594, 301.0]]",[0.011688232421875],0.011688232421875,1
704,205139,1.2.392.200036.9116.2.6.1.48.1211476691.1505137871.605095,/home/mahsa-nasehi/Desktop/IAAA/fracture/iaaa-contest-bct/Data/training/704/1.2.392.200036.9116.2.6.1.48.1211476691.1505137871.605095.dcm,8,-457.549146115,512,512,0,0,heldout_patient_fold,aa2d72a2538f26976441e6d52c8c11ca964533e55b3978b8345a70a019d52638,ea81da4d34ee1570c8dd3460a4e44f8f247a0ba0f55b701dbf5093d392e32021,negative,0,0.0,0.0,[],"[[256.5, 67.5, 323.5, 131.0]]",[0.01132965087890625],0.01132965087890625,1
704,205139,1.2.392.200036.9116.2.6.1.48.1211476691.1505137871.861548,/home/mahsa-nasehi/Desktop/IAAA/fracture/iaaa-contest-bct/Data/training/704/1.2.392.200036.9116.2.6.1.48.1211476691.1505137871.861548.dcm,9,-449.543160663,512,512,0,0,heldout_patient_fold,aa2d72a2538f26976441e6d52c8c11ca964533e55b3978b8345a70a019d52638,ea81da4d34ee1570c8dd3460a4e44f8f247a0ba0f55b701dbf5093d392e32021,negative,0,0.0,0.0,[],[],[],0.0,0
704,205139,1.2.392.200036.9116.2.6.1.48.1211476691.1505137872.126821,/home/mahsa-nasehi/Desktop/IAAA/fracture/iaaa-contest-bct/Data/training/704/1.2.392.200036.9116.2.6.1.48.1211476691.1505137872.126821.dcm,10,-441.547319315,512,512,0,0,heldout_patient_fold,aa2d72a2538f26976441e6d52c8c11ca964533e55b3978b8345a70a019d52638,ea81da4d34ee1570c8dd3460a4e44f8f247a0ba0f55b701dbf5093d392e32021,negative,0,0.0,0.0,[],"[[261.8333435058594, 93.25, 329.8333435058594, 157.75], [238.0, 61.66666793823242, 374.0, 226.33334350585938], [283.0, 105.5, 349.66668701171875, 166.83334350585938], [98.66667175292969, 72.04167175292969, 236.0, 241.0], [447.3333435058594, 276.16668701171875, 484.0, 313.8333435058594], [294.0, 120.83333587646484, 361.3333435058594, 183.6666717529297]]","[0.057708740234375, 0.03790283203125, 0.0224609375, 0.01495361328125, 0.01267242431640625, 0.0118255615234375]",0.057708740234375,6
704,205139,1.2.392.200036.9116.2.6.1.48.1211476691.1505137872.386777,/home/mahsa-nasehi/Desktop/IAAA/fracture/iaaa-contest-bct/Data/training/704/1.2.392.200036.9116.2.6.1.48.1211476691.1505137872.386777.dcm,11,-433.541333863,512,512,0,0,heldout_patient_fold,aa2d72a2538f26976441e6d52c8c11ca964533e55b3978b8345a70a019d52638,ea81da4d34ee1570c8dd3460a4e44f8f247a0ba0f55b701dbf5093d392e32021,negative,0,0.0,0.0,[],"[[261.66668701171875, 109.66667175292969, 329.0, 174.0], [246.6666717529297, 101.75, 314.0, 161.75], [258.66668701171875, 91.91667175292969, 400.3333435058594, 260.0], [314.8333435058594, 169.25, 380.0, 230.6666717529297], [137.0, 165.4166717529297, 174.0, 202.0]]","[0.1026611328125, 0.0226287841796875, 0.0165252685546875, 0.0115966796875, 0.011505126953125]",0.1026611328125,5
704,205139,1.2.392.200036.9116.2.6.1.48.1211476691.1505137875.184655,/home/mahsa-nasehi/Desktop/IAAA/fracture/iaaa-contest-bct/Data/training/704/1.2.392.200036.9116.2.6.1.48.1211476691.1505137875.184655.dcm,12,-425.724506115,512,512,0,0,heldout_patient_fold,aa2d72a2538f26976441e6d52c8c11ca964533e55b3978b8345a70a019d52638,ea81da4d34ee1570c8dd3460a4e44f8f247a0ba0f55b701dbf5093d392e32021,negative,0,0.0,0.0,[],"[[320.0, 201.6666717529297, 386.66668701171875, 264.0], [337.66668701171875, 289.0, 374.3333435058594, 325.0]]","[0.055206298828125, 0.011871337890625]",0.055206298828125,2
704,205139,1.2.392.200036.9116.2.6.1.48.1211476691.1505137875.438871,/home/mahsa-nasehi/Desktop/IAAA/fracture/iaaa-contest-bct/Data/training/704/1.2.392.200036.9116.2.6.1.48.1211476691.1505137875.438871.dcm,13,-417.718520663,512,512,0,0,heldout_patient_fold,aa2d72a2538f26976441e6d52c8c11ca964533e55b3978b8345a70a019d52638,ea81da4d34ee1570c8dd3460a4e44f8f247a0ba0f55b701dbf5093d392e32021,negative,0,0.0,0.0,[],[],[],0.0,0
704,205139,1.2.392.200036.9116.2.6.1.48.1211476691.1505137875.704731,/home/mahsa-nasehi/Desktop/IAAA/fracture/iaaa-contest-bct/Data/training/704/1.2.392.200036.9116.2.6.1.48.1211476691.1505137875.704731.dcm,14,-409.722679315,512,512,0,0,heldout_patient_fold,aa2d72a2538f26976441e6d52c8c11ca964533e55b3978b8345a70a019d52638,ea81da4d34ee1570c8dd3460a4e44f8f247a0ba0f55b701dbf5093d392e32021,negative,0,0.0,0.0,[],[],[],0.0,0
704,205139,1.2.392.200036.9116.2.6.1.48.1211476691.1505137875.963526,/home/mahsa-nasehi/Desktop/IAAA/fracture/iaaa-contest-bct/Data/training/704/1.2.392.200036.9116.2.6.1.48.1211476691.1505137875.963526.dcm,15,-401.716693863,512,512,0,0,heldout_patient_fold,aa2d72a2538f26976441e6d52c8c11ca964533e55b3978b8345a70a019d52638,ea81da4d34ee1570c8dd3460a4e44f8f247a0ba0f55b701dbf5093d392e32021,negative,0,0.0,0.0,[],[],[],0.0,0
7045,852757,1.2.392.200036.9116.2.6.1.48.1211476691.1504433744.991449,/home/mahsa-nasehi/Desktop/IAAA/fracture/iaaa-contest-bct/Data/training/7045/1.2.392.200036.9116.2.6.1.48.1211476691.1504433744.991449.dcm,0,-572.39473203,512,512,0,0,heldout_patient_fold,aa2d72a2538f26976441e6d52c8c11ca964533e55b3978b8345a70a019d52638,ea81da4d34ee1570c8dd3460a4e44f8f247a0ba0f55b701dbf5093d392e32021,negative,0,0.0,0.0,[],[],[],0.0,0
7045,852757,1.2.392.200036.9116.2.6.1.48.1211476691.1504433745.252252,/home/mahsa-nasehi/Desktop/IAAA/fracture/iaaa-contest-bct/Data/training/7045/1.2.392.200036.9116.2.6.1.48.1211476691.1504433745.252252.dcm,1,-564.39883503,512,512,0,0,heldout_patient_fold,aa2d72a2538f26976441e6d52c8c11ca964533e55b3978b8345a70a019d52638,ea81da4d34ee1570c8dd3460a4e44f8f247a0ba0f55b701dbf5093d392e32021,negative,0,0.0,0.0,[],[],[],0.0,0
7045,852757,1.2.392.200036.9116.2.6.1.48.1211476691.1504433745.514731,/home/mahsa-nasehi/Desktop/IAAA/fracture/iaaa-contest-bct/Data/training/7045/1.2.392.200036.9116.2.6.1.48.1211476691.1504433745.514731.dcm,2,-556.39327266,512,512,0,0,heldout_patient_fold,aa2d72a2538f26976441e6d52c8c11ca964533e55b3978b8345a70a019d52638,ea81da4d34ee1570c8dd3460a4e44f8f247a0ba0f55b701dbf5093d392e32021,negative,0,0.0,0.0,[],[],[],0.0,0
7045,852757,1.2.392.200036.9116.2.6.1.48.1211476691.1504433745.770189,/home/mahsa-nasehi/Desktop/IAAA/fracture/iaaa-contest-bct/Data/training/7045/1.2.392.200036.9116.2.6.1.48.1211476691.1504433745.770189.dcm,3,-548.39737566,512,512,0,0,heldout_patient_fold,aa2d72a2538f26976441e6d52c8c11ca964533e55b3978b8345a70a019d52638,ea81da4d34ee1570c8dd3460a4e44f8f247a0ba0f55b701dbf5093d392e32021,negative,0,0.0,0.0,[],[],[],0.0,0
7045,852757,1.2.392.200036.9116.2.6.1.48.1211476691.1504433748.555598,/home/mahsa-nasehi/Desktop/IAAA/fracture/iaaa-contest-bct/Data/training/7045/1.2.392.200036.9116.2.6.1.48.1211476691.1504433748.555598.dcm,4,-541.15313203,512,512,0,0,heldout_patient_fold,aa2d72a2538f26976441e6d52c8c11ca964533e55b3978b8345a70a019d52638,ea81da4d34ee1570c8dd3460a4e44f8f247a0ba0f55b701dbf5093d392e32021,negative,0,0.0,0.0,[],"[[113.16667175292969, 137.5, 180.5, 198.0]]",[0.0330810546875],0.0330810546875,1
7045,852757,1.2.392.200036.9116.2.6.1.48.1211476691.1504433748.814778,/home/mahsa-nasehi/Desktop/IAAA/fracture/iaaa-contest-bct/Data/training/7045/1.2.392.200036.9116.2.6.1.48.1211476691.1504433748.814778.dcm,5,-533.1572350299999,512,512,0,0,heldout_patient_fold,aa2d72a2538f26976441e6d52c8c11ca964533e55b3978b8345a70a019d52638,ea81da4d34ee1570c8dd3460a4e44f8f247a0ba0f55b701dbf5093d392e32021,negative,0,0.0,0.0,[],"[[121.0, 165.75, 158.0, 201.6666717529297], [102.5, 151.58334350585938, 169.1666717529297, 214.33334350585938]]","[0.06610107421875, 0.0231475830078125]",0.06610107421875,2
7045,852757,1.2.392.200036.9116.2.6.1.48.1211476691.1504433749.81790,/home/mahsa-nasehi/Desktop/IAAA/fracture/iaaa-contest-bct/Data/training/7045/1.2.392.200036.9116.2.6.1.48.1211476691.1504433749.81790.dcm,6,-525.15167266,512,512,0,0,heldout_patient_fold,aa2d72a2538f26976441e6d52c8c11ca964533e55b3978b8345a70a019d52638,ea81da4d34ee1570c8dd3460a4e44f8f247a0ba0f55b701dbf5093d392e32021,negative,0,0.0,0.0,[],[],[],0.0,0
7045,852757,1.2.392.200036.9116.2.6.1.48.1211476691.1504433749.340452,/home/mahsa-nasehi/Desktop/IAAA/fracture/iaaa-contest-bct/Data/training/7045/1.2.392.200036.9116.2.6.1.48.1211476691.1504433749.340452.dcm,7,-517.1557756599999,512,512,0,0,heldout_patient_fold,aa2d72a2538f26976441e6d52c8c11ca964533e55b3978b8345a70a019d52638,ea81da4d34ee1570c8dd3460a4e44f8f247a0ba0f55b701dbf5093d392e32021,negative,0,0.0,0.0,[],[],[],0.0,0
7045,852757,1.2.392.200036.9116.2.6.1.48.1211476691.1504433752.81599,/home/mahsa-nasehi/Desktop/IAAA/fracture/iaaa-contest-bct/Data/training/7045/1.2.392.200036.9116.2.6.1.48.1211476691.1504433752.81599.dcm,8,-509.91162966,512,512,0,0,heldout_patient_fold,aa2d72a2538f26976441e6d52c8c11ca964533e55b3978b8345a70a019d52638,ea81da4d34ee1570c8dd3460a4e44f8f247a0ba0f55b701dbf5093d392e32021,negative,0,0.0,0.0,[],[],[],0.0,0
7045,852757,1.2.392.200036.9116.2.6.1.48.1211476691.1504433752.343185,/home/mahsa-nasehi/Desktop/IAAA/fracture/iaaa-contest-bct/Data/training/7045/1.2.392.200036.9116.2.6.1.48.1211476691.1504433752.343185.dcm,9,-501.91573266,512,512,0,0,heldout_patient_fold,aa2d72a2538f26976441e6d52c8c11ca964533e55b3978b8345a70a019d52638,ea81da4d34ee1570c8dd3460a4e44f8f247a0ba0f55b701dbf5093d392e32021,negative,0,0.0,0.0,[],"[[302.3333435058594, 50.5, 440.3333435058594, 220.33334350585938], [337.0, 94.5, 403.66668701171875, 157.33334350585938]]","[0.01554107666015625, 0.0127716064453125]",0.01554107666015625,2
7045,852757,1.2.392.200036.9116.2.6.1.48.1211476691.1504433752.610173,/home/mahsa-nasehi/Desktop/IAAA/fracture/iaaa-contest-bct/Data/training/7045/1.2.392.200036.9116.2.6.1.48.1211476691.1504433752.610173.dcm,10,-493.91007266,512,512,0,0,heldout_patient_fold,aa2d72a2538f26976441e6d52c8c11ca964533e55b3978b8345a70a019d52638,ea81da4d34ee1570c8dd3460a4e44f8f247a0ba0f55b701dbf5093d392e32021,negative,0,0.0,0.0,[],[],[],0.0,0
7045,852757,1.2.392.200036.9116.2.6.1.48.1211476691.1504433752.868431,/home/mahsa-nasehi/Desktop/IAAA/fracture/iaaa-contest-bct/Data/training/7045/1.2.392.200036.9116.2.6.1.48.1211476691.1504433752.868431.dcm,11,-485.91417565999996,512,512,0,0,heldout_patient_fold,aa2d72a2538f26976441e6d52c8c11ca964533e55b3978b8345a70a019d52638,ea81da4d34ee1570c8dd3460a4e44f8f247a0ba0f55b701dbf5093d392e32021,negative,0,0.0,0.0,[],[],[],0.0,0
7045,852757,1.2.392.200036.9116.2.6.1.48.1211476691.1504433755.633400,/home/mahsa-nasehi/Desktop/IAAA/fracture/iaaa-contest-bct/Data/training/7045/1.2.392.200036.9116.2.6.1.48.1211476691.1504433755.633400.dcm,12,-478.67002966,512,512,0,0,heldout_patient_fold,aa2d72a2538f26976441e6d52c8c11ca964533e55b3978b8345a70a019d52638,ea81da4d34ee1570c8dd3460a4e44f8f247a0ba0f55b701dbf5093d392e32021,negative,0,0.0,0.0,[],"[[392.66668701171875, 283.66668701171875, 430.0, 319.0], [379.3333435058594, 271.3333435058594, 444.66668701171875, 333.3333435058594]]","[0.017181396484375, 0.01554107666015625]",0.017181396484375,2
7045,852757,1.2.392.200036.9116.2.6.1.48.1211476691.1504433755.973339,/home/mahsa-nasehi/Desktop/IAAA/fracture/iaaa-contest-bct/Data/training/7045/1.2.392.200036.9116.2.6.1.48.1211476691.1504433755.973339.dcm,13,-470.67413266,512,512,0,0,heldout_patient_fold,aa2d72a2538f26976441e6d52c8c11ca964533e55b3978b8345a70a019d52638,ea81da4d34ee1570c8dd3460a4e44f8f247a0ba0f55b701dbf5093d392e32021,negative,0,0.0,0.0,[],[],[],0.0,0
7045,852757,1.2.392.200036.9116.2.6.1.48.1211476691.1504433756.177484,/home/mahsa-nasehi/Desktop/IAAA/fracture/iaaa-contest-bct/Data/training/7045/1.2.392.200036.9116.2.6.1.48.1211476691.1504433756.177484.dcm,14,-462.66847266,512,512,0,0,heldout_patient_fold,aa2d72a2538f26976441e6d52c8c11ca964533e55b3978b8345a70a019d52638,ea81da4d34ee1570c8dd3460a4e44f8f247a0ba0f55b701dbf5093d392e32021,negative,0,0.0,0.0,[],[],[],0.0,0
7045,852757,1.2.392.200036.9116.2.6.1.48.1211476691.1504433756.420494,/home/mahsa-nasehi/Desktop/IAAA/fracture/iaaa-contest-bct/Data/training/7045/1.2.392.200036.9116.2.6.1.48.1211476691.1504433756.420494.dcm,15,-454.67257565999995,512,512,0,0,heldout_patient_fold,aa2d72a2538f26976441e6d52c8c11ca964533e55b3978b8345a70a019d52638,ea81da4d34ee1570c8dd3460a4e44f8f247a0ba0f55b701dbf5093d392e32021,negative,0,0.0,0.0,[],[],[],0.0,0
7107,853068,1.2.392.200036.9116.2.6.1.48.1211476691.1504588302.506779,/home/mahsa-nasehi/Desktop/IAAA/fracture/iaaa-contest-bct/Data/training/7107/1.2.392.200036.9116.2.6.1.48.1211476691.1504588302.506779.dcm,0,-519.118689402,512,512,0,0,heldout_patient_fold,aa2d72a2538f26976441e6d52c8c11ca964533e55b3978b8345a70a019d52638,ea81da4d34ee1570c8dd3460a4e44f8f247a0ba0f55b701dbf5093d392e32021,negative,0,0.0,0.0,[],[],[],0.0,0
7107,853068,1.2.392.200036.9116.2.6.1.48.1211476691.1504588302.732327,/home/mahsa-nasehi/Desktop/IAAA/fracture/iaaa-contest-bct/Data/training/7107/1.2.392.200036.9116.2.6.1.48.1211476691.1504588302.732327.dcm,1,-511.11776860199996,512,512,0,0,heldout_patient_fold,aa2d72a2538f26976441e6d52c8c11ca964533e55b3978b8345a70a019d52638,ea81da4d34ee1570c8dd3460a4e44f8f247a0ba0f55b701dbf5093d392e32021,negative,0,0.0,0.0,[],[],[],0.0,0
7107,853068,1.2.392.200036.9116.2.6.1.48.1211476691.1504588303.850,/home/mahsa-nasehi/Desktop/IAAA/fracture/iaaa-contest-bct/Data/training/7107/1.2.392.200036.9116.2.6.1.48.1211476691.1504588303.850.dcm,2,-503.12676220199995,512,512,0,0,heldout_patient_fold,aa2d72a2538f26976441e6d52c8c11ca964533e55b3978b8345a70a019d52638,ea81da4d34ee1570c8dd3460a4e44f8f247a0ba0f55b701dbf5093d392e32021,negative,0,0.0,0.0,[],[],[],0.0,0
7107,853068,1.2.392.200036.9116.2.6.1.48.1211476691.1504588303.261374,/home/mahsa-nasehi/Desktop/IAAA/fracture/iaaa-contest-bct/Data/training/7107/1.2.392.200036.9116.2.6.1.48.1211476691.1504588303.261374.dcm,3,-495.125841402,512,512,0,0,heldout_patient_fold,aa2d72a2538f26976441e6d52c8c11ca964533e55b3978b8345a70a019d52638,ea81da4d34ee1570c8dd3460a4e44f8f247a0ba0f55b701dbf5093d392e32021,negative,0,0.0,0.0,[],[],[],0.0,0
7107,853068,1.2.392.200036.9116.2.6.1.48.1211476691.1504588306.43502,/home/mahsa-nasehi/Desktop/IAAA/fracture/iaaa-contest-bct/Data/training/7107/1.2.392.200036.9116.2.6.1.48.1211476691.1504588306.43502.dcm,4,-487.39260940199995,512,512,0,0,heldout_patient_fold,aa2d72a2538f26976441e6d52c8c11ca964533e55b3978b8345a70a019d52638,ea81da4d34ee1570c8dd3460a4e44f8f247a0ba0f55b701dbf5093d392e32021,negative,0,0.0,0.0,[],"[[114.0, 373.66668701171875, 150.0, 410.3333435058594], [99.83333587646484, 147.33334350585938, 136.6666717529297, 183.0]]","[0.1375732421875, 0.027587890625]",0.1375732421875,2
7107,853068,1.2.392.200036.9116.2.6.1.48.1211476691.1504588306.303506,/home/mahsa-nasehi/Desktop/IAAA/fracture/iaaa-contest-bct/Data/training/7107/1.2.392.200036.9116.2.6.1.48.1211476691.1504588306.303506.dcm,5,-479.391688602,512,512,0,0,heldout_patient_fold,aa2d72a2538f26976441e6d52c8c11ca964533e55b3978b8345a70a019d52638,ea81da4d34ee1570c8dd3460a4e44f8f247a0ba0f55b701dbf5093d392e32021,negative,0,0.0,0.0,[],[],[],0.0,0
7107,853068,1.2.392.200036.9116.2.6.1.48.1211476691.1504588306.571396,/home/mahsa-nasehi/Desktop/IAAA/fracture/iaaa-contest-bct/Data/training/7107/1.2.392.200036.9116.2.6.1.48.1211476691.1504588306.571396.dcm,6,-471.400682202,512,512,0,0,heldout_patient_fold,aa2d72a2538f26976441e6d52c8c11ca964533e55b3978b8345a70a019d52638,ea81da4d34ee1570c8dd3460a4e44f8f247a0ba0f55b701dbf5093d392e32021,negative,0,0.0,0.0,[],[],[],0.0,0
7107,853068,1.2.392.200036.9116.2.6.1.48.1211476691.1504588306.827401,/home/mahsa-nasehi/Desktop/IAAA/fracture/iaaa-contest-bct/Data/training/7107/1.2.392.200036.9116.2.6.1.48.1211476691.1504588306.827401.dcm,7,-463.39976140199997,512,512,0,0,heldout_patient_fold,aa2d72a2538f26976441e6d52c8c11ca964533e55b3978b8345a70a019d52638,ea81da4d34ee1570c8dd3460a4e44f8f247a0ba0f55b701dbf5093d392e32021,negative,0,0.0,0.0,[],"[[458.0, 366.0, 494.0, 402.0]]",[0.022979736328125],0.022979736328125,1
7107,853068,1.2.392.200036.9116.2.6.1.48.1211476691.1504588309.609937,/home/mahsa-nasehi/Desktop/IAAA/fracture/iaaa-contest-bct/Data/training/7107/1.2.392.200036.9116.2.6.1.48.1211476691.1504588309.609937.dcm,8,-455.666529402,512,512,0,0,heldout_patient_fold,aa2d72a2538f26976441e6d52c8c11ca964533e55b3978b8345a70a019d52638,ea81da4d34ee1570c8dd3460a4e44f8f247a0ba0f55b701dbf5093d392e32021,negative,0,0.0,0.0,[],[],[],0.0,0
7107,853068,1.2.392.200036.9116.2.6.1.48.1211476691.1504588309.934146,/home/mahsa-nasehi/Desktop/IAAA/fracture/iaaa-contest-bct/Data/training/7107/1.2.392.200036.9116.2.6.1.48.1211476691.1504588309.934146.dcm,9,-447.66560860199996,512,512,0,0,heldout_patient_fold,aa2d72a2538f26976441e6d52c8c11ca964533e55b3978b8345a70a019d52638,ea81da4d34ee1570c8dd3460a4e44f8f247a0ba0f55b701dbf5093d392e32021,negative,0,0.0,0.0,[],"[[267.66668701171875, 83.33333587646484, 334.3333435058594, 146.6666717529297], [457.3333435058594, 350.0, 493.3333435058594, 385.3333435058594]]","[0.01214599609375, 0.0106964111328125]",0.01214599609375,2
7107,853068,1.2.392.200036.9116.2.6.1.48.1211476691.1504588310.237012,/home/mahsa-nasehi/Desktop/IAAA/fracture/iaaa-contest-bct/Data/training/7107/1.2.392.200036.9116.2.6.1.48.1211476691.1504588310.237012.dcm,10,-439.67460220199996,512,512,0,0,heldout_patient_fold,aa2d72a2538f26976441e6d52c8c11ca964533e55b3978b8345a70a019d52638,ea81da4d34ee1570c8dd3460a4e44f8f247a0ba0f55b701dbf5093d392e32021,negative,0,0.0,0.0,[],"[[457.3333435058594, 350.3333435058594, 493.3333435058594, 385.0]]",[0.04638671875],0.04638671875,1
7107,853068,1.2.392.200036.9116.2.6.1.48.1211476691.1504588310.392151,/home/mahsa-nasehi/Desktop/IAAA/fracture/iaaa-contest-bct/Data/training/7107/1.2.392.200036.9116.2.6.1.48.1211476691.1504588310.392151.dcm,11,-431.673681402,512,512,0,0,heldout_patient_fold,aa2d72a2538f26976441e6d52c8c11ca964533e55b3978b8345a70a019d52638,ea81da4d34ee1570c8dd3460a4e44f8f247a0ba0f55b701dbf5093d392e32021,negative,0,0.0,0.0,[],"[[350.0, 286.16668701171875, 387.3333435058594, 321.5], [305.0, 158.9166717529297, 373.0, 220.33334350585938], [331.66668701171875, 272.0, 399.66668701171875, 332.66668701171875]]","[0.3720703125, 0.15771484375, 0.1412353515625]",0.3720703125,3
7107,853068,1.2.392.200036.9116.2.6.1.48.1211476691.1504588313.327575,/home/mahsa-nasehi/Desktop/IAAA/fracture/iaaa-contest-bct/Data/training/7107/1.2.392.200036.9116.2.6.1.48.1211476691.1504588313.327575.dcm,12,-423.94044940199996,512,512,0,0,heldout_patient_fold,aa2d72a2538f26976441e6d52c8c11ca964533e55b3978b8345a70a019d52638,ea81da4d34ee1570c8dd3460a4e44f8f247a0ba0f55b701dbf5093d392e32021,negative,0,0.0,0.0,[],"[[326.0, 270.66668701171875, 393.3333435058594, 333.3333435058594], [343.3333435058594, 283.5, 379.3333435058594, 319.5], [326.0, 243.33334350585938, 392.0, 307.3333435058594]]","[0.06854248046875, 0.060089111328125, 0.0211181640625]",0.06854248046875,3
7107,853068,1.2.392.200036.9116.2.6.1.48.1211476691.1504588313.580549,/home/mahsa-nasehi/Desktop/IAAA/fracture/iaaa-contest-bct/Data/training/7107/1.2.392.200036.9116.2.6.1.48.1211476691.1504588313.580549.dcm,13,-415.939528602,512,512,0,0,heldout_patient_fold,aa2d72a2538f26976441e6d52c8c11ca964533e55b3978b8345a70a019d52638,ea81da4d34ee1570c8dd3460a4e44f8f247a0ba0f55b701dbf5093d392e32021,negative,0,0.0,0.0,[],[],[],0.0,0
7107,853068,1.2.392.200036.9116.2.6.1.48.1211476691.1504588313.845183,/home/mahsa-nasehi/Desktop/IAAA/fracture/iaaa-contest-bct/Data/training/7107/1.2.392.200036.9116.2.6.1.48.1211476691.1504588313.845183.dcm,14,-407.948522202,512,512,0,0,heldout_patient_fold,aa2d72a2538f26976441e6d52c8c11ca964533e55b3978b8345a70a019d52638,ea81da4d34ee1570c8dd3460a4e44f8f247a0ba0f55b701dbf5093d392e32021,negative,0,0.0,0.0,[],[],[],0.0,0
7107,853068,1.2.392.200036.9116.2.6.1.48.1211476691.1504588314.672432,/home/mahsa-nasehi/Desktop/IAAA/fracture/iaaa-contest-bct/Data/training/7107/1.2.392.200036.9116.2.6.1.48.1211476691.1504588314.672432.dcm,15,-399.947601402,512,512,0,0,heldout_patient_fold,aa2d72a2538f26976441e6d52c8c11ca964533e55b3978b8345a70a019d52638,ea81da4d34ee1570c8dd3460a4e44f8f247a0ba0f55b701dbf5093d392e32021,negative,0,0.0,0.0,[],[],[],0.0,0
7159,853371,1.2.392.200036.9116.2.6.1.48.1211476691.1504743677.18460,/home/mahsa-nasehi/Desktop/IAAA/fracture/iaaa-contest-bct/Data/training/7159/1.2.392.200036.9116.2.6.1.48.1211476691.1504743677.18460.dcm,0,-565.4681191079999,512,512,0,0,heldout_patient_fold,aa2d72a2538f26976441e6d52c8c11ca964533e55b3978b8345a70a019d52638,ea81da4d34ee1570c8dd3460a4e44f8f247a0ba0f55b701dbf5093d392e32021,negative,0,0.0,0.0,[],[],[],0.0,0
7159,853371,1.2.392.200036.9116.2.6.1.48.1211476691.1504743677.275896,/home/mahsa-nasehi/Desktop/IAAA/fracture/iaaa-contest-bct/Data/training/7159/1.2.392.200036.9116.2.6.1.48.1211476691.1504743677.275896.dcm,1,-557.4616138079999,512,512,0,0,heldout_patient_fold,aa2d72a2538f26976441e6d52c8c11ca964533e55b3978b8345a70a019d52638,ea81da4d34ee1570c8dd3460a4e44f8f247a0ba0f55b701dbf5093d392e32021,negative,0,0.0,0.0,[],[],[],0.0,0
7159,853371,1.2.392.200036.9116.2.6.1.48.1211476691.1504743677.542836,/home/mahsa-nasehi/Desktop/IAAA/fracture/iaaa-contest-bct/Data/training/7159/1.2.392.200036.9116.2.6.1.48.1211476691.1504743677.542836.dcm,2,-549.464956608,512,512,0,0,heldout_patient_fold,aa2d72a2538f26976441e6d52c8c11ca964533e55b3978b8345a70a019d52638,ea81da4d34ee1570c8dd3460a4e44f8f247a0ba0f55b701dbf5093d392e32021,negative,0,0.0,0.0,[],"[[139.33334350585938, 211.6666717529297, 206.33334350585938, 274.3333435058594]]",[0.0165252685546875],0.0165252685546875,1
7159,853371,1.2.392.200036.9116.2.6.1.48.1211476691.1504743677.801485,/home/mahsa-nasehi/Desktop/IAAA/fracture/iaaa-contest-bct/Data/training/7159/1.2.392.200036.9116.2.6.1.48.1211476691.1504743677.801485.dcm,3,-541.4584513079999,512,512,0,0,heldout_patient_fold,aa2d72a2538f26976441e6d52c8c11ca964533e55b3978b8345a70a019d52638,ea81da4d34ee1570c8dd3460a4e44f8f247a0ba0f55b701dbf5093d392e32021,negative,0,0.0,0.0,[],"[[148.5, 227.0, 184.83334350585938, 263.66668701171875]]",[0.0301055908203125],0.0301055908203125,1
7159,853371,1.2.392.200036.9116.2.6.1.48.1211476691.1504743680.580443,/home/mahsa-nasehi/Desktop/IAAA/fracture/iaaa-contest-bct/Data/training/7159/1.2.392.200036.9116.2.6.1.48.1211476691.1504743680.580443.dcm,4,-533.9541991079999,512,512,0,0,heldout_patient_fold,aa2d72a2538f26976441e6d52c8c11ca964533e55b3978b8345a70a019d52638,ea81da4d34ee1570c8dd3460a4e44f8f247a0ba0f55b701dbf5093d392e32021,negative,0,0.0,0.0,[],[],[],0.0,0
7159,853371,1.2.392.200036.9116.2.6.1.48.1211476691.1504743680.841092,/home/mahsa-nasehi/Desktop/IAAA/fracture/iaaa-contest-bct/Data/training/7159/1.2.392.200036.9116.2.6.1.48.1211476691.1504743680.841092.dcm,5,-525.9476938079999,512,512,0,0,heldout_patient_fold,aa2d72a2538f26976441e6d52c8c11ca964533e55b3978b8345a70a019d52638,ea81da4d34ee1570c8dd3460a4e44f8f247a0ba0f55b701dbf5093d392e32021,negative,0,0.0,0.0,[],[],[],0.0,0
7159,853371,1.2.392.200036.9116.2.6.1.48.1211476691.1504743681.108248,/home/mahsa-nasehi/Desktop/IAAA/fracture/iaaa-contest-bct/Data/training/7159/1.2.392.200036.9116.2.6.1.48.1211476691.1504743681.108248.dcm,6,-517.951036608,512,512,0,0,heldout_patient_fold,aa2d72a2538f26976441e6d52c8c11ca964533e55b3978b8345a70a019d52638,ea81da4d34ee1570c8dd3460a4e44f8f247a0ba0f55b701dbf5093d392e32021,negative,0,0.0,0.0,[],"[[396.66668701171875, 83.70833587646484, 512.0, 253.33334350585938]]",[0.0191192626953125],0.0191192626953125,1
7159,853371,1.2.392.200036.9116.2.6.1.48.1211476691.1504743681.367875,/home/mahsa-nasehi/Desktop/IAAA/fracture/iaaa-contest-bct/Data/training/7159/1.2.392.200036.9116.2.6.1.48.1211476691.1504743681.367875.dcm,7,-509.94453130799997,512,512,0,0,heldout_patient_fold,aa2d72a2538f26976441e6d52c8c11ca964533e55b3978b8345a70a019d52638,ea81da4d34ee1570c8dd3460a4e44f8f247a0ba0f55b701dbf5093d392e32021,negative,0,0.0,0.0,[],"[[422.0, 122.16667175292969, 487.3333435058594, 182.0], [433.3333435058594, 141.33334350585938, 500.0, 205.0], [386.0, 84.0, 512.0, 249.0], [406.66668701171875, 110.83333587646484, 474.66668701171875, 173.83334350585938], [466.0, 205.6666717529297, 502.0, 242.33334350585938]]","[0.033599853515625, 0.0301055908203125, 0.023956298828125, 0.01666259765625, 0.01287078857421875]",0.033599853515625,5
7159,853371,1.2.392.200036.9116.2.6.1.48.1211476691.1504743684.145549,/home/mahsa-nasehi/Desktop/IAAA/fracture/iaaa-contest-bct/Data/training/7159/1.2.392.200036.9116.2.6.1.48.1211476691.1504743684.145549.dcm,8,-502.44027910799997,512,512,0,0,heldout_patient_fold,aa2d72a2538f26976441e6d52c8c11ca964533e55b3978b8345a70a019d52638,ea81da4d34ee1570c8dd3460a4e44f8f247a0ba0f55b701dbf5093d392e32021,negative,0,0.0,0.0,[],"[[375.3333435058594, 91.58333587646484, 512.0, 261.0], [443.3333435058594, 196.6666717529297, 510.0, 257.66668701171875], [422.66668701171875, 146.33334350585938, 489.3333435058594, 210.6666717529297], [411.3333435058594, 130.83334350585938, 478.0, 194.5]]","[0.0266571044921875, 0.023956298828125, 0.01137542724609375, 0.01024627685546875]",0.0266571044921875,4
7159,853371,1.2.392.200036.9116.2.6.1.48.1211476691.1504743684.406506,/home/mahsa-nasehi/Desktop/IAAA/fracture/iaaa-contest-bct/Data/training/7159/1.2.392.200036.9116.2.6.1.48.1211476691.1504743684.406506.dcm,9,-494.433773808,512,512,0,0,heldout_patient_fold,aa2d72a2538f26976441e6d52c8c11ca964533e55b3978b8345a70a019d52638,ea81da4d34ee1570c8dd3460a4e44f8f247a0ba0f55b701dbf5093d392e32021,negative,0,0.0,0.0,[],"[[390.3333435058594, 126.33333587646484, 457.66668701171875, 189.83334350585938], [405.66668701171875, 143.25, 471.66668701171875, 204.6666717529297]]","[0.0156707763671875, 0.0129241943359375]",0.0156707763671875,2
7159,853371,1.2.392.200036.9116.2.6.1.48.1211476691.1504743684.673026,/home/mahsa-nasehi/Desktop/IAAA/fracture/iaaa-contest-bct/Data/training/7159/1.2.392.200036.9116.2.6.1.48.1211476691.1504743684.673026.dcm,10,-486.43721508899995,512,512,0,0,heldout_patient_fold,aa2d72a2538f26976441e6d52c8c11ca964533e55b3978b8345a70a019d52638,ea81da4d34ee1570c8dd3460a4e44f8f247a0ba0f55b701dbf5093d392e32021,negative,0,0.0,0.0,[],[],[],0.0,0
7159,853371,1.2.392.200036.9116.2.6.1.48.1211476691.1504743684.931598,/home/mahsa-nasehi/Desktop/IAAA/fracture/iaaa-contest-bct/Data/training/7159/1.2.392.200036.9116.2.6.1.48.1211476691.1504743684.931598.dcm,11,-478.430611308,512,512,0,0,heldout_patient_fold,aa2d72a2538f26976441e6d52c8c11ca964533e55b3978b8345a70a019d52638,ea81da4d34ee1570c8dd3460a4e44f8f247a0ba0f55b701dbf5093d392e32021,negative,0,0.0,0.0,[],[],[],0.0,0
7159,853371,1.2.392.200036.9116.2.6.1.48.1211476691.1504743687.711341,/home/mahsa-nasehi/Desktop/IAAA/fracture/iaaa-contest-bct/Data/training/7159/1.2.392.200036.9116.2.6.1.48.1211476691.1504743687.711341.dcm,12,-470.92645758899994,512,512,0,0,heldout_patient_fold,aa2d72a2538f26976441e6d52c8c11ca964533e55b3978b8345a70a019d52638,ea81da4d34ee1570c8dd3460a4e44f8f247a0ba0f55b701dbf5093d392e32021,negative,0,0.0,0.0,[],"[[390.66668701171875, 303.66668701171875, 456.66668701171875, 363.66668701171875]]",[0.0170440673828125],0.0170440673828125,1
7159,853371,1.2.392.200036.9116.2.6.1.48.1211476691.1504743687.969472,/home/mahsa-nasehi/Desktop/IAAA/fracture/iaaa-contest-bct/Data/training/7159/1.2.392.200036.9116.2.6.1.48.1211476691.1504743687.969472.dcm,13,-462.91985380799997,512,512,0,0,heldout_patient_fold,aa2d72a2538f26976441e6d52c8c11ca964533e55b3978b8345a70a019d52638,ea81da4d34ee1570c8dd3460a4e44f8f247a0ba0f55b701dbf5093d392e32021,negative,0,0.0,0.0,[],"[[363.3333435058594, 243.33334350585938, 431.3333435058594, 305.3333435058594]]",[0.03790283203125],0.03790283203125,1
7159,853371,1.2.392.200036.9116.2.6.1.48.1211476691.1504743688.230264,/home/mahsa-nasehi/Desktop/IAAA/fracture/iaaa-contest-bct/Data/training/7159/1.2.392.200036.9116.2.6.1.48.1211476691.1504743688.230264.dcm,14,-454.92329508899996,512,512,0,0,heldout_patient_fold,aa2d72a2538f26976441e6d52c8c11ca964533e55b3978b8345a70a019d52638,ea81da4d34ee1570c8dd3460a4e44f8f247a0ba0f55b701dbf5093d392e32021,negative,0,0.0,0.0,[],[],[],0.0,0
7159,853371,1.2.392.200036.9116.2.6.1.48.1211476691.1504743688.488922,/home/mahsa-nasehi/Desktop/IAAA/fracture/iaaa-contest-bct/Data/training/7159/1.2.392.200036.9116.2.6.1.48.1211476691.1504743688.488922.dcm,15,-446.916691308,512,512,0,0,heldout_patient_fold,aa2d72a2538f26976441e6d52c8c11ca964533e55b3978b8345a70a019d52638,ea81da4d34ee1570c8dd3460a4e44f8f247a0ba0f55b701dbf5093d392e32021,negative,0,0.0,0.0,[],[],[],0.0,0
7248,853930,1.2.392.200036.9116.2.6.1.48.1211476691.1505028976.835574,/home/mahsa-nasehi/Desktop/IAAA/fracture/iaaa-contest-bct/Data/training/7248/1.2.392.200036.9116.2.6.1.48.1211476691.1505028976.835574.dcm,0,-502.98606410800005,512,512,0,0,heldout_patient_fold,aa2d72a2538f26976441e6d52c8c11ca964533e55b3978b8345a70a019d52638,ea81da4d34ee1570c8dd3460a4e44f8f247a0ba0f55b701dbf5093d392e32021,negative,0,0.0,0.0,[],[],[],0.0,0
7248,853930,1.2.392.200036.9116.2.6.1.48.1211476691.1505028977.85955,/home/mahsa-nasehi/Desktop/IAAA/fracture/iaaa-contest-bct/Data/training/7248/1.2.392.200036.9116.2.6.1.48.1211476691.1505028977.85955.dcm,1,-494.980796508,512,512,0,0,heldout_patient_fold,aa2d72a2538f26976441e6d52c8c11ca964533e55b3978b8345a70a019d52638,ea81da4d34ee1570c8dd3460a4e44f8f247a0ba0f55b701dbf5093d392e32021,negative,0,0.0,0.0,[],[],[],0.0,0
7248,853930,1.2.392.200036.9116.2.6.1.48.1211476691.1505028977.353432,/home/mahsa-nasehi/Desktop/IAAA/fracture/iaaa-contest-bct/Data/training/7248/1.2.392.200036.9116.2.6.1.48.1211476691.1505028977.353432.dcm,2,-486.985498108,512,512,0,0,heldout_patient_fold,aa2d72a2538f26976441e6d52c8c11ca964533e55b3978b8345a70a019d52638,ea81da4d34ee1570c8dd3460a4e44f8f247a0ba0f55b701dbf5093d392e32021,negative,0,0.0,0.0,[],[],[],0.0,0
7248,853930,1.2.392.200036.9116.2.6.1.48.1211476691.1505028977.606822,/home/mahsa-nasehi/Desktop/IAAA/fracture/iaaa-contest-bct/Data/training/7248/1.2.392.200036.9116.2.6.1.48.1211476691.1505028977.606822.dcm,3,-478.980230508,512,512,0,0,heldout_patient_fold,aa2d72a2538f26976441e6d52c8c11ca964533e55b3978b8345a70a019d52638,ea81da4d34ee1570c8dd3460a4e44f8f247a0ba0f55b701dbf5093d392e32021,negative,0,0.0,0.0,[],"[[161.4166717529297, 174.33334350585938, 198.0, 209.6666717529297], [143.6666717529297, 161.83334350585938, 210.6666717529297, 226.83334350585938]]","[0.153076171875, 0.07586669921875]",0.153076171875,2
7248,853930,1.2.392.200036.9116.2.6.1.48.1211476691.1505028980.408523,/home/mahsa-nasehi/Desktop/IAAA/fracture/iaaa-contest-bct/Data/training/7248/1.2.392.200036.9116.2.6.1.48.1211476691.1505028980.408523.dcm,4,-471.084624108,512,512,0,0,heldout_patient_fold,aa2d72a2538f26976441e6d52c8c11ca964533e55b3978b8345a70a019d52638,ea81da4d34ee1570c8dd3460a4e44f8f247a0ba0f55b701dbf5093d392e32021,negative,0,0.0,0.0,[],"[[156.5, 174.0, 192.83334350585938, 210.0]]",[0.08209228515625],0.08209228515625,1
7248,853930,1.2.392.200036.9116.2.6.1.48.1211476691.1505028980.665722,/home/mahsa-nasehi/Desktop/IAAA/fracture/iaaa-contest-bct/Data/training/7248/1.2.392.200036.9116.2.6.1.48.1211476691.1505028980.665722.dcm,5,-463.079356508,512,512,0,0,heldout_patient_fold,aa2d72a2538f26976441e6d52c8c11ca964533e55b3978b8345a70a019d52638,ea81da4d34ee1570c8dd3460a4e44f8f247a0ba0f55b701dbf5093d392e32021,negative,0,0.0,0.0,[],[],[],0.0,0
7248,853930,1.2.392.200036.9116.2.6.1.48.1211476691.1505028980.932112,/home/mahsa-nasehi/Desktop/IAAA/fracture/iaaa-contest-bct/Data/training/7248/1.2.392.200036.9116.2.6.1.48.1211476691.1505028980.932112.dcm,6,-455.084058108,512,512,0,0,heldout_patient_fold,aa2d72a2538f26976441e6d52c8c11ca964533e55b3978b8345a70a019d52638,ea81da4d34ee1570c8dd3460a4e44f8f247a0ba0f55b701dbf5093d392e32021,negative,0,0.0,0.0,[],[],[],0.0,0
7248,853930,1.2.392.200036.9116.2.6.1.48.1211476691.1505028981.192546,/home/mahsa-nasehi/Desktop/IAAA/fracture/iaaa-contest-bct/Data/training/7248/1.2.392.200036.9116.2.6.1.48.1211476691.1505028981.192546.dcm,7,-447.078790508,512,512,0,0,heldout_patient_fold,aa2d72a2538f26976441e6d52c8c11ca964533e55b3978b8345a70a019d52638,ea81da4d34ee1570c8dd3460a4e44f8f247a0ba0f55b701dbf5093d392e32021,negative,0,0.0,0.0,[],[],[],0.0,0
7248,853930,1.2.392.200036.9116.2.6.1.48.1211476691.1505028983.955392,/home/mahsa-nasehi/Desktop/IAAA/fracture/iaaa-contest-bct/Data/training/7248/1.2.392.200036.9116.2.6.1.48.1211476691.1505028983.955392.dcm,8,-439.18318410800003,512,512,0,0,heldout_patient_fold,aa2d72a2538f26976441e6d52c8c11ca964533e55b3978b8345a70a019d52638,ea81da4d34ee1570c8dd3460a4e44f8f247a0ba0f55b701dbf5093d392e32021,negative,0,0.0,0.0,[],[],[],0.0,0
7248,853930,1.2.392.200036.9116.2.6.1.48.1211476691.1505028984.214656,/home/mahsa-nasehi/Desktop/IAAA/fracture/iaaa-contest-bct/Data/training/7248/1.2.392.200036.9116.2.6.1.48.1211476691.1505028984.214656.dcm,9,-431.177916508,512,512,0,0,heldout_patient_fold,aa2d72a2538f26976441e6d52c8c11ca964533e55b3978b8345a70a019d52638,ea81da4d34ee1570c8dd3460a4e44f8f247a0ba0f55b701dbf5093d392e32021,negative,0,0.0,0.0,[],[],[],0.0,0
7248,853930,1.2.392.200036.9116.2.6.1.48.1211476691.1505028984.480752,/home/mahsa-nasehi/Desktop/IAAA/fracture/iaaa-contest-bct/Data/training/7248/1.2.392.200036.9116.2.6.1.48.1211476691.1505028984.480752.dcm,10,-423.18261810800004,512,512,0,0,heldout_patient_fold,aa2d72a2538f26976441e6d52c8c11ca964533e55b3978b8345a70a019d52638,ea81da4d34ee1570c8dd3460a4e44f8f247a0ba0f55b701dbf5093d392e32021,negative,0,0.0,0.0,[],"[[404.66668701171875, 270.0, 440.66668701171875, 306.3333435058594]]",[0.0299835205078125],0.0299835205078125,1
7248,853930,1.2.392.200036.9116.2.6.1.48.1211476691.1505028984.738948,/home/mahsa-nasehi/Desktop/IAAA/fracture/iaaa-contest-bct/Data/training/7248/1.2.392.200036.9116.2.6.1.48.1211476691.1505028984.738948.dcm,11,-415.177350508,512,512,0,0,heldout_patient_fold,aa2d72a2538f26976441e6d52c8c11ca964533e55b3978b8345a70a019d52638,ea81da4d34ee1570c8dd3460a4e44f8f247a0ba0f55b701dbf5093d392e32021,negative,0,0.0,0.0,[],"[[399.3333435058594, 272.5, 435.3333435058594, 308.8333435058594], [379.3333435058594, 261.0, 445.3333435058594, 322.0], [53.5, 304.66668701171875, 88.33333587646484, 341.3333435058594]]","[0.07452392578125, 0.04132080078125, 0.0232391357421875]",0.07452392578125,3
7248,853930,1.2.392.200036.9116.2.6.1.48.1211476691.1505028987.504673,/home/mahsa-nasehi/Desktop/IAAA/fracture/iaaa-contest-bct/Data/training/7248/1.2.392.200036.9116.2.6.1.48.1211476691.1505028987.504673.dcm,12,-407.28174410800005,512,512,0,0,heldout_patient_fold,aa2d72a2538f26976441e6d52c8c11ca964533e55b3978b8345a70a019d52638,ea81da4d34ee1570c8dd3460a4e44f8f247a0ba0f55b701dbf5093d392e32021,negative,0,0.0,0.0,[],"[[368.3333435058594, 260.66668701171875, 436.3333435058594, 320.66668701171875], [385.3333435058594, 269.66668701171875, 422.0, 306.0]]","[0.110107421875, 0.08538818359375]",0.110107421875,2
7248,853930,1.2.392.200036.9116.2.6.1.48.1211476691.1505028987.758837,/home/mahsa-nasehi/Desktop/IAAA/fracture/iaaa-contest-bct/Data/training/7248/1.2.392.200036.9116.2.6.1.48.1211476691.1505028987.758837.dcm,13,-399.27647650800003,512,512,0,0,heldout_patient_fold,aa2d72a2538f26976441e6d52c8c11ca964533e55b3978b8345a70a019d52638,ea81da4d34ee1570c8dd3460a4e44f8f247a0ba0f55b701dbf5093d392e32021,negative,0,0.0,0.0,[],"[[352.66668701171875, 262.8333435058594, 419.3333435058594, 326.8333435058594]]",[0.137939453125],0.137939453125,1
7248,853930,1.2.392.200036.9116.2.6.1.48.1211476691.1505028988.22445,/home/mahsa-nasehi/Desktop/IAAA/fracture/iaaa-contest-bct/Data/training/7248/1.2.392.200036.9116.2.6.1.48.1211476691.1505028988.22445.dcm,14,-391.281178108,512,512,0,0,heldout_patient_fold,aa2d72a2538f26976441e6d52c8c11ca964533e55b3978b8345a70a019d52638,ea81da4d34ee1570c8dd3460a4e44f8f247a0ba0f55b701dbf5093d392e32021,negative,0,0.0,0.0,[],"[[293.3333435058594, 195.6666717529297, 360.66668701171875, 259.0], [230.0, 187.6666717529297, 298.0, 247.0]]","[0.0703125, 0.0110321044921875]",0.0703125,2
7248,853930,1.2.392.200036.9116.2.6.1.48.1211476691.1505028988.282085,/home/mahsa-nasehi/Desktop/IAAA/fracture/iaaa-contest-bct/Data/training/7248/1.2.392.200036.9116.2.6.1.48.1211476691.1505028988.282085.dcm,15,-383.275910508,512,512,0,0,heldout_patient_fold,aa2d72a2538f26976441e6d52c8c11ca964533e55b3978b8345a70a019d52638,ea81da4d34ee1570c8dd3460a4e44f8f247a0ba0f55b701dbf5093d392e32021,negative,0,0.0,0.0,[],[],[],0.0,0
7332,855265,1.2.392.200036.9116.2.6.1.48.1211476691.1505787769.258919,/home/mahsa-nasehi/Desktop/IAAA/fracture/iaaa-contest-bct/Data/training/7332/1.2.392.200036.9116.2.6.1.48.1211476691.1505787769.258919.dcm,0,-560.8800731521,512,512,0,0,heldout_patient_fold,aa2d72a2538f26976441e6d52c8c11ca964533e55b3978b8345a70a019d52638,ea81da4d34ee1570c8dd3460a4e44f8f247a0ba0f55b701dbf5093d392e32021,negative,0,0.0,0.0,[],[],[],0.0,0
7332,855265,1.2.392.200036.9116.2.6.1.48.1211476691.1505787769.510548,/home/mahsa-nasehi/Desktop/IAAA/fracture/iaaa-contest-bct/Data/training/7332/1.2.392.200036.9116.2.6.1.48.1211476691.1505787769.510548.dcm,1,-552.8801201521001,512,512,0,0,heldout_patient_fold,aa2d72a2538f26976441e6d52c8c11ca964533e55b3978b8345a70a019d52638,ea81da4d34ee1570c8dd3460a4e44f8f247a0ba0f55b701dbf5093d392e32021,negative,0,0.0,0.0,[],[],[],0.0,0
7332,855265,1.2.392.200036.9116.2.6.1.48.1211476691.1505787769.775122,/home/mahsa-nasehi/Desktop/IAAA/fracture/iaaa-contest-bct/Data/training/7332/1.2.392.200036.9116.2.6.1.48.1211476691.1505787769.775122.dcm,2,-544.8800678971,512,512,0,0,heldout_patient_fold,aa2d72a2538f26976441e6d52c8c11ca964533e55b3978b8345a70a019d52638,ea81da4d34ee1570c8dd3460a4e44f8f247a0ba0f55b701dbf5093d392e32021,negative,0,0.0,0.0,[],[],[],0.0,0
7332,855265,1.2.392.200036.9116.2.6.1.48.1211476691.1505787770.34768,/home/mahsa-nasehi/Desktop/IAAA/fracture/iaaa-contest-bct/Data/training/7332/1.2.392.200036.9116.2.6.1.48.1211476691.1505787770.34768.dcm,3,-536.8801148971,512,512,0,0,heldout_patient_fold,aa2d72a2538f26976441e6d52c8c11ca964533e55b3978b8345a70a019d52638,ea81da4d34ee1570c8dd3460a4e44f8f247a0ba0f55b701dbf5093d392e32021,negative,0,0.0,0.0,[],"[[113.08333587646484, 320.66668701171875, 150.08334350585938, 356.3333435058594]]",[0.0165863037109375],0.0165863037109375,1
7332,855265,1.2.392.200036.9116.2.6.1.48.1211476691.1505787772.820664,/home/mahsa-nasehi/Desktop/IAAA/fracture/iaaa-contest-bct/Data/training/7332/1.2.392.200036.9116.2.6.1.48.1211476691.1505787772.820664.dcm,4,-529.1184731521,512,512,0,0,heldout_patient_fold,aa2d72a2538f26976441e6d52c8c11ca964533e55b3978b8345a70a019d52638,ea81da4d34ee1570c8dd3460a4e44f8f247a0ba0f55b701dbf5093d392e32021,negative,0,0.0,0.0,[],"[[85.83333587646484, 162.6666717529297, 152.5, 225.6666717529297]]",[0.0257568359375],0.0257568359375,1
7332,855265,1.2.392.200036.9116.2.6.1.48.1211476691.1505787773.76039,/home/mahsa-nasehi/Desktop/IAAA/fracture/iaaa-contest-bct/Data/training/7332/1.2.392.200036.9116.2.6.1.48.1211476691.1505787773.76039.dcm,5,-521.1185201521,512,512,0,0,heldout_patient_fold,aa2d72a2538f26976441e6d52c8c11ca964533e55b3978b8345a70a019d52638,ea81da4d34ee1570c8dd3460a4e44f8f247a0ba0f55b701dbf5093d392e32021,negative,0,0.0,0.0,[],[],[],0.0,0
7332,855265,1.2.392.200036.9116.2.6.1.48.1211476691.1505787773.341694,/home/mahsa-nasehi/Desktop/IAAA/fracture/iaaa-contest-bct/Data/training/7332/1.2.392.200036.9116.2.6.1.48.1211476691.1505787773.341694.dcm,6,-513.1184678971,512,512,0,0,heldout_patient_fold,aa2d72a2538f26976441e6d52c8c11ca964533e55b3978b8345a70a019d52638,ea81da4d34ee1570c8dd3460a4e44f8f247a0ba0f55b701dbf5093d392e32021,negative,0,0.0,0.0,[],[],[],0.0,0
7332,855265,1.2.392.200036.9116.2.6.1.48.1211476691.1505787773.601943,/home/mahsa-nasehi/Desktop/IAAA/fracture/iaaa-contest-bct/Data/training/7332/1.2.392.200036.9116.2.6.1.48.1211476691.1505787773.601943.dcm,7,-505.1186141521,512,512,0,0,heldout_patient_fold,aa2d72a2538f26976441e6d52c8c11ca964533e55b3978b8345a70a019d52638,ea81da4d34ee1570c8dd3460a4e44f8f247a0ba0f55b701dbf5093d392e32021,negative,0,0.0,0.0,[],[],[],0.0,0
7332,855265,1.2.392.200036.9116.2.6.1.48.1211476691.1505787776.419403,/home/mahsa-nasehi/Desktop/IAAA/fracture/iaaa-contest-bct/Data/training/7332/1.2.392.200036.9116.2.6.1.48.1211476691.1505787776.419403.dcm,8,-497.35687315210004,512,512,0,0,heldout_patient_fold,aa2d72a2538f26976441e6d52c8c11ca964533e55b3978b8345a70a019d52638,ea81da4d34ee1570c8dd3460a4e44f8f247a0ba0f55b701dbf5093d392e32021,negative,0,0.0,0.0,[],[],[],0.0,0
7332,855265,1.2.392.200036.9116.2.6.1.48.1211476691.1505787776.675116,/home/mahsa-nasehi/Desktop/IAAA/fracture/iaaa-contest-bct/Data/training/7332/1.2.392.200036.9116.2.6.1.48.1211476691.1505787776.675116.dcm,9,-489.35692015210003,512,512,0,0,heldout_patient_fold,aa2d72a2538f26976441e6d52c8c11ca964533e55b3978b8345a70a019d52638,ea81da4d34ee1570c8dd3460a4e44f8f247a0ba0f55b701dbf5093d392e32021,negative,0,0.0,0.0,[],[],[],0.0,0
7332,855265,1.2.392.200036.9116.2.6.1.48.1211476691.1505787776.941882,/home/mahsa-nasehi/Desktop/IAAA/fracture/iaaa-contest-bct/Data/training/7332/1.2.392.200036.9116.2.6.1.48.1211476691.1505787776.941882.dcm,10,-481.3569671521,512,512,0,0,heldout_patient_fold,aa2d72a2538f26976441e6d52c8c11ca964533e55b3978b8345a70a019d52638,ea81da4d34ee1570c8dd3460a4e44f8f247a0ba0f55b701dbf5093d392e32021,negative,0,0.0,0.0,[],"[[269.0, 59.66666793823242, 413.0, 230.83334350585938]]",[0.01519012451171875],0.01519012451171875,1
7332,855265,1.2.392.200036.9116.2.6.1.48.1211476691.1505787777.203494,/home/mahsa-nasehi/Desktop/IAAA/fracture/iaaa-contest-bct/Data/training/7332/1.2.392.200036.9116.2.6.1.48.1211476691.1505787777.203494.dcm,11,-473.3570141521,512,512,0,0,heldout_patient_fold,aa2d72a2538f26976441e6d52c8c11ca964533e55b3978b8345a70a019d52638,ea81da4d34ee1570c8dd3460a4e44f8f247a0ba0f55b701dbf5093d392e32021,negative,0,0.0,0.0,[],"[[321.66668701171875, 143.33334350585938, 389.0, 203.6666717529297], [282.5, 86.66667175292969, 414.66668701171875, 248.33334350585938], [278.3333435058594, 112.33333587646484, 345.0, 171.33334350585938]]","[0.053192138671875, 0.017578125, 0.01214599609375]",0.053192138671875,3
7332,855265,1.2.392.200036.9116.2.6.1.48.1211476691.1505787780.5636,/home/mahsa-nasehi/Desktop/IAAA/fracture/iaaa-contest-bct/Data/training/7332/1.2.392.200036.9116.2.6.1.48.1211476691.1505787780.5636.dcm,12,-465.59527315210005,512,512,0,0,heldout_patient_fold,aa2d72a2538f26976441e6d52c8c11ca964533e55b3978b8345a70a019d52638,ea81da4d34ee1570c8dd3460a4e44f8f247a0ba0f55b701dbf5093d392e32021,negative,0,0.0,0.0,[],"[[293.8333435058594, 118.66667175292969, 423.3333435058594, 278.3333435058594], [305.3333435058594, 154.83334350585938, 371.3333435058594, 214.5], [311.16668701171875, 145.5, 455.3333435058594, 316.16668701171875]]","[0.04534912109375, 0.01678466796875, 0.01132965087890625]",0.04534912109375,3
7332,855265,1.2.392.200036.9116.2.6.1.48.1211476691.1505787780.259474,/home/mahsa-nasehi/Desktop/IAAA/fracture/iaaa-contest-bct/Data/training/7332/1.2.392.200036.9116.2.6.1.48.1211476691.1505787780.259474.dcm,13,-457.59532015210004,512,512,0,0,heldout_patient_fold,aa2d72a2538f26976441e6d52c8c11ca964533e55b3978b8345a70a019d52638,ea81da4d34ee1570c8dd3460a4e44f8f247a0ba0f55b701dbf5093d392e32021,negative,0,0.0,0.0,[],"[[289.66668701171875, 172.33334350585938, 355.66668701171875, 229.0], [301.5, 156.9166717529297, 442.66668701171875, 327.0], [250.6666717529297, 117.66667175292969, 382.66668701171875, 279.3333435058594]]","[0.01512908935546875, 0.0141754150390625, 0.01094818115234375]",0.01512908935546875,3
7332,855265,1.2.392.200036.9116.2.6.1.48.1211476691.1505787780.525925,/home/mahsa-nasehi/Desktop/IAAA/fracture/iaaa-contest-bct/Data/training/7332/1.2.392.200036.9116.2.6.1.48.1211476691.1505787780.525925.dcm,14,-449.59536715210004,512,512,0,0,heldout_patient_fold,aa2d72a2538f26976441e6d52c8c11ca964533e55b3978b8345a70a019d52638,ea81da4d34ee1570c8dd3460a4e44f8f247a0ba0f55b701dbf5093d392e32021,negative,0,0.0,0.0,[],[],[],0.0,0
7332,855265,1.2.392.200036.9116.2.6.1.48.1211476691.1505787780.784302,/home/mahsa-nasehi/Desktop/IAAA/fracture/iaaa-contest-bct/Data/training/7332/1.2.392.200036.9116.2.6.1.48.1211476691.1505787780.784302.dcm,15,-441.59541415210003,512,512,0,0,heldout_patient_fold,aa2d72a2538f26976441e6d52c8c11ca964533e55b3978b8345a70a019d52638,ea81da4d34ee1570c8dd3460a4e44f8f247a0ba0f55b701dbf5093d392e32021,negative,0,0.0,0.0,[],"[[235.0, 184.0, 302.3333435058594, 248.6666717529297]]",[0.0173797607421875],0.0173797607421875,1
7396,855530,1.2.392.200036.9116.2.6.1.48.1211476691.1505925334.376342,/home/mahsa-nasehi/Desktop/IAAA/fracture/iaaa-contest-bct/Data/training/7396/1.2.392.200036.9116.2.6.1.48.1211476691.1505925334.376342.dcm,0,-566.5,512,512,0,0,heldout_patient_fold,aa2d72a2538f26976441e6d52c8c11ca964533e55b3978b8345a70a019d52638,ea81da4d34ee1570c8dd3460a4e44f8f247a0ba0f55b701dbf5093d392e32021,negative,0,0.0,0.0,[],[],[],0.0,0
7396,855530,1.2.392.200036.9116.2.6.1.48.1211476691.1505925334.625202,/home/mahsa-nasehi/Desktop/IAAA/fracture/iaaa-contest-bct/Data/training/7396/1.2.392.200036.9116.2.6.1.48.1211476691.1505925334.625202.dcm,1,-558.5,512,512,0,0,heldout_patient_fold,aa2d72a2538f26976441e6d52c8c11ca964533e55b3978b8345a70a019d52638,ea81da4d34ee1570c8dd3460a4e44f8f247a0ba0f55b701dbf5093d392e32021,negative,0,0.0,0.0,[],[],[],0.0,0
7396,855530,1.2.392.200036.9116.2.6.1.48.1211476691.1505925334.893311,/home/mahsa-nasehi/Desktop/IAAA/fracture/iaaa-contest-bct/Data/training/7396/1.2.392.200036.9116.2.6.1.48.1211476691.1505925334.893311.dcm,2,-550.5,512,512,0,0,heldout_patient_fold,aa2d72a2538f26976441e6d52c8c11ca964533e55b3978b8345a70a019d52638,ea81da4d34ee1570c8dd3460a4e44f8f247a0ba0f55b701dbf5093d392e32021,negative,0,0.0,0.0,[],[],[],0.0,0
7396,855530,1.2.392.200036.9116.2.6.1.48.1211476691.1505925335.149511,/home/mahsa-nasehi/Desktop/IAAA/fracture/iaaa-contest-bct/Data/training/7396/1.2.392.200036.9116.2.6.1.48.1211476691.1505925335.149511.dcm,3,-542.5,512,512,0,0,heldout_patient_fold,aa2d72a2538f26976441e6d52c8c11ca964533e55b3978b8345a70a019d52638,ea81da4d34ee1570c8dd3460a4e44f8f247a0ba0f55b701dbf5093d392e32021,negative,0,0.0,0.0,[],[],[],0.0,0
7396,855530,1.2.392.200036.9116.2.6.1.48.1211476691.1505925337.456967,/home/mahsa-nasehi/Desktop/IAAA/fracture/iaaa-contest-bct/Data/training/7396/1.2.392.200036.9116.2.6.1.48.1211476691.1505925337.456967.dcm,4,-534.5,512,512,0,0,heldout_patient_fold,aa2d72a2538f26976441e6d52c8c11ca964533e55b3978b8345a70a019d52638,ea81da4d34ee1570c8dd3460a4e44f8f247a0ba0f55b701dbf5093d392e32021,negative,0,0.0,0.0,[],"[[359.3333435058594, 314.3333435058594, 395.3333435058594, 351.66668701171875], [129.1666717529297, 152.83334350585938, 165.83334350585938, 188.5]]","[0.030914306640625, 0.020721435546875]",0.030914306640625,2
7396,855530,1.2.392.200036.9116.2.6.1.48.1211476691.1505925337.689129,/home/mahsa-nasehi/Desktop/IAAA/fracture/iaaa-contest-bct/Data/training/7396/1.2.392.200036.9116.2.6.1.48.1211476691.1505925337.689129.dcm,5,-526.5,512,512,0,0,heldout_patient_fold,aa2d72a2538f26976441e6d52c8c11ca964533e55b3978b8345a70a019d52638,ea81da4d34ee1570c8dd3460a4e44f8f247a0ba0f55b701dbf5093d392e32021,negative,0,0.0,0.0,[],[],[],0.0,0
7396,855530,1.2.392.200036.9116.2.6.1.48.1211476691.1505925337.954594,/home/mahsa-nasehi/Desktop/IAAA/fracture/iaaa-contest-bct/Data/training/7396/1.2.392.200036.9116.2.6.1.48.1211476691.1505925337.954594.dcm,6,-518.5,512,512,0,0,heldout_patient_fold,aa2d72a2538f26976441e6d52c8c11ca964533e55b3978b8345a70a019d52638,ea81da4d34ee1570c8dd3460a4e44f8f247a0ba0f55b701dbf5093d392e32021,negative,0,0.0,0.0,[],[],[],0.0,0
7396,855530,1.2.392.200036.9116.2.6.1.48.1211476691.1505925338.213491,/home/mahsa-nasehi/Desktop/IAAA/fracture/iaaa-contest-bct/Data/training/7396/1.2.392.200036.9116.2.6.1.48.1211476691.1505925338.213491.dcm,7,-510.5,512,512,0,0,heldout_patient_fold,aa2d72a2538f26976441e6d52c8c11ca964533e55b3978b8345a70a019d52638,ea81da4d34ee1570c8dd3460a4e44f8f247a0ba0f55b701dbf5093d392e32021,negative,0,0.0,0.0,[],[],[],0.0,0
7396,855530,1.2.392.200036.9116.2.6.1.48.1211476691.1505925340.514902,/home/mahsa-nasehi/Desktop/IAAA/fracture/iaaa-contest-bct/Data/training/7396/1.2.392.200036.9116.2.6.1.48.1211476691.1505925340.514902.dcm,8,-502.5,512,512,0,0,heldout_patient_fold,aa2d72a2538f26976441e6d52c8c11ca964533e55b3978b8345a70a019d52638,ea81da4d34ee1570c8dd3460a4e44f8f247a0ba0f55b701dbf5093d392e32021,negative,0,0.0,0.0,[],"[[348.66668701171875, 115.16667175292969, 384.66668701171875, 151.83334350585938]]",[0.01406097412109375],0.01406097412109375,1
7396,855530,1.2.392.200036.9116.2.6.1.48.1211476691.1505925340.755877,/home/mahsa-nasehi/Desktop/IAAA/fracture/iaaa-contest-bct/Data/training/7396/1.2.392.200036.9116.2.6.1.48.1211476691.1505925340.755877.dcm,9,-494.5,512,512,0,0,heldout_patient_fold,aa2d72a2538f26976441e6d52c8c11ca964533e55b3978b8345a70a019d52638,ea81da4d34ee1570c8dd3460a4e44f8f247a0ba0f55b701dbf5093d392e32021,negative,0,0.0,0.0,[],"[[343.3333435058594, 112.66667175292969, 379.3333435058594, 149.0], [117.83333587646484, 111.66667175292969, 186.1666717529297, 171.6666717529297], [325.8333435058594, 101.83333587646484, 392.66668701171875, 161.1666717529297], [134.6666717529297, 122.5, 171.33334350585938, 159.5]]","[0.155029296875, 0.06707763671875, 0.04638671875, 0.0163421630859375]",0.155029296875,4
7396,855530,1.2.392.200036.9116.2.6.1.48.1211476691.1505925341.22575,/home/mahsa-nasehi/Desktop/IAAA/fracture/iaaa-contest-bct/Data/training/7396/1.2.392.200036.9116.2.6.1.48.1211476691.1505925341.22575.dcm,10,-486.5,512,512,0,0,heldout_patient_fold,aa2d72a2538f26976441e6d52c8c11ca964533e55b3978b8345a70a019d52638,ea81da4d34ee1570c8dd3460a4e44f8f247a0ba0f55b701dbf5093d392e32021,negative,0,0.0,0.0,[],"[[123.66667175292969, 111.66667175292969, 191.33334350585938, 170.33334350585938], [143.0, 120.16667175292969, 179.33334350585938, 157.83334350585938], [304.66668701171875, 97.0, 370.66668701171875, 156.6666717529297]]","[0.2069091796875, 0.064208984375, 0.0162811279296875]",0.2069091796875,3
7396,855530,1.2.392.200036.9116.2.6.1.48.1211476691.1505925341.282147,/home/mahsa-nasehi/Desktop/IAAA/fracture/iaaa-contest-bct/Data/training/7396/1.2.392.200036.9116.2.6.1.48.1211476691.1505925341.282147.dcm,11,-478.5,512,512,0,0,heldout_patient_fold,aa2d72a2538f26976441e6d52c8c11ca964533e55b3978b8345a70a019d52638,ea81da4d34ee1570c8dd3460a4e44f8f247a0ba0f55b701dbf5093d392e32021,negative,0,0.0,0.0,[],[],[],0.0,0
7396,855530,1.2.392.200036.9116.2.6.1.48.1211476691.1505925343.585754,/home/mahsa-nasehi/Desktop/IAAA/fracture/iaaa-contest-bct/Data/training/7396/1.2.392.200036.9116.2.6.1.48.1211476691.1505925343.585754.dcm,12,-470.5,512,512,0,0,heldout_patient_fold,aa2d72a2538f26976441e6d52c8c11ca964533e55b3978b8345a70a019d52638,ea81da4d34ee1570c8dd3460a4e44f8f247a0ba0f55b701dbf5093d392e32021,negative,0,0.0,0.0,[],"[[244.6666717529297, 94.33333587646484, 311.3333435058594, 156.6666717529297]]",[0.06231689453125],0.06231689453125,1
7396,855530,1.2.392.200036.9116.2.6.1.48.1211476691.1505925343.837787,/home/mahsa-nasehi/Desktop/IAAA/fracture/iaaa-contest-bct/Data/training/7396/1.2.392.200036.9116.2.6.1.48.1211476691.1505925343.837787.dcm,13,-462.5,512,512,0,0,heldout_patient_fold,aa2d72a2538f26976441e6d52c8c11ca964533e55b3978b8345a70a019d52638,ea81da4d34ee1570c8dd3460a4e44f8f247a0ba0f55b701dbf5093d392e32021,negative,0,0.0,0.0,[],"[[245.0, 114.83333587646484, 311.66668701171875, 179.6666717529297]]",[0.01111602783203125],0.01111602783203125,1
7396,855530,1.2.392.200036.9116.2.6.1.48.1211476691.1505925344.100316,/home/mahsa-nasehi/Desktop/IAAA/fracture/iaaa-contest-bct/Data/training/7396/1.2.392.200036.9116.2.6.1.48.1211476691.1505925344.100316.dcm,14,-454.5,512,512,0,0,heldout_patient_fold,aa2d72a2538f26976441e6d52c8c11ca964533e55b3978b8345a70a019d52638,ea81da4d34ee1570c8dd3460a4e44f8f247a0ba0f55b701dbf5093d392e32021,negative,0,0.0,0.0,[],"[[246.6666717529297, 133.83334350585938, 314.0, 193.6666717529297], [475.3333435058594, 222.1666717529297, 512.0, 257.8333435058594]]","[0.244384765625, 0.01036834716796875]",0.244384765625,2
7396,855530,1.2.392.200036.9116.2.6.1.48.1211476691.1505925344.359213,/home/mahsa-nasehi/Desktop/IAAA/fracture/iaaa-contest-bct/Data/training/7396/1.2.392.200036.9116.2.6.1.48.1211476691.1505925344.359213.dcm,15,-446.5,512,512,0,0,heldout_patient_fold,aa2d72a2538f26976441e6d52c8c11ca964533e55b3978b8345a70a019d52638,ea81da4d34ee1570c8dd3460a4e44f8f247a0ba0f55b701dbf5093d392e32021,negative,0,0.0,0.0,[],"[[251.5, 175.33334350585938, 319.16668701171875, 239.33334350585938]]",[0.033843994140625],0.033843994140625,1
7397,855533,1.2.392.200036.9116.2.6.1.48.1211476691.1505918942.612905,/home/mahsa-nasehi/Desktop/IAAA/fracture/iaaa-contest-bct/Data/training/7397/1.2.392.200036.9116.2.6.1.48.1211476691.1505918942.612905.dcm,0,-560.5,512,512,0,0,heldout_patient_fold,aa2d72a2538f26976441e6d52c8c11ca964533e55b3978b8345a70a019d52638,ea81da4d34ee1570c8dd3460a4e44f8f247a0ba0f55b701dbf5093d392e32021,negative,0,0.0,0.0,[],[],[],0.0,0
7397,855533,1.2.392.200036.9116.2.6.1.48.1211476691.1505918942.865217,/home/mahsa-nasehi/Desktop/IAAA/fracture/iaaa-contest-bct/Data/training/7397/1.2.392.200036.9116.2.6.1.48.1211476691.1505918942.865217.dcm,1,-552.5,512,512,0,0,heldout_patient_fold,aa2d72a2538f26976441e6d52c8c11ca964533e55b3978b8345a70a019d52638,ea81da4d34ee1570c8dd3460a4e44f8f247a0ba0f55b701dbf5093d392e32021,negative,0,0.0,0.0,[],[],[],0.0,0
7397,855533,1.2.392.200036.9116.2.6.1.48.1211476691.1505918943.133320,/home/mahsa-nasehi/Desktop/IAAA/fracture/iaaa-contest-bct/Data/training/7397/1.2.392.200036.9116.2.6.1.48.1211476691.1505918943.133320.dcm,2,-544.5,512,512,0,0,heldout_patient_fold,aa2d72a2538f26976441e6d52c8c11ca964533e55b3978b8345a70a019d52638,ea81da4d34ee1570c8dd3460a4e44f8f247a0ba0f55b701dbf5093d392e32021,negative,0,0.0,0.0,[],"[[159.5, 344.0, 195.1666717529297, 381.3333435058594]]",[0.031494140625],0.031494140625,1
7397,855533,1.2.392.200036.9116.2.6.1.48.1211476691.1505918943.394848,/home/mahsa-nasehi/Desktop/IAAA/fracture/iaaa-contest-bct/Data/training/7397/1.2.392.200036.9116.2.6.1.48.1211476691.1505918943.394848.dcm,3,-536.5,512,512,0,0,heldout_patient_fold,aa2d72a2538f26976441e6d52c8c11ca964533e55b3978b8345a70a019d52638,ea81da4d34ee1570c8dd3460a4e44f8f247a0ba0f55b701dbf5093d392e32021,negative,0,0.0,0.0,[],"[[156.83334350585938, 347.0, 192.83334350585938, 383.66668701171875]]",[0.022979736328125],0.022979736328125,1
7397,855533,1.2.392.200036.9116.2.6.1.48.1211476691.1505918945.691762,/home/mahsa-nasehi/Desktop/IAAA/fracture/iaaa-contest-bct/Data/training/7397/1.2.392.200036.9116.2.6.1.48.1211476691.1505918945.691762.dcm,4,-528.5,512,512,0,0,heldout_patient_fold,aa2d72a2538f26976441e6d52c8c11ca964533e55b3978b8345a70a019d52638,ea81da4d34ee1570c8dd3460a4e44f8f247a0ba0f55b701dbf5093d392e32021,negative,0,0.0,0.0,[],"[[180.83334350585938, 173.6666717529297, 216.5, 210.33334350585938], [160.83334350585938, 161.6666717529297, 227.83334350585938, 225.6666717529297], [409.3333435058594, 222.0, 446.0, 258.3333435058594], [134.1666717529297, 296.66668701171875, 200.83334350585938, 358.66668701171875]]","[0.2081298828125, 0.04779052734375, 0.01898193359375, 0.01337432861328125]",0.2081298828125,4
7397,855533,1.2.392.200036.9116.2.6.1.48.1211476691.1505918945.946583,/home/mahsa-nasehi/Desktop/IAAA/fracture/iaaa-contest-bct/Data/training/7397/1.2.392.200036.9116.2.6.1.48.1211476691.1505918945.946583.dcm,5,-520.5,512,512,0,0,heldout_patient_fold,aa2d72a2538f26976441e6d52c8c11ca964533e55b3978b8345a70a019d52638,ea81da4d34ee1570c8dd3460a4e44f8f247a0ba0f55b701dbf5093d392e32021,negative,0,0.0,0.0,[],"[[175.0, 174.0, 211.6666717529297, 210.0]]",[0.02508544921875],0.02508544921875,1
7397,855533,1.2.392.200036.9116.2.6.1.48.1211476691.1505918946.212197,/home/mahsa-nasehi/Desktop/IAAA/fracture/iaaa-contest-bct/Data/training/7397/1.2.392.200036.9116.2.6.1.48.1211476691.1505918946.212197.dcm,6,-512.5,512,512,0,0,heldout_patient_fold,aa2d72a2538f26976441e6d52c8c11ca964533e55b3978b8345a70a019d52638,ea81da4d34ee1570c8dd3460a4e44f8f247a0ba0f55b701dbf5093d392e32021,negative,0,0.0,0.0,[],[],[],0.0,0
7397,855533,1.2.392.200036.9116.2.6.1.48.1211476691.1505918946.473326,/home/mahsa-nasehi/Desktop/IAAA/fracture/iaaa-contest-bct/Data/training/7397/1.2.392.200036.9116.2.6.1.48.1211476691.1505918946.473326.dcm,7,-504.5,512,512,0,0,heldout_patient_fold,aa2d72a2538f26976441e6d52c8c11ca964533e55b3978b8345a70a019d52638,ea81da4d34ee1570c8dd3460a4e44f8f247a0ba0f55b701dbf5093d392e32021,negative,0,0.0,0.0,[],[],[],0.0,0
7397,855533,1.2.392.200036.9116.2.6.1.48.1211476691.1505918948.757264,/home/mahsa-nasehi/Desktop/IAAA/fracture/iaaa-contest-bct/Data/training/7397/1.2.392.200036.9116.2.6.1.48.1211476691.1505918948.757264.dcm,8,-496.5,512,512,0,0,heldout_patient_fold,aa2d72a2538f26976441e6d52c8c11ca964533e55b3978b8345a70a019d52638,ea81da4d34ee1570c8dd3460a4e44f8f247a0ba0f55b701dbf5093d392e32021,negative,0,0.0,0.0,[],[],[],0.0,0
7397,855533,1.2.392.200036.9116.2.6.1.48.1211476691.1505918949.14843,/home/mahsa-nasehi/Desktop/IAAA/fracture/iaaa-contest-bct/Data/training/7397/1.2.392.200036.9116.2.6.1.48.1211476691.1505918949.14843.dcm,9,-488.5,512,512,0,0,heldout_patient_fold,aa2d72a2538f26976441e6d52c8c11ca964533e55b3978b8345a70a019d52638,ea81da4d34ee1570c8dd3460a4e44f8f247a0ba0f55b701dbf5093d392e32021,negative,0,0.0,0.0,[],[],[],0.0,0
7397,855533,1.2.392.200036.9116.2.6.1.48.1211476691.1505918949.281066,/home/mahsa-nasehi/Desktop/IAAA/fracture/iaaa-contest-bct/Data/training/7397/1.2.392.200036.9116.2.6.1.48.1211476691.1505918949.281066.dcm,10,-480.5,512,512,0,0,heldout_patient_fold,aa2d72a2538f26976441e6d52c8c11ca964533e55b3978b8345a70a019d52638,ea81da4d34ee1570c8dd3460a4e44f8f247a0ba0f55b701dbf5093d392e32021,negative,0,0.0,0.0,[],[],[],0.0,0
7397,855533,1.2.392.200036.9116.2.6.1.48.1211476691.1505918949.540499,/home/mahsa-nasehi/Desktop/IAAA/fracture/iaaa-contest-bct/Data/training/7397/1.2.392.200036.9116.2.6.1.48.1211476691.1505918949.540499.dcm,11,-472.5,512,512,0,0,heldout_patient_fold,aa2d72a2538f26976441e6d52c8c11ca964533e55b3978b8345a70a019d52638,ea81da4d34ee1570c8dd3460a4e44f8f247a0ba0f55b701dbf5093d392e32021,negative,0,0.0,0.0,[],"[[323.0, 113.66667175292969, 464.3333435058594, 287.0]]",[0.01363372802734375],0.01363372802734375,1
7397,855533,1.2.392.200036.9116.2.6.1.48.1211476691.1505918951.851311,/home/mahsa-nasehi/Desktop/IAAA/fracture/iaaa-contest-bct/Data/training/7397/1.2.392.200036.9116.2.6.1.48.1211476691.1505918951.851311.dcm,12,-464.5,512,512,0,0,heldout_patient_fold,aa2d72a2538f26976441e6d52c8c11ca964533e55b3978b8345a70a019d52638,ea81da4d34ee1570c8dd3460a4e44f8f247a0ba0f55b701dbf5093d392e32021,negative,0,0.0,0.0,[],"[[337.3333435058594, 164.9166717529297, 403.3333435058594, 224.33334350585938]]",[0.036773681640625],0.036773681640625,1
7397,855533,1.2.392.200036.9116.2.6.1.48.1211476691.1505918952.98500,/home/mahsa-nasehi/Desktop/IAAA/fracture/iaaa-contest-bct/Data/training/7397/1.2.392.200036.9116.2.6.1.48.1211476691.1505918952.98500.dcm,13,-456.5,512,512,0,0,heldout_patient_fold,aa2d72a2538f26976441e6d52c8c11ca964533e55b3978b8345a70a019d52638,ea81da4d34ee1570c8dd3460a4e44f8f247a0ba0f55b701dbf5093d392e32021,negative,0,0.0,0.0,[],[],[],0.0,0
7397,855533,1.2.392.200036.9116.2.6.1.48.1211476691.1505918952.357993,/home/mahsa-nasehi/Desktop/IAAA/fracture/iaaa-contest-bct/Data/training/7397/1.2.392.200036.9116.2.6.1.48.1211476691.1505918952.357993.dcm,14,-448.5,512,512,0,0,heldout_patient_fold,aa2d72a2538f26976441e6d52c8c11ca964533e55b3978b8345a70a019d52638,ea81da4d34ee1570c8dd3460a4e44f8f247a0ba0f55b701dbf5093d392e32021,negative,0,0.0,0.0,[],"[[294.0, 172.6666717529297, 360.3333435058594, 239.33334350585938]]",[0.046905517578125],0.046905517578125,1
7397,855533,1.2.392.200036.9116.2.6.1.48.1211476691.1505918952.616835,/home/mahsa-nasehi/Desktop/IAAA/fracture/iaaa-contest-bct/Data/training/7397/1.2.392.200036.9116.2.6.1.48.1211476691.1505918952.616835.dcm,15,-440.5,512,512,0,0,heldout_patient_fold,aa2d72a2538f26976441e6d52c8c11ca964533e55b3978b8345a70a019d52638,ea81da4d34ee1570c8dd3460a4e44f8f247a0ba0f55b701dbf5093d392e32021,negative,0,0.0,0.0,[],[],[],0.0,0
7428,855665,1.2.392.200036.9116.2.6.1.48.1211476691.1505996917.699817,/home/mahsa-nasehi/Desktop/IAAA/fracture/iaaa-contest-bct/Data/training/7428/1.2.392.200036.9116.2.6.1.48.1211476691.1505996917.699817.dcm,0,-592.241574758,512,512,0,0,heldout_patient_fold,aa2d72a2538f26976441e6d52c8c11ca964533e55b3978b8345a70a019d52638,ea81da4d34ee1570c8dd3460a4e44f8f247a0ba0f55b701dbf5093d392e32021,negative,0,0.0,0.0,[],[],[],0.0,0
7428,855665,1.2.392.200036.9116.2.6.1.48.1211476691.1505996917.957904,/home/mahsa-nasehi/Desktop/IAAA/fracture/iaaa-contest-bct/Data/training/7428/1.2.392.200036.9116.2.6.1.48.1211476691.1505996917.957904.dcm,1,-584.236599758,512,512,0,0,heldout_patient_fold,aa2d72a2538f26976441e6d52c8c11ca964533e55b3978b8345a70a019d52638,ea81da4d34ee1570c8dd3460a4e44f8f247a0ba0f55b701dbf5093d392e32021,negative,0,0.0,0.0,[],[],[],0.0,0
7428,855665,1.2.392.200036.9116.2.6.1.48.1211476691.1505996918.225380,/home/mahsa-nasehi/Desktop/IAAA/fracture/iaaa-contest-bct/Data/training/7428/1.2.392.200036.9116.2.6.1.48.1211476691.1505996918.225380.dcm,2,-576.241327758,512,512,0,0,heldout_patient_fold,aa2d72a2538f26976441e6d52c8c11ca964533e55b3978b8345a70a019d52638,ea81da4d34ee1570c8dd3460a4e44f8f247a0ba0f55b701dbf5093d392e32021,negative,0,0.0,0.0,[],"[[144.33334350585938, 0.0, 277.0, 142.1666717529297], [185.83334350585938, 6.0, 252.1666717529297, 73.75]]","[0.037750244140625, 0.0116424560546875]",0.037750244140625,2
7428,855665,1.2.392.200036.9116.2.6.1.48.1211476691.1505996918.485881,/home/mahsa-nasehi/Desktop/IAAA/fracture/iaaa-contest-bct/Data/training/7428/1.2.392.200036.9116.2.6.1.48.1211476691.1505996918.485881.dcm,3,-568.236352758,512,512,0,0,heldout_patient_fold,aa2d72a2538f26976441e6d52c8c11ca964533e55b3978b8345a70a019d52638,ea81da4d34ee1570c8dd3460a4e44f8f247a0ba0f55b701dbf5093d392e32021,negative,0,0.0,0.0,[],[],[],0.0,0
7428,855665,1.2.392.200036.9116.2.6.1.48.1211476691.1505996921.36637,/home/mahsa-nasehi/Desktop/IAAA/fracture/iaaa-contest-bct/Data/training/7428/1.2.392.200036.9116.2.6.1.48.1211476691.1505996921.36637.dcm,4,-561.191974758,512,512,0,0,heldout_patient_fold,aa2d72a2538f26976441e6d52c8c11ca964533e55b3978b8345a70a019d52638,ea81da4d34ee1570c8dd3460a4e44f8f247a0ba0f55b701dbf5093d392e32021,negative,0,0.0,0.0,[],[],[],0.0,0
7428,855665,1.2.392.200036.9116.2.6.1.48.1211476691.1505996921.301104,/home/mahsa-nasehi/Desktop/IAAA/fracture/iaaa-contest-bct/Data/training/7428/1.2.392.200036.9116.2.6.1.48.1211476691.1505996921.301104.dcm,5,-553.186999758,512,512,0,0,heldout_patient_fold,aa2d72a2538f26976441e6d52c8c11ca964533e55b3978b8345a70a019d52638,ea81da4d34ee1570c8dd3460a4e44f8f247a0ba0f55b701dbf5093d392e32021,negative,0,0.0,0.0,[],"[[89.0, 145.0, 126.16667175292969, 180.33334350585938]]",[0.0240478515625],0.0240478515625,1
7428,855665,1.2.392.200036.9116.2.6.1.48.1211476691.1505996921.569339,/home/mahsa-nasehi/Desktop/IAAA/fracture/iaaa-contest-bct/Data/training/7428/1.2.392.200036.9116.2.6.1.48.1211476691.1505996921.569339.dcm,6,-545.191727758,512,512,0,0,heldout_patient_fold,aa2d72a2538f26976441e6d52c8c11ca964533e55b3978b8345a70a019d52638,ea81da4d34ee1570c8dd3460a4e44f8f247a0ba0f55b701dbf5093d392e32021,negative,0,0.0,0.0,[],"[[83.95833587646484, 147.5, 120.66667175292969, 183.33334350585938], [66.0, 137.33334350585938, 131.5, 198.33334350585938]]","[0.2705078125, 0.0203399658203125]",0.2705078125,2
7428,855665,1.2.392.200036.9116.2.6.1.48.1211476691.1505996921.833756,/home/mahsa-nasehi/Desktop/IAAA/fracture/iaaa-contest-bct/Data/training/7428/1.2.392.200036.9116.2.6.1.48.1211476691.1505996921.833756.dcm,7,-537.186752758,512,512,0,0,heldout_patient_fold,aa2d72a2538f26976441e6d52c8c11ca964533e55b3978b8345a70a019d52638,ea81da4d34ee1570c8dd3460a4e44f8f247a0ba0f55b701dbf5093d392e32021,negative,0,0.0,0.0,[],[],[],0.0,0
7428,855665,1.2.392.200036.9116.2.6.1.48.1211476691.1505996924.376682,/home/mahsa-nasehi/Desktop/IAAA/fracture/iaaa-contest-bct/Data/training/7428/1.2.392.200036.9116.2.6.1.48.1211476691.1505996924.376682.dcm,8,-530.142374758,512,512,0,0,heldout_patient_fold,aa2d72a2538f26976441e6d52c8c11ca964533e55b3978b8345a70a019d52638,ea81da4d34ee1570c8dd3460a4e44f8f247a0ba0f55b701dbf5093d392e32021,negative,0,0.0,0.0,[],[],[],0.0,0
7428,855665,1.2.392.200036.9116.2.6.1.48.1211476691.1505996924.642230,/home/mahsa-nasehi/Desktop/IAAA/fracture/iaaa-contest-bct/Data/training/7428/1.2.392.200036.9116.2.6.1.48.1211476691.1505996924.642230.dcm,9,-522.137399758,512,512,0,0,heldout_patient_fold,aa2d72a2538f26976441e6d52c8c11ca964533e55b3978b8345a70a019d52638,ea81da4d34ee1570c8dd3460a4e44f8f247a0ba0f55b701dbf5093d392e32021,negative,0,0.0,0.0,[],"[[247.33334350585938, 46.333335876464844, 389.3333435058594, 222.0], [218.33334350585938, 20.33333396911621, 352.66668701171875, 187.6666717529297]]","[0.0509033203125, 0.0215301513671875]",0.0509033203125,2
7428,855665,1.2.392.200036.9116.2.6.1.48.1211476691.1505996924.911206,/home/mahsa-nasehi/Desktop/IAAA/fracture/iaaa-contest-bct/Data/training/7428/1.2.392.200036.9116.2.6.1.48.1211476691.1505996924.911206.dcm,10,-514.142224788,512,512,0,0,heldout_patient_fold,aa2d72a2538f26976441e6d52c8c11ca964533e55b3978b8345a70a019d52638,ea81da4d34ee1570c8dd3460a4e44f8f247a0ba0f55b701dbf5093d392e32021,negative,0,0.0,0.0,[],"[[272.66668701171875, 72.41667175292969, 339.3333435058594, 135.25]]",[0.01490020751953125],0.01490020751953125,1
7428,855665,1.2.392.200036.9116.2.6.1.48.1211476691.1505996925.172561,/home/mahsa-nasehi/Desktop/IAAA/fracture/iaaa-contest-bct/Data/training/7428/1.2.392.200036.9116.2.6.1.48.1211476691.1505996925.172561.dcm,11,-506.137249788,512,512,0,0,heldout_patient_fold,aa2d72a2538f26976441e6d52c8c11ca964533e55b3978b8345a70a019d52638,ea81da4d34ee1570c8dd3460a4e44f8f247a0ba0f55b701dbf5093d392e32021,negative,0,0.0,0.0,[],"[[315.3333435058594, 148.1666717529297, 381.3333435058594, 210.1666717529297]]",[0.0121002197265625],0.0121002197265625,1
7428,855665,1.2.392.200036.9116.2.6.1.48.1211476691.1505996927.707687,/home/mahsa-nasehi/Desktop/IAAA/fracture/iaaa-contest-bct/Data/training/7428/1.2.392.200036.9116.2.6.1.48.1211476691.1505996927.707687.dcm,12,-499.092774758,512,512,0,0,heldout_patient_fold,aa2d72a2538f26976441e6d52c8c11ca964533e55b3978b8345a70a019d52638,ea81da4d34ee1570c8dd3460a4e44f8f247a0ba0f55b701dbf5093d392e32021,negative,0,0.0,0.0,[],"[[309.3333435058594, 164.0, 376.0, 226.6666717529297]]",[0.01233673095703125],0.01233673095703125,1
7428,855665,1.2.392.200036.9116.2.6.1.48.1211476691.1505996927.968866,/home/mahsa-nasehi/Desktop/IAAA/fracture/iaaa-contest-bct/Data/training/7428/1.2.392.200036.9116.2.6.1.48.1211476691.1505996927.968866.dcm,13,-491.087799758,512,512,0,0,heldout_patient_fold,aa2d72a2538f26976441e6d52c8c11ca964533e55b3978b8345a70a019d52638,ea81da4d34ee1570c8dd3460a4e44f8f247a0ba0f55b701dbf5093d392e32021,negative,0,0.0,0.0,[],[],[],0.0,0
7428,855665,1.2.392.200036.9116.2.6.1.48.1211476691.1505996928.235667,/home/mahsa-nasehi/Desktop/IAAA/fracture/iaaa-contest-bct/Data/training/7428/1.2.392.200036.9116.2.6.1.48.1211476691.1505996928.235667.dcm,14,-483.092624788,512,512,0,0,heldout_patient_fold,aa2d72a2538f26976441e6d52c8c11ca964533e55b3978b8345a70a019d52638,ea81da4d34ee1570c8dd3460a4e44f8f247a0ba0f55b701dbf5093d392e32021,negative,0,0.0,0.0,[],[],[],0.0,0
7428,855665,1.2.392.200036.9116.2.6.1.48.1211476691.1505996928.494351,/home/mahsa-nasehi/Desktop/IAAA/fracture/iaaa-contest-bct/Data/training/7428/1.2.392.200036.9116.2.6.1.48.1211476691.1505996928.494351.dcm,15,-475.087649788,512,512,0,0,heldout_patient_fold,aa2d72a2538f26976441e6d52c8c11ca964533e55b3978b8345a70a019d52638,ea81da4d34ee1570c8dd3460a4e44f8f247a0ba0f55b701dbf5093d392e32021,negative,0,0.0,0.0,[],[],[],0.0,0
834,223151,1.2.392.200036.9116.2.6.1.48.1211476691.1506072818.40507,/home/mahsa-nasehi/Desktop/IAAA/fracture/iaaa-contest-bct/Data/training/834/1.2.392.200036.9116.2.6.1.48.1211476691.1506072818.40507.dcm,0,405.0,512,512,0,0,heldout_patient_fold,aa2d72a2538f26976441e6d52c8c11ca964533e55b3978b8345a70a019d52638,ea81da4d34ee1570c8dd3460a4e44f8f247a0ba0f55b701dbf5093d392e32021,negative,0,0.0,0.0,[],[],[],0.0,0
834,223151,1.2.392.200036.9116.2.6.1.48.1211476691.1506072818.296404,/home/mahsa-nasehi/Desktop/IAAA/fracture/iaaa-contest-bct/Data/training/834/1.2.392.200036.9116.2.6.1.48.1211476691.1506072818.296404.dcm,1,413.0,512,512,0,0,heldout_patient_fold,aa2d72a2538f26976441e6d52c8c11ca964533e55b3978b8345a70a019d52638,ea81da4d34ee1570c8dd3460a4e44f8f247a0ba0f55b701dbf5093d392e32021,negative,0,0.0,0.0,[],[],[],0.0,0
834,223151,1.2.392.200036.9116.2.6.1.48.1211476691.1506072818.561529,/home/mahsa-nasehi/Desktop/IAAA/fracture/iaaa-contest-bct/Data/training/834/1.2.392.200036.9116.2.6.1.48.1211476691.1506072818.561529.dcm,2,421.0,512,512,0,0,heldout_patient_fold,aa2d72a2538f26976441e6d52c8c11ca964533e55b3978b8345a70a019d52638,ea81da4d34ee1570c8dd3460a4e44f8f247a0ba0f55b701dbf5093d392e32021,negative,0,0.0,0.0,[],[],[],0.0,0
834,223151,1.2.392.200036.9116.2.6.1.48.1211476691.1506072818.819225,/home/mahsa-nasehi/Desktop/IAAA/fracture/iaaa-contest-bct/Data/training/834/1.2.392.200036.9116.2.6.1.48.1211476691.1506072818.819225.dcm,3,429.0,512,512,0,0,heldout_patient_fold,aa2d72a2538f26976441e6d52c8c11ca964533e55b3978b8345a70a019d52638,ea81da4d34ee1570c8dd3460a4e44f8f247a0ba0f55b701dbf5093d392e32021,negative,0,0.0,0.0,[],[],[],0.0,0
834,223151,1.2.392.200036.9116.2.6.1.48.1211476691.1506072821.124140,/home/mahsa-nasehi/Desktop/IAAA/fracture/iaaa-contest-bct/Data/training/834/1.2.392.200036.9116.2.6.1.48.1211476691.1506072821.124140.dcm,4,437.0,512,512,0,0,heldout_patient_fold,aa2d72a2538f26976441e6d52c8c11ca964533e55b3978b8345a70a019d52638,ea81da4d34ee1570c8dd3460a4e44f8f247a0ba0f55b701dbf5093d392e32021,negative,0,0.0,0.0,[],[],[],0.0,0
834,223151,1.2.392.200036.9116.2.6.1.48.1211476691.1506072821.379828,/home/mahsa-nasehi/Desktop/IAAA/fracture/iaaa-contest-bct/Data/training/834/1.2.392.200036.9116.2.6.1.48.1211476691.1506072821.379828.dcm,5,445.0,512,512,0,0,heldout_patient_fold,aa2d72a2538f26976441e6d52c8c11ca964533e55b3978b8345a70a019d52638,ea81da4d34ee1570c8dd3460a4e44f8f247a0ba0f55b701dbf5093d392e32021,negative,0,0.0,0.0,[],[],[],0.0,0
834,223151,1.2.392.200036.9116.2.6.1.48.1211476691.1506072821.645162,/home/mahsa-nasehi/Desktop/IAAA/fracture/iaaa-contest-bct/Data/training/834/1.2.392.200036.9116.2.6.1.48.1211476691.1506072821.645162.dcm,6,453.0,512,512,0,0,heldout_patient_fold,aa2d72a2538f26976441e6d52c8c11ca964533e55b3978b8345a70a019d52638,ea81da4d34ee1570c8dd3460a4e44f8f247a0ba0f55b701dbf5093d392e32021,negative,0,0.0,0.0,[],"[[378.0, 162.9166717529297, 414.0, 199.6666717529297]]",[0.0162811279296875],0.0162811279296875,1
834,223151,1.2.392.200036.9116.2.6.1.48.1211476691.1506072821.900058,/home/mahsa-nasehi/Desktop/IAAA/fracture/iaaa-contest-bct/Data/training/834/1.2.392.200036.9116.2.6.1.48.1211476691.1506072821.900058.dcm,7,461.0,512,512,0,0,heldout_patient_fold,aa2d72a2538f26976441e6d52c8c11ca964533e55b3978b8345a70a019d52638,ea81da4d34ee1570c8dd3460a4e44f8f247a0ba0f55b701dbf5093d392e32021,negative,0,0.0,0.0,[],[],[],0.0,0
834,223151,1.2.392.200036.9116.2.6.1.48.1211476691.1506072824.200444,/home/mahsa-nasehi/Desktop/IAAA/fracture/iaaa-contest-bct/Data/training/834/1.2.392.200036.9116.2.6.1.48.1211476691.1506072824.200444.dcm,8,469.0,512,512,0,0,heldout_patient_fold,aa2d72a2538f26976441e6d52c8c11ca964533e55b3978b8345a70a019d52638,ea81da4d34ee1570c8dd3460a4e44f8f247a0ba0f55b701dbf5093d392e32021,negative,0,0.0,0.0,[],[],[],0.0,0
834,223151,1.2.392.200036.9116.2.6.1.48.1211476691.1506072824.460711,/home/mahsa-nasehi/Desktop/IAAA/fracture/iaaa-contest-bct/Data/training/834/1.2.392.200036.9116.2.6.1.48.1211476691.1506072824.460711.dcm,9,477.0,512,512,0,0,heldout_patient_fold,aa2d72a2538f26976441e6d52c8c11ca964533e55b3978b8345a70a019d52638,ea81da4d34ee1570c8dd3460a4e44f8f247a0ba0f55b701dbf5093d392e32021,negative,0,0.0,0.0,[],[],[],0.0,0
834,223151,1.2.392.200036.9116.2.6.1.48.1211476691.1506072824.725376,/home/mahsa-nasehi/Desktop/IAAA/fracture/iaaa-contest-bct/Data/training/834/1.2.392.200036.9116.2.6.1.48.1211476691.1506072824.725376.dcm,10,485.0,512,512,0,0,heldout_patient_fold,aa2d72a2538f26976441e6d52c8c11ca964533e55b3978b8345a70a019d52638,ea81da4d34ee1570c8dd3460a4e44f8f247a0ba0f55b701dbf5093d392e32021,negative,0,0.0,0.0,[],"[[380.66668701171875, 176.33334350585938, 416.66668701171875, 213.0]]",[0.0170440673828125],0.0170440673828125,1
834,223151,1.2.392.200036.9116.2.6.1.48.1211476691.1506072824.982200,/home/mahsa-nasehi/Desktop/IAAA/fracture/iaaa-contest-bct/Data/training/834/1.2.392.200036.9116.2.6.1.48.1211476691.1506072824.982200.dcm,11,493.0,512,512,0,0,heldout_patient_fold,aa2d72a2538f26976441e6d52c8c11ca964533e55b3978b8345a70a019d52638,ea81da4d34ee1570c8dd3460a4e44f8f247a0ba0f55b701dbf5093d392e32021,negative,0,0.0,0.0,[],"[[372.3333435058594, 175.33334350585938, 408.3333435058594, 213.33334350585938]]",[0.022369384765625],0.022369384765625,1
834,223151,1.2.392.200036.9116.2.6.1.48.1211476691.1506072827.310997,/home/mahsa-nasehi/Desktop/IAAA/fracture/iaaa-contest-bct/Data/training/834/1.2.392.200036.9116.2.6.1.48.1211476691.1506072827.310997.dcm,12,501.0,512,512,0,0,heldout_patient_fold,aa2d72a2538f26976441e6d52c8c11ca964533e55b3978b8345a70a019d52638,ea81da4d34ee1570c8dd3460a4e44f8f247a0ba0f55b701dbf5093d392e32021,negative,0,0.0,0.0,[],[],[],0.0,0
834,223151,1.2.392.200036.9116.2.6.1.48.1211476691.1506072827.632341,/home/mahsa-nasehi/Desktop/IAAA/fracture/iaaa-contest-bct/Data/training/834/1.2.392.200036.9116.2.6.1.48.1211476691.1506072827.632341.dcm,13,509.0,512,512,0,0,heldout_patient_fold,aa2d72a2538f26976441e6d52c8c11ca964533e55b3978b8345a70a019d52638,ea81da4d34ee1570c8dd3460a4e44f8f247a0ba0f55b701dbf5093d392e32021,negative,0,0.0,0.0,[],[],[],0.0,0
834,223151,1.2.392.200036.9116.2.6.1.48.1211476691.1506072827.822796,/home/mahsa-nasehi/Desktop/IAAA/fracture/iaaa-contest-bct/Data/training/834/1.2.392.200036.9116.2.6.1.48.1211476691.1506072827.822796.dcm,14,517.0,512,512,0,0,heldout_patient_fold,aa2d72a2538f26976441e6d52c8c11ca964533e55b3978b8345a70a019d52638,ea81da4d34ee1570c8dd3460a4e44f8f247a0ba0f55b701dbf5093d392e32021,negative,0,0.0,0.0,[],[],[],0.0,0
834,223151,1.2.392.200036.9116.2.6.1.48.1211476691.1506072828.84407,/home/mahsa-nasehi/Desktop/IAAA/fracture/iaaa-contest-bct/Data/training/834/1.2.392.200036.9116.2.6.1.48.1211476691.1506072828.84407.dcm,15,525.0,512,512,0,0,heldout_patient_fold,aa2d72a2538f26976441e6d52c8c11ca964533e55b3978b8345a70a019d52638,ea81da4d34ee1570c8dd3460a4e44f8f247a0ba0f55b701dbf5093d392e32021,negative,0,0.0,0.0,[],"[[332.0, 249.0, 398.0, 310.66668701171875]]",[0.01519012451171875],0.01519012451171875,1
880,231909,1.2.392.200036.9116.2.6.1.48.1211476691.1458611453.421150,/home/mahsa-nasehi/Desktop/IAAA/fracture/iaaa-contest-bct/Data/training/880/1.2.392.200036.9116.2.6.1.48.1211476691.1458611453.421150.dcm,0,-620.1242061080001,512,512,0,0,heldout_patient_fold,aa2d72a2538f26976441e6d52c8c11ca964533e55b3978b8345a70a019d52638,ea81da4d34ee1570c8dd3460a4e44f8f247a0ba0f55b701dbf5093d392e32021,negative,0,0.0,0.0,[],[],[],0.0,0
880,231909,1.2.392.200036.9116.2.6.1.48.1211476691.1458611453.677093,/home/mahsa-nasehi/Desktop/IAAA/fracture/iaaa-contest-bct/Data/training/880/1.2.392.200036.9116.2.6.1.48.1211476691.1458611453.677093.dcm,1,-612.1189385079999,512,512,0,0,heldout_patient_fold,aa2d72a2538f26976441e6d52c8c11ca964533e55b3978b8345a70a019d52638,ea81da4d34ee1570c8dd3460a4e44f8f247a0ba0f55b701dbf5093d392e32021,negative,0,0.0,0.0,[],"[[70.0, 202.0, 436.0, 422.3333435058594]]",[0.0112457275390625],0.0112457275390625,1
880,231909,1.2.392.200036.9116.2.6.1.48.1211476691.1458611453.942166,/home/mahsa-nasehi/Desktop/IAAA/fracture/iaaa-contest-bct/Data/training/880/1.2.392.200036.9116.2.6.1.48.1211476691.1458611453.942166.dcm,2,-604.123640108,512,512,0,0,heldout_patient_fold,aa2d72a2538f26976441e6d52c8c11ca964533e55b3978b8345a70a019d52638,ea81da4d34ee1570c8dd3460a4e44f8f247a0ba0f55b701dbf5093d392e32021,negative,0,0.0,0.0,[],[],[],0.0,0
880,231909,1.2.392.200036.9116.2.6.1.48.1211476691.1458611454.198711,/home/mahsa-nasehi/Desktop/IAAA/fracture/iaaa-contest-bct/Data/training/880/1.2.392.200036.9116.2.6.1.48.1211476691.1458611454.198711.dcm,3,-596.118372508,512,512,0,0,heldout_patient_fold,aa2d72a2538f26976441e6d52c8c11ca964533e55b3978b8345a70a019d52638,ea81da4d34ee1570c8dd3460a4e44f8f247a0ba0f55b701dbf5093d392e32021,negative,0,0.0,0.0,[],[],[],0.0,0
880,231909,1.2.392.200036.9116.2.6.1.48.1211476691.1458611461.703778,/home/mahsa-nasehi/Desktop/IAAA/fracture/iaaa-contest-bct/Data/training/880/1.2.392.200036.9116.2.6.1.48.1211476691.1458611461.703778.dcm,4,-588.2227661080001,512,512,0,0,heldout_patient_fold,aa2d72a2538f26976441e6d52c8c11ca964533e55b3978b8345a70a019d52638,ea81da4d34ee1570c8dd3460a4e44f8f247a0ba0f55b701dbf5093d392e32021,negative,0,0.0,0.0,[],"[[383.3333435058594, 136.6666717529297, 419.3333435058594, 173.1666717529297], [402.0, 270.16668701171875, 438.0, 306.5], [124.83333587646484, 283.16668701171875, 160.83334350585938, 319.8333435058594], [388.66668701171875, 291.0, 424.66668701171875, 328.3333435058594], [394.0, 157.4166717529297, 430.0, 194.6666717529297], [372.66668701171875, 276.0, 438.0, 339.3333435058594]]","[0.1490478515625, 0.06561279296875, 0.035552978515625, 0.030792236328125, 0.0142822265625, 0.0115966796875]",0.1490478515625,6
880,231909,1.2.392.200036.9116.2.6.1.48.1211476691.1458611461.960536,/home/mahsa-nasehi/Desktop/IAAA/fracture/iaaa-contest-bct/Data/training/880/1.2.392.200036.9116.2.6.1.48.1211476691.1458611461.960536.dcm,5,-580.217498508,512,512,0,0,heldout_patient_fold,aa2d72a2538f26976441e6d52c8c11ca964533e55b3978b8345a70a019d52638,ea81da4d34ee1570c8dd3460a4e44f8f247a0ba0f55b701dbf5093d392e32021,negative,0,0.0,0.0,[],"[[402.0, 275.5, 438.0, 311.5], [394.0, 168.58334350585938, 430.0, 204.6666717529297], [382.0, 131.0, 419.3333435058594, 167.6666717529297], [404.0, 246.1666717529297, 440.66668701171875, 281.8333435058594]]","[0.048858642578125, 0.038330078125, 0.036895751953125, 0.0235137939453125]",0.048858642578125,4
880,231909,1.2.392.200036.9116.2.6.1.48.1211476691.1458611462.226176,/home/mahsa-nasehi/Desktop/IAAA/fracture/iaaa-contest-bct/Data/training/880/1.2.392.200036.9116.2.6.1.48.1211476691.1458611462.226176.dcm,6,-572.222200108,512,512,0,0,heldout_patient_fold,aa2d72a2538f26976441e6d52c8c11ca964533e55b3978b8345a70a019d52638,ea81da4d34ee1570c8dd3460a4e44f8f247a0ba0f55b701dbf5093d392e32021,negative,0,0.0,0.0,[],"[[402.3333435058594, 270.0, 438.3333435058594, 306.66668701171875], [384.66668701171875, 139.33334350585938, 422.0, 175.33334350585938], [380.0, 260.0, 446.66668701171875, 322.66668701171875], [391.0, 171.33334350585938, 427.66668701171875, 208.0], [388.3333435058594, 150.33334350585938, 424.3333435058594, 185.6666717529297], [370.0, 135.83334350585938, 436.0, 197.1666717529297], [396.66668701171875, 277.66668701171875, 432.66668701171875, 314.3333435058594]]","[0.1329345703125, 0.08538818359375, 0.048675537109375, 0.03271484375, 0.0186920166015625, 0.0180511474609375, 0.01009368896484375]",0.1329345703125,7
880,231909,1.2.392.200036.9116.2.6.1.48.1211476691.1458611462.484273,/home/mahsa-nasehi/Desktop/IAAA/fracture/iaaa-contest-bct/Data/training/880/1.2.392.200036.9116.2.6.1.48.1211476691.1458611462.484273.dcm,7,-564.216932508,512,512,0,0,heldout_patient_fold,aa2d72a2538f26976441e6d52c8c11ca964533e55b3978b8345a70a019d52638,ea81da4d34ee1570c8dd3460a4e44f8f247a0ba0f55b701dbf5093d392e32021,negative,0,0.0,0.0,[],"[[384.66668701171875, 152.33334350585938, 422.0, 188.83334350585938], [396.66668701171875, 254.33334350585938, 432.66668701171875, 290.3333435058594], [400.0, 266.66668701171875, 434.66668701171875, 304.0], [368.3333435058594, 139.6666717529297, 436.3333435058594, 200.0]]","[0.56396484375, 0.24072265625, 0.055419921875, 0.029205322265625]",0.56396484375,4
880,231909,1.2.392.200036.9116.2.6.1.48.1211476691.1458611465.272865,/home/mahsa-nasehi/Desktop/IAAA/fracture/iaaa-contest-bct/Data/training/880/1.2.392.200036.9116.2.6.1.48.1211476691.1458611465.272865.dcm,8,-556.3213261080001,512,512,0,0,heldout_patient_fold,aa2d72a2538f26976441e6d52c8c11ca964533e55b3978b8345a70a019d52638,ea81da4d34ee1570c8dd3460a4e44f8f247a0ba0f55b701dbf5093d392e32021,negative,0,0.0,0.0,[],"[[320.66668701171875, 77.58333587646484, 388.66668701171875, 141.58334350585938], [396.66668701171875, 248.33334350585938, 432.66668701171875, 285.0], [374.66668701171875, 200.33334350585938, 442.66668701171875, 263.0], [385.66668701171875, 167.9166717529297, 421.66668701171875, 205.33334350585938], [391.3333435058594, 181.6666717529297, 427.3333435058594, 218.33334350585938], [299.66668701171875, 50.66666793823242, 443.0, 224.0], [399.0, 211.6666717529297, 435.0, 247.33334350585938], [337.16668701171875, 88.33333587646484, 404.0, 152.0]]","[0.0269622802734375, 0.019500732421875, 0.0192718505859375, 0.01898193359375, 0.018768310546875, 0.0181884765625, 0.0154266357421875, 0.01267242431640625]",0.0269622802734375,8
880,231909,1.2.392.200036.9116.2.6.1.48.1211476691.1458611465.522029,/home/mahsa-nasehi/Desktop/IAAA/fracture/iaaa-contest-bct/Data/training/880/1.2.392.200036.9116.2.6.1.48.1211476691.1458611465.522029.dcm,9,-548.316058508,512,512,0,0,heldout_patient_fold,aa2d72a2538f26976441e6d52c8c11ca964533e55b3978b8345a70a019d52638,ea81da4d34ee1570c8dd3460a4e44f8f247a0ba0f55b701dbf5093d392e32021,negative,0,0.0,0.0,[],"[[387.3333435058594, 219.33334350585938, 424.66668701171875, 254.6666717529297], [326.0, 94.16667175292969, 393.3333435058594, 157.5], [386.0, 168.83334350585938, 422.0, 204.83334350585938], [390.66668701171875, 275.3333435058594, 428.0, 311.3333435058594], [300.0, 58.66666793823242, 441.3333435058594, 230.6666717529297]]","[0.06256103515625, 0.044342041015625, 0.036224365234375, 0.0233306884765625, 0.01763916015625]",0.06256103515625,5
880,231909,1.2.392.200036.9116.2.6.1.48.1211476691.1458611465.788520,/home/mahsa-nasehi/Desktop/IAAA/fracture/iaaa-contest-bct/Data/training/880/1.2.392.200036.9116.2.6.1.48.1211476691.1458611465.788520.dcm,10,-540.320760108,512,512,0,0,heldout_patient_fold,aa2d72a2538f26976441e6d52c8c11ca964533e55b3978b8345a70a019d52638,ea81da4d34ee1570c8dd3460a4e44f8f247a0ba0f55b701dbf5093d392e32021,negative,0,0.0,0.0,[],"[[385.3333435058594, 272.8333435058594, 422.0, 308.8333435058594], [321.16668701171875, 104.66667175292969, 388.0, 167.6666717529297]]","[0.0137939453125, 0.0100555419921875]",0.0137939453125,2
880,231909,1.2.392.200036.9116.2.6.1.48.1211476691.1458611466.44727,/home/mahsa-nasehi/Desktop/IAAA/fracture/iaaa-contest-bct/Data/training/880/1.2.392.200036.9116.2.6.1.48.1211476691.1458611466.44727.dcm,11,-532.315492508,512,512,0,0,heldout_patient_fold,aa2d72a2538f26976441e6d52c8c11ca964533e55b3978b8345a70a019d52638,ea81da4d34ee1570c8dd3460a4e44f8f247a0ba0f55b701dbf5093d392e32021,negative,0,0.0,0.0,[],[],[],0.0,0
880,231909,1.2.392.200036.9116.2.6.1.48.1211476691.1458611469.115336,/home/mahsa-nasehi/Desktop/IAAA/fracture/iaaa-contest-bct/Data/training/880/1.2.392.200036.9116.2.6.1.48.1211476691.1458611469.115336.dcm,12,-524.419886108,512,512,0,0,heldout_patient_fold,aa2d72a2538f26976441e6d52c8c11ca964533e55b3978b8345a70a019d52638,ea81da4d34ee1570c8dd3460a4e44f8f247a0ba0f55b701dbf5093d392e32021,negative,0,0.0,0.0,[],[],[],0.0,0
880,231909,1.2.392.200036.9116.2.6.1.48.1211476691.1458611469.436202,/home/mahsa-nasehi/Desktop/IAAA/fracture/iaaa-contest-bct/Data/training/880/1.2.392.200036.9116.2.6.1.48.1211476691.1458611469.436202.dcm,13,-516.414618508,512,512,0,0,heldout_patient_fold,aa2d72a2538f26976441e6d52c8c11ca964533e55b3978b8345a70a019d52638,ea81da4d34ee1570c8dd3460a4e44f8f247a0ba0f55b701dbf5093d392e32021,negative,0,0.0,0.0,[],"[[336.3333435058594, 231.83334350585938, 403.66668701171875, 295.8333435058594], [352.66668701171875, 246.33334350585938, 390.0, 281.66668701171875]]","[0.07476806640625, 0.0161590576171875]",0.07476806640625,2
880,231909,1.2.392.200036.9116.2.6.1.48.1211476691.1458611469.587241,/home/mahsa-nasehi/Desktop/IAAA/fracture/iaaa-contest-bct/Data/training/880/1.2.392.200036.9116.2.6.1.48.1211476691.1458611469.587241.dcm,14,-508.41922041600003,512,512,0,0,heldout_patient_fold,aa2d72a2538f26976441e6d52c8c11ca964533e55b3978b8345a70a019d52638,ea81da4d34ee1570c8dd3460a4e44f8f247a0ba0f55b701dbf5093d392e32021,negative,0,0.0,0.0,[],[],[],0.0,0
880,231909,1.2.392.200036.9116.2.6.1.48.1211476691.1458611469.783344,/home/mahsa-nasehi/Desktop/IAAA/fracture/iaaa-contest-bct/Data/training/880/1.2.392.200036.9116.2.6.1.48.1211476691.1458611469.783344.dcm,15,-500.413952816,512,512,0,0,heldout_patient_fold,aa2d72a2538f26976441e6d52c8c11ca964533e55b3978b8345a70a019d52638,ea81da4d34ee1570c8dd3460a4e44f8f247a0ba0f55b701dbf5093d392e32021,negative,0,0.0,0.0,[],[],[],0.0,0
902,2380,1.2.392.200036.9116.2.6.1.44063.1811171443.1643941197.666606,/home/mahsa-nasehi/Desktop/IAAA/fracture/iaaa-contest-bct/Data/training/902/1.2.392.200036.9116.2.6.1.44063.1811171443.1643941197.666606.dcm,0,-395.0,512,512,0,0,heldout_patient_fold,aa2d72a2538f26976441e6d52c8c11ca964533e55b3978b8345a70a019d52638,ea81da4d34ee1570c8dd3460a4e44f8f247a0ba0f55b701dbf5093d392e32021,negative,0,0.0,0.0,[],"[[79.79167175292969, 184.6666717529297, 115.16667175292969, 221.33334350585938]]",[0.01214599609375],0.01214599609375,1
902,2380,1.2.392.200036.9116.2.6.1.44063.1811171443.1643941198.676274,/home/mahsa-nasehi/Desktop/IAAA/fracture/iaaa-contest-bct/Data/training/902/1.2.392.200036.9116.2.6.1.44063.1811171443.1643941198.676274.dcm,1,-390.0,512,512,0,0,heldout_patient_fold,aa2d72a2538f26976441e6d52c8c11ca964533e55b3978b8345a70a019d52638,ea81da4d34ee1570c8dd3460a4e44f8f247a0ba0f55b701dbf5093d392e32021,negative,0,0.0,0.0,[],[],[],0.0,0
902,2380,1.2.392.200036.9116.2.6.1.44063.1811171443.1643941200.370095,/home/mahsa-nasehi/Desktop/IAAA/fracture/iaaa-contest-bct/Data/training/902/1.2.392.200036.9116.2.6.1.44063.1811171443.1643941200.370095.dcm,2,-385.0,512,512,0,0,heldout_patient_fold,aa2d72a2538f26976441e6d52c8c11ca964533e55b3978b8345a70a019d52638,ea81da4d34ee1570c8dd3460a4e44f8f247a0ba0f55b701dbf5093d392e32021,negative,0,0.0,0.0,[],[],[],0.0,0
902,2380,1.2.392.200036.9116.2.6.1.44063.1811171443.1643941200.941071,/home/mahsa-nasehi/Desktop/IAAA/fracture/iaaa-contest-bct/Data/training/902/1.2.392.200036.9116.2.6.1.44063.1811171443.1643941200.941071.dcm,3,-380.0,512,512,0,0,heldout_patient_fold,aa2d72a2538f26976441e6d52c8c11ca964533e55b3978b8345a70a019d52638,ea81da4d34ee1570c8dd3460a4e44f8f247a0ba0f55b701dbf5093d392e32021,negative,0,0.0,0.0,[],[],[],0.0,0
902,2380,1.2.392.200036.9116.2.6.1.44063.1811171443.1643941202.97810,/home/mahsa-nasehi/Desktop/IAAA/fracture/iaaa-contest-bct/Data/training/902/1.2.392.200036.9116.2.6.1.44063.1811171443.1643941202.97810.dcm,4,-375.0,512,512,0,0,heldout_patient_fold,aa2d72a2538f26976441e6d52c8c11ca964533e55b3978b8345a70a019d52638,ea81da4d34ee1570c8dd3460a4e44f8f247a0ba0f55b701dbf5093d392e32021,negative,0,0.0,0.0,[],[],[],0.0,0
902,2380,1.2.392.200036.9116.2.6.1.44063.1811171443.1643941202.657005,/home/mahsa-nasehi/Desktop/IAAA/fracture/iaaa-contest-bct/Data/training/902/1.2.392.200036.9116.2.6.1.44063.1811171443.1643941202.657005.dcm,5,-370.0,512,512,0,0,heldout_patient_fold,aa2d72a2538f26976441e6d52c8c11ca964533e55b3978b8345a70a019d52638,ea81da4d34ee1570c8dd3460a4e44f8f247a0ba0f55b701dbf5093d392e32021,negative,0,0.0,0.0,[],"[[24.33333396911621, 0.0, 393.66668701171875, 187.0]]",[0.0191650390625],0.0191650390625,1
902,2380,1.2.392.200036.9116.2.6.1.44063.1811171443.1643941203.264932,/home/mahsa-nasehi/Desktop/IAAA/fracture/iaaa-contest-bct/Data/training/902/1.2.392.200036.9116.2.6.1.44063.1811171443.1643941203.264932.dcm,6,-365.0,512,512,0,0,heldout_patient_fold,aa2d72a2538f26976441e6d52c8c11ca964533e55b3978b8345a70a019d52638,ea81da4d34ee1570c8dd3460a4e44f8f247a0ba0f55b701dbf5093d392e32021,negative,0,0.0,0.0,[],[],[],0.0,0
902,2380,1.2.392.200036.9116.2.6.1.44063.1811171443.1643941204.439800,/home/mahsa-nasehi/Desktop/IAAA/fracture/iaaa-contest-bct/Data/training/902/1.2.392.200036.9116.2.6.1.44063.1811171443.1643941204.439800.dcm,7,-360.0,512,512,0,0,heldout_patient_fold,aa2d72a2538f26976441e6d52c8c11ca964533e55b3978b8345a70a019d52638,ea81da4d34ee1570c8dd3460a4e44f8f247a0ba0f55b701dbf5093d392e32021,negative,0,0.0,0.0,[],[],[],0.0,0
902,2380,1.2.392.200036.9116.2.6.1.44063.1811171443.1643941205.62499,/home/mahsa-nasehi/Desktop/IAAA/fracture/iaaa-contest-bct/Data/training/902/1.2.392.200036.9116.2.6.1.44063.1811171443.1643941205.62499.dcm,8,-355.0,512,512,0,0,heldout_patient_fold,aa2d72a2538f26976441e6d52c8c11ca964533e55b3978b8345a70a019d52638,ea81da4d34ee1570c8dd3460a4e44f8f247a0ba0f55b701dbf5093d392e32021,negative,0,0.0,0.0,[],[],[],0.0,0
902,2380,1.2.392.200036.9116.2.6.1.44063.1811171443.1643941205.732370,/home/mahsa-nasehi/Desktop/IAAA/fracture/iaaa-contest-bct/Data/training/902/1.2.392.200036.9116.2.6.1.44063.1811171443.1643941205.732370.dcm,9,-350.0,512,512,0,0,heldout_patient_fold,aa2d72a2538f26976441e6d52c8c11ca964533e55b3978b8345a70a019d52638,ea81da4d34ee1570c8dd3460a4e44f8f247a0ba0f55b701dbf5093d392e32021,negative,0,0.0,0.0,[],[],[],0.0,0
902,2380,1.2.392.200036.9116.2.6.1.44063.1811171443.1643941206.774943,/home/mahsa-nasehi/Desktop/IAAA/fracture/iaaa-contest-bct/Data/training/902/1.2.392.200036.9116.2.6.1.44063.1811171443.1643941206.774943.dcm,10,-345.0,512,512,0,0,heldout_patient_fold,aa2d72a2538f26976441e6d52c8c11ca964533e55b3978b8345a70a019d52638,ea81da4d34ee1570c8dd3460a4e44f8f247a0ba0f55b701dbf5093d392e32021,negative,0,0.0,0.0,[],[],[],0.0,0
902,2380,1.2.392.200036.9116.2.6.1.44063.1811171443.1643941207.378976,/home/mahsa-nasehi/Desktop/IAAA/fracture/iaaa-contest-bct/Data/training/902/1.2.392.200036.9116.2.6.1.44063.1811171443.1643941207.378976.dcm,11,-340.0,512,512,0,0,heldout_patient_fold,aa2d72a2538f26976441e6d52c8c11ca964533e55b3978b8345a70a019d52638,ea81da4d34ee1570c8dd3460a4e44f8f247a0ba0f55b701dbf5093d392e32021,negative,0,0.0,0.0,[],[],[],0.0,0
902,2380,1.2.392.200036.9116.2.6.1.44063.1811171443.1643941207.999825,/home/mahsa-nasehi/Desktop/IAAA/fracture/iaaa-contest-bct/Data/training/902/1.2.392.200036.9116.2.6.1.44063.1811171443.1643941207.999825.dcm,12,-335.0,512,512,0,0,heldout_patient_fold,aa2d72a2538f26976441e6d52c8c11ca964533e55b3978b8345a70a019d52638,ea81da4d34ee1570c8dd3460a4e44f8f247a0ba0f55b701dbf5093d392e32021,negative,0,0.0,0.0,[],[],[],0.0,0
902,2380,1.2.392.200036.9116.2.6.1.44063.1811171443.1643941208.986188,/home/mahsa-nasehi/Desktop/IAAA/fracture/iaaa-contest-bct/Data/training/902/1.2.392.200036.9116.2.6.1.44063.1811171443.1643941208.986188.dcm,13,-330.0,512,512,0,0,heldout_patient_fold,aa2d72a2538f26976441e6d52c8c11ca964533e55b3978b8345a70a019d52638,ea81da4d34ee1570c8dd3460a4e44f8f247a0ba0f55b701dbf5093d392e32021,negative,0,0.0,0.0,[],[],[],0.0,0
902,2380,1.2.392.200036.9116.2.6.1.44063.1811171443.1643941209.646108,/home/mahsa-nasehi/Desktop/IAAA/fracture/iaaa-contest-bct/Data/training/902/1.2.392.200036.9116.2.6.1.44063.1811171443.1643941209.646108.dcm,14,-325.0,512,512,0,0,heldout_patient_fold,aa2d72a2538f26976441e6d52c8c11ca964533e55b3978b8345a70a019d52638,ea81da4d34ee1570c8dd3460a4e44f8f247a0ba0f55b701dbf5093d392e32021,negative,0,0.0,0.0,[],[],[],0.0,0
902,2380,1.2.392.200036.9116.2.6.1.44063.1811171443.1643941210.169967,/home/mahsa-nasehi/Desktop/IAAA/fracture/iaaa-contest-bct/Data/training/902/1.2.392.200036.9116.2.6.1.44063.1811171443.1643941210.169967.dcm,15,-320.0,512,512,0,0,heldout_patient_fold,aa2d72a2538f26976441e6d52c8c11ca964533e55b3978b8345a70a019d52638,ea81da4d34ee1570c8dd3460a4e44f8f247a0ba0f55b701dbf5093d392e32021,negative,0,0.0,0.0,[],[],[],0.0,0
902,2380,1.2.392.200036.9116.2.6.1.44063.1811171443.1643941211.118378,/home/mahsa-nasehi/Desktop/IAAA/fracture/iaaa-contest-bct/Data/training/902/1.2.392.200036.9116.2.6.1.44063.1811171443.1643941211.118378.dcm,16,-315.0,512,512,0,0,heldout_patient_fold,aa2d72a2538f26976441e6d52c8c11ca964533e55b3978b8345a70a019d52638,ea81da4d34ee1570c8dd3460a4e44f8f247a0ba0f55b701dbf5093d392e32021,negative,0,0.0,0.0,[],[],[],0.0,0
902,2380,1.2.392.200036.9116.2.6.1.44063.1811171443.1643941211.759357,/home/mahsa-nasehi/Desktop/IAAA/fracture/iaaa-contest-bct/Data/training/902/1.2.392.200036.9116.2.6.1.44063.1811171443.1643941211.759357.dcm,17,-310.0,512,512,0,0,heldout_patient_fold,aa2d72a2538f26976441e6d52c8c11ca964533e55b3978b8345a70a019d52638,ea81da4d34ee1570c8dd3460a4e44f8f247a0ba0f55b701dbf5093d392e32021,negative,0,0.0,0.0,[],[],[],0.0,0
902,2380,1.2.392.200036.9116.2.6.1.44063.1811171443.1643941212.335932,/home/mahsa-nasehi/Desktop/IAAA/fracture/iaaa-contest-bct/Data/training/902/1.2.392.200036.9116.2.6.1.44063.1811171443.1643941212.335932.dcm,18,-305.0,512,512,0,0,heldout_patient_fold,aa2d72a2538f26976441e6d52c8c11ca964533e55b3978b8345a70a019d52638,ea81da4d34ee1570c8dd3460a4e44f8f247a0ba0f55b701dbf5093d392e32021,negative,0,0.0,0.0,[],"[[91.75, 119.83333587646484, 128.75, 156.83334350585938]]",[0.01763916015625],0.01763916015625,1
902,2380,1.2.392.200036.9116.2.6.1.44063.1811171443.1643941213.391611,/home/mahsa-nasehi/Desktop/IAAA/fracture/iaaa-contest-bct/Data/training/902/1.2.392.200036.9116.2.6.1.44063.1811171443.1643941213.391611.dcm,19,-300.0,512,512,0,0,heldout_patient_fold,aa2d72a2538f26976441e6d52c8c11ca964533e55b3978b8345a70a019d52638,ea81da4d34ee1570c8dd3460a4e44f8f247a0ba0f55b701dbf5093d392e32021,negative,0,0.0,0.0,[],"[[83.75, 190.0, 120.58333587646484, 225.33334350585938]]",[0.051666259765625],0.051666259765625,1
902,2380,1.2.392.200036.9116.2.6.1.44063.1811171443.1643941214.33188,/home/mahsa-nasehi/Desktop/IAAA/fracture/iaaa-contest-bct/Data/training/902/1.2.392.200036.9116.2.6.1.44063.1811171443.1643941214.33188.dcm,20,-295.0,512,512,0,0,heldout_patient_fold,aa2d72a2538f26976441e6d52c8c11ca964533e55b3978b8345a70a019d52638,ea81da4d34ee1570c8dd3460a4e44f8f247a0ba0f55b701dbf5093d392e32021,negative,0,0.0,0.0,[],"[[83.83333587646484, 190.0, 120.83333587646484, 226.0]]",[0.0253753662109375],0.0253753662109375,1
902,2380,1.2.392.200036.9116.2.6.1.44063.1811171443.1643941214.642762,/home/mahsa-nasehi/Desktop/IAAA/fracture/iaaa-contest-bct/Data/training/902/1.2.392.200036.9116.2.6.1.44063.1811171443.1643941214.642762.dcm,21,-290.0,512,512,0,0,heldout_patient_fold,aa2d72a2538f26976441e6d52c8c11ca964533e55b3978b8345a70a019d52638,ea81da4d34ee1570c8dd3460a4e44f8f247a0ba0f55b701dbf5093d392e32021,negative,0,0.0,0.0,[],[],[],0.0,0
902,2380,1.2.392.200036.9116.2.6.1.44063.1811171443.1643941214.649156,/home/mahsa-nasehi/Desktop/IAAA/fracture/iaaa-contest-bct/Data/training/902/1.2.392.200036.9116.2.6.1.44063.1811171443.1643941214.649156.dcm,22,-285.0,512,512,0,0,heldout_patient_fold,aa2d72a2538f26976441e6d52c8c11ca964533e55b3978b8345a70a019d52638,ea81da4d34ee1570c8dd3460a4e44f8f247a0ba0f55b701dbf5093d392e32021,negative,0,0.0,0.0,[],"[[83.58333587646484, 195.0, 120.58333587646484, 231.6666717529297], [367.3333435058594, 269.66668701171875, 403.3333435058594, 306.3333435058594]]","[0.0181884765625, 0.017913818359375]",0.0181884765625,2
902,2380,1.2.392.200036.9116.2.6.1.44063.1811171443.1643941216.275036,/home/mahsa-nasehi/Desktop/IAAA/fracture/iaaa-contest-bct/Data/training/902/1.2.392.200036.9116.2.6.1.44063.1811171443.1643941216.275036.dcm,23,-280.0,512,512,0,0,heldout_patient_fold,aa2d72a2538f26976441e6d52c8c11ca964533e55b3978b8345a70a019d52638,ea81da4d34ee1570c8dd3460a4e44f8f247a0ba0f55b701dbf5093d392e32021,negative,0,0.0,0.0,[],[],[],0.0,0
902,2380,1.2.392.200036.9116.2.6.1.44063.1811171443.1643941216.868561,/home/mahsa-nasehi/Desktop/IAAA/fracture/iaaa-contest-bct/Data/training/902/1.2.392.200036.9116.2.6.1.44063.1811171443.1643941216.868561.dcm,24,-275.0,512,512,0,0,heldout_patient_fold,aa2d72a2538f26976441e6d52c8c11ca964533e55b3978b8345a70a019d52638,ea81da4d34ee1570c8dd3460a4e44f8f247a0ba0f55b701dbf5093d392e32021,negative,0,0.0,0.0,[],[],[],0.0,0
902,2380,1.2.392.200036.9116.2.6.1.44063.1811171443.1643941217.996290,/home/mahsa-nasehi/Desktop/IAAA/fracture/iaaa-contest-bct/Data/training/902/1.2.392.200036.9116.2.6.1.44063.1811171443.1643941217.996290.dcm,25,-270.0,512,512,0,0,heldout_patient_fold,aa2d72a2538f26976441e6d52c8c11ca964533e55b3978b8345a70a019d52638,ea81da4d34ee1570c8dd3460a4e44f8f247a0ba0f55b701dbf5093d392e32021,negative,0,0.0,0.0,[],"[[342.66668701171875, 243.0, 379.3333435058594, 279.3333435058594]]",[0.024139404296875],0.024139404296875,1
902,2380,1.2.392.200036.9116.2.6.1.44063.1811171443.1643941218.548392,/home/mahsa-nasehi/Desktop/IAAA/fracture/iaaa-contest-bct/Data/training/902/1.2.392.200036.9116.2.6.1.44063.1811171443.1643941218.548392.dcm,26,-265.0,512,512,0,0,heldout_patient_fold,aa2d72a2538f26976441e6d52c8c11ca964533e55b3978b8345a70a019d52638,ea81da4d34ee1570c8dd3460a4e44f8f247a0ba0f55b701dbf5093d392e32021,negative,0,0.0,0.0,[],"[[309.5, 190.6666717529297, 377.3333435058594, 254.33334350585938], [324.0, 203.33334350585938, 360.66668701171875, 239.33334350585938]]","[0.016845703125, 0.012481689453125]",0.016845703125,2
902,2380,1.2.392.200036.9116.2.6.1.44063.1811171443.1643941219.145854,/home/mahsa-nasehi/Desktop/IAAA/fracture/iaaa-contest-bct/Data/training/902/1.2.392.200036.9116.2.6.1.44063.1811171443.1643941219.145854.dcm,27,-260.0,512,512,0,0,heldout_patient_fold,aa2d72a2538f26976441e6d52c8c11ca964533e55b3978b8345a70a019d52638,ea81da4d34ee1570c8dd3460a4e44f8f247a0ba0f55b701dbf5093d392e32021,negative,0,0.0,0.0,[],"[[298.66668701171875, 192.83334350585938, 366.3333435058594, 253.83334350585938]]",[0.0141754150390625],0.0141754150390625,1
902,2380,1.2.392.200036.9116.2.6.1.44063.1811171443.1643941220.136563,/home/mahsa-nasehi/Desktop/IAAA/fracture/iaaa-contest-bct/Data/training/902/1.2.392.200036.9116.2.6.1.44063.1811171443.1643941220.136563.dcm,28,-255.0,512,512,0,0,heldout_patient_fold,aa2d72a2538f26976441e6d52c8c11ca964533e55b3978b8345a70a019d52638,ea81da4d34ee1570c8dd3460a4e44f8f247a0ba0f55b701dbf5093d392e32021,negative,0,0.0,0.0,[],[],[],0.0,0
902,2380,1.2.392.200036.9116.2.6.1.44063.1811171443.1643941220.688342,/home/mahsa-nasehi/Desktop/IAAA/fracture/iaaa-contest-bct/Data/training/902/1.2.392.200036.9116.2.6.1.44063.1811171443.1643941220.688342.dcm,29,-250.0,512,512,0,0,heldout_patient_fold,aa2d72a2538f26976441e6d52c8c11ca964533e55b3978b8345a70a019d52638,ea81da4d34ee1570c8dd3460a4e44f8f247a0ba0f55b701dbf5093d392e32021,negative,0,0.0,0.0,[],"[[277.66668701171875, 208.33334350585938, 343.66668701171875, 268.3333435058594]]",[0.0104522705078125],0.0104522705078125,1
902,2380,1.2.392.200036.9116.2.6.1.44063.1811171443.1643941221.165176,/home/mahsa-nasehi/Desktop/IAAA/fracture/iaaa-contest-bct/Data/training/902/1.2.392.200036.9116.2.6.1.44063.1811171443.1643941221.165176.dcm,30,-245.0,512,512,0,0,heldout_patient_fold,aa2d72a2538f26976441e6d52c8c11ca964533e55b3978b8345a70a019d52638,ea81da4d34ee1570c8dd3460a4e44f8f247a0ba0f55b701dbf5093d392e32021,negative,0,0.0,0.0,[],"[[256.3333435058594, 206.6666717529297, 323.0, 269.3333435058594]]",[0.01094818115234375],0.01094818115234375,1
902,2380,1.2.392.200036.9116.2.6.1.44063.1811171443.1643941221.816772,/home/mahsa-nasehi/Desktop/IAAA/fracture/iaaa-contest-bct/Data/training/902/1.2.392.200036.9116.2.6.1.44063.1811171443.1643941221.816772.dcm,31,-240.0,512,512,0,0,heldout_patient_fold,aa2d72a2538f26976441e6d52c8c11ca964533e55b3978b8345a70a019d52638,ea81da4d34ee1570c8dd3460a4e44f8f247a0ba0f55b701dbf5093d392e32021,negative,0,0.0,0.0,[],[],[],0.0,0
902,2380,1.2.392.200036.9116.2.6.1.44063.1811171443.1643941222.209736,/home/mahsa-nasehi/Desktop/IAAA/fracture/iaaa-contest-bct/Data/training/902/1.2.392.200036.9116.2.6.1.44063.1811171443.1643941222.209736.dcm,32,-235.0,512,512,0,0,heldout_patient_fold,aa2d72a2538f26976441e6d52c8c11ca964533e55b3978b8345a70a019d52638,ea81da4d34ee1570c8dd3460a4e44f8f247a0ba0f55b701dbf5093d392e32021,negative,0,0.0,0.0,[],[],[],0.0,0
902,2380,1.2.392.200036.9116.2.6.1.44063.1811171443.1643941222.855243,/home/mahsa-nasehi/Desktop/IAAA/fracture/iaaa-contest-bct/Data/training/902/1.2.392.200036.9116.2.6.1.44063.1811171443.1643941222.855243.dcm,33,-230.0,512,512,0,0,heldout_patient_fold,aa2d72a2538f26976441e6d52c8c11ca964533e55b3978b8345a70a019d52638,ea81da4d34ee1570c8dd3460a4e44f8f247a0ba0f55b701dbf5093d392e32021,negative,0,0.0,0.0,[],[],[],0.0,0
9244,88028,1.2.392.200036.9116.2.6.1.44063.1811171443.1620787843.909748,/home/mahsa-nasehi/Desktop/IAAA/fracture/iaaa-contest-bct/Data/training/9244/1.2.392.200036.9116.2.6.1.44063.1811171443.1620787843.909748.dcm,0,-405.5,512,512,1,0,heldout_patient_fold,aa2d72a2538f26976441e6d52c8c11ca964533e55b3978b8345a70a019d52638,ea81da4d34ee1570c8dd3460a4e44f8f247a0ba0f55b701dbf5093d392e32021,negative,0,0.0,0.0,[],[],[],0.0,0
9244,88028,1.2.392.200036.9116.2.6.1.44063.1811171443.1620787844.958018,/home/mahsa-nasehi/Desktop/IAAA/fracture/iaaa-contest-bct/Data/training/9244/1.2.392.200036.9116.2.6.1.44063.1811171443.1620787844.958018.dcm,1,-400.5,512,512,1,0,heldout_patient_fold,aa2d72a2538f26976441e6d52c8c11ca964533e55b3978b8345a70a019d52638,ea81da4d34ee1570c8dd3460a4e44f8f247a0ba0f55b701dbf5093d392e32021,negative,0,0.0,0.0,[],[],[],0.0,0
9244,88028,1.2.392.200036.9116.2.6.1.44063.1811171443.1620787846.512298,/home/mahsa-nasehi/Desktop/IAAA/fracture/iaaa-contest-bct/Data/training/9244/1.2.392.200036.9116.2.6.1.44063.1811171443.1620787846.512298.dcm,2,-395.5,512,512,1,0,heldout_patient_fold,aa2d72a2538f26976441e6d52c8c11ca964533e55b3978b8345a70a019d52638,ea81da4d34ee1570c8dd3460a4e44f8f247a0ba0f55b701dbf5093d392e32021,negative,0,0.0,0.0,[],[],[],0.0,0
9244,88028,1.2.392.200036.9116.2.6.1.44063.1811171443.1620787847.94845,/home/mahsa-nasehi/Desktop/IAAA/fracture/iaaa-contest-bct/Data/training/9244/1.2.392.200036.9116.2.6.1.44063.1811171443.1620787847.94845.dcm,3,-390.5,512,512,1,0,heldout_patient_fold,aa2d72a2538f26976441e6d52c8c11ca964533e55b3978b8345a70a019d52638,ea81da4d34ee1570c8dd3460a4e44f8f247a0ba0f55b701dbf5093d392e32021,negative,0,0.0,0.0,[],[],[],0.0,0
9244,88028,1.2.392.200036.9116.2.6.1.44063.1811171443.1620787848.94127,/home/mahsa-nasehi/Desktop/IAAA/fracture/iaaa-contest-bct/Data/training/9244/1.2.392.200036.9116.2.6.1.44063.1811171443.1620787848.94127.dcm,4,-385.5,512,512,1,0,heldout_patient_fold,aa2d72a2538f26976441e6d52c8c11ca964533e55b3978b8345a70a019d52638,ea81da4d34ee1570c8dd3460a4e44f8f247a0ba0f55b701dbf5093d392e32021,negative,0,0.0,0.0,[],[],[],0.0,0
9244,88028,1.2.392.200036.9116.2.6.1.44063.1811171443.1620787848.719546,/home/mahsa-nasehi/Desktop/IAAA/fracture/iaaa-contest-bct/Data/training/9244/1.2.392.200036.9116.2.6.1.44063.1811171443.1620787848.719546.dcm,5,-380.5,512,512,1,0,heldout_patient_fold,aa2d72a2538f26976441e6d52c8c11ca964533e55b3978b8345a70a019d52638,ea81da4d34ee1570c8dd3460a4e44f8f247a0ba0f55b701dbf5093d392e32021,negative,0,0.0,0.0,[],"[[66.41667175292969, 304.8333435058594, 102.33333587646484, 340.5]]",[0.01433563232421875],0.01433563232421875,1
9244,88028,1.2.392.200036.9116.2.6.1.44063.1811171443.1620787849.376587,/home/mahsa-nasehi/Desktop/IAAA/fracture/iaaa-contest-bct/Data/training/9244/1.2.392.200036.9116.2.6.1.44063.1811171443.1620787849.376587.dcm,6,-375.5,512,512,1,0,heldout_patient_fold,aa2d72a2538f26976441e6d52c8c11ca964533e55b3978b8345a70a019d52638,ea81da4d34ee1570c8dd3460a4e44f8f247a0ba0f55b701dbf5093d392e32021,negative,0,0.0,0.0,[],[],[],0.0,0
9244,88028,1.2.392.200036.9116.2.6.1.44063.1811171443.1620787850.375108,/home/mahsa-nasehi/Desktop/IAAA/fracture/iaaa-contest-bct/Data/training/9244/1.2.392.200036.9116.2.6.1.44063.1811171443.1620787850.375108.dcm,7,-370.5,512,512,1,0,heldout_patient_fold,aa2d72a2538f26976441e6d52c8c11ca964533e55b3978b8345a70a019d52638,ea81da4d34ee1570c8dd3460a4e44f8f247a0ba0f55b701dbf5093d392e32021,negative,0,0.0,0.0,[],[],[],0.0,0
9244,88028,1.2.392.200036.9116.2.6.1.44063.1811171443.1620787851.89465,/home/mahsa-nasehi/Desktop/IAAA/fracture/iaaa-contest-bct/Data/training/9244/1.2.392.200036.9116.2.6.1.44063.1811171443.1620787851.89465.dcm,8,-365.5,512,512,1,0,heldout_patient_fold,aa2d72a2538f26976441e6d52c8c11ca964533e55b3978b8345a70a019d52638,ea81da4d34ee1570c8dd3460a4e44f8f247a0ba0f55b701dbf5093d392e32021,negative,0,0.0,0.0,[],[],[],0.0,0
9244,88028,1.2.392.200036.9116.2.6.1.44063.1811171443.1620787851.670298,/home/mahsa-nasehi/Desktop/IAAA/fracture/iaaa-contest-bct/Data/training/9244/1.2.392.200036.9116.2.6.1.44063.1811171443.1620787851.670298.dcm,9,-360.5,512,512,1,0,heldout_patient_fold,aa2d72a2538f26976441e6d52c8c11ca964533e55b3978b8345a70a019d52638,ea81da4d34ee1570c8dd3460a4e44f8f247a0ba0f55b701dbf5093d392e32021,negative,0,0.0,0.0,[],"[[322.0, 392.66668701171875, 358.0, 429.3333435058594]]",[0.0235137939453125],0.0235137939453125,1
9244,88028,1.2.392.200036.9116.2.6.1.44063.1811171443.1620787852.665050,/home/mahsa-nasehi/Desktop/IAAA/fracture/iaaa-contest-bct/Data/training/9244/1.2.392.200036.9116.2.6.1.44063.1811171443.1620787852.665050.dcm,10,-355.5,512,512,1,0,heldout_patient_fold,aa2d72a2538f26976441e6d52c8c11ca964533e55b3978b8345a70a019d52638,ea81da4d34ee1570c8dd3460a4e44f8f247a0ba0f55b701dbf5093d392e32021,negative,0,0.0,0.0,[],[],[],0.0,0
9244,88028,1.2.392.200036.9116.2.6.1.44063.1811171443.1620787853.313137,/home/mahsa-nasehi/Desktop/IAAA/fracture/iaaa-contest-bct/Data/training/9244/1.2.392.200036.9116.2.6.1.44063.1811171443.1620787853.313137.dcm,11,-350.5,512,512,1,0,heldout_patient_fold,aa2d72a2538f26976441e6d52c8c11ca964533e55b3978b8345a70a019d52638,ea81da4d34ee1570c8dd3460a4e44f8f247a0ba0f55b701dbf5093d392e32021,negative,0,0.0,0.0,[],[],[],0.0,0
9244,88028,1.2.392.200036.9116.2.6.1.44063.1811171443.1620787853.852231,/home/mahsa-nasehi/Desktop/IAAA/fracture/iaaa-contest-bct/Data/training/9244/1.2.392.200036.9116.2.6.1.44063.1811171443.1620787853.852231.dcm,12,-345.5,512,512,1,0,heldout_patient_fold,aa2d72a2538f26976441e6d52c8c11ca964533e55b3978b8345a70a019d52638,ea81da4d34ee1570c8dd3460a4e44f8f247a0ba0f55b701dbf5093d392e32021,negative,0,0.0,0.0,[],"[[340.3333435058594, 248.6666717529297, 377.0, 285.3333435058594]]",[0.053192138671875],0.053192138671875,1
9244,88028,1.2.392.200036.9116.2.6.1.44063.1811171443.1620787853.969050,/home/mahsa-nasehi/Desktop/IAAA/fracture/iaaa-contest-bct/Data/training/9244/1.2.392.200036.9116.2.6.1.44063.1811171443.1620787853.969050.dcm,13,-340.5,512,512,1,0,heldout_patient_fold,aa2d72a2538f26976441e6d52c8c11ca964533e55b3978b8345a70a019d52638,ea81da4d34ee1570c8dd3460a4e44f8f247a0ba0f55b701dbf5093d392e32021,positive,2,3276.0,3953.0,"[[94.0, 187.0, 146.0, 250.0], [323.0, 233.0, 382.0, 300.0]]","[[340.66668701171875, 251.33334350585938, 376.66668701171875, 288.0]]",[0.03802490234375],0.03802490234375,1
9244,88028,1.2.392.200036.9116.2.6.1.44063.1811171443.1620787854.583647,/home/mahsa-nasehi/Desktop/IAAA/fracture/iaaa-contest-bct/Data/training/9244/1.2.392.200036.9116.2.6.1.44063.1811171443.1620787854.583647.dcm,14,-335.5,512,512,1,0,heldout_patient_fold,aa2d72a2538f26976441e6d52c8c11ca964533e55b3978b8345a70a019d52638,ea81da4d34ee1570c8dd3460a4e44f8f247a0ba0f55b701dbf5093d392e32021,positive,2,4020.0,4440.0,"[[89.0, 194.0, 149.0, 268.0], [326.0, 244.0, 393.0, 304.0]]","[[312.0, 152.5, 347.0, 189.1666717529297]]",[0.0115509033203125],0.0115509033203125,1
9244,88028,1.2.392.200036.9116.2.6.1.44063.1811171443.1620787856.135935,/home/mahsa-nasehi/Desktop/IAAA/fracture/iaaa-contest-bct/Data/training/9244/1.2.392.200036.9116.2.6.1.44063.1811171443.1620787856.135935.dcm,15,-330.5,512,512,1,0,heldout_patient_fold,aa2d72a2538f26976441e6d52c8c11ca964533e55b3978b8345a70a019d52638,ea81da4d34ee1570c8dd3460a4e44f8f247a0ba0f55b701dbf5093d392e32021,positive,2,3969.0,4071.0,"[[90.0, 195.0, 149.0, 264.0], [317.0, 245.0, 380.0, 308.0]]","[[337.8333435058594, 256.66668701171875, 374.0, 293.0]]",[0.0233306884765625],0.0233306884765625,1
9244,88028,1.2.392.200036.9116.2.6.1.44063.1811171443.1620787857.240493,/home/mahsa-nasehi/Desktop/IAAA/fracture/iaaa-contest-bct/Data/training/9244/1.2.392.200036.9116.2.6.1.44063.1811171443.1620787857.240493.dcm,16,-325.5,512,512,1,0,heldout_patient_fold,aa2d72a2538f26976441e6d52c8c11ca964533e55b3978b8345a70a019d52638,ea81da4d34ee1570c8dd3460a4e44f8f247a0ba0f55b701dbf5093d392e32021,positive,2,3192.0,3304.0,"[[88.0, 205.0, 144.0, 264.0], [330.0, 243.0, 386.0, 300.0]]","[[320.66668701171875, 246.5, 387.3333435058594, 305.5]]",[0.01137542724609375],0.01137542724609375,1
9244,88028,1.2.392.200036.9116.2.6.1.44063.1811171443.1620787857.816566,/home/mahsa-nasehi/Desktop/IAAA/fracture/iaaa-contest-bct/Data/training/9244/1.2.392.200036.9116.2.6.1.44063.1811171443.1620787857.816566.dcm,17,-320.5,512,512,1,0,heldout_patient_fold,aa2d72a2538f26976441e6d52c8c11ca964533e55b3978b8345a70a019d52638,ea81da4d34ee1570c8dd3460a4e44f8f247a0ba0f55b701dbf5093d392e32021,positive,2,5360.0,5694.0,"[[91.0, 199.0, 158.0, 279.0], [308.0, 234.0, 386.0, 307.0]]","[[313.66668701171875, 249.0, 382.3333435058594, 311.0], [91.08333587646484, 201.6666717529297, 158.08334350585938, 262.3333435058594], [327.0, 259.3333435058594, 363.66668701171875, 295.3333435058594], [320.3333435058594, 350.0, 385.0, 412.66668701171875], [108.0, 224.6666717529297, 144.5, 260.66668701171875]]","[0.07135009765625, 0.0253753662109375, 0.017578125, 0.011505126953125, 0.01061248779296875]",0.07135009765625,5
9244,88028,1.2.392.200036.9116.2.6.1.44063.1811171443.1620787858.416904,/home/mahsa-nasehi/Desktop/IAAA/fracture/iaaa-contest-bct/Data/training/9244/1.2.392.200036.9116.2.6.1.44063.1811171443.1620787858.416904.dcm,18,-315.5,512,512,1,0,heldout_patient_fold,aa2d72a2538f26976441e6d52c8c11ca964533e55b3978b8345a70a019d52638,ea81da4d34ee1570c8dd3460a4e44f8f247a0ba0f55b701dbf5093d392e32021,positive,2,6248.0,7980.0,"[[85.0, 198.0, 161.0, 303.0], [299.0, 237.0, 387.0, 308.0]]","[[314.3333435058594, 250.6666717529297, 381.66668701171875, 310.66668701171875], [335.3333435058594, 261.5, 371.3333435058594, 298.5], [319.3333435058594, 262.5, 355.3333435058594, 298.5]]","[0.044342041015625, 0.0218658447265625, 0.0161590576171875]",0.044342041015625,3
9244,88028,1.2.392.200036.9116.2.6.1.44063.1811171443.1620787859.514057,/home/mahsa-nasehi/Desktop/IAAA/fracture/iaaa-contest-bct/Data/training/9244/1.2.392.200036.9116.2.6.1.44063.1811171443.1620787859.514057.dcm,19,-310.5,512,512,1,0,heldout_patient_fold,aa2d72a2538f26976441e6d52c8c11ca964533e55b3978b8345a70a019d52638,ea81da4d34ee1570c8dd3460a4e44f8f247a0ba0f55b701dbf5093d392e32021,positive,2,6248.0,7568.0,"[[96.0, 203.0, 167.0, 291.0], [287.0, 231.0, 373.0, 319.0]]","[[324.0, 261.8333435058594, 360.66668701171875, 298.16668701171875], [309.8333435058594, 250.33334350585938, 376.66668701171875, 311.0], [101.5, 217.33334350585938, 167.1666717529297, 280.66668701171875]]","[0.055206298828125, 0.032470703125, 0.02386474609375]",0.055206298828125,3
9244,88028,1.2.392.200036.9116.2.6.1.44063.1811171443.1620787860.100345,/home/mahsa-nasehi/Desktop/IAAA/fracture/iaaa-contest-bct/Data/training/9244/1.2.392.200036.9116.2.6.1.44063.1811171443.1620787860.100345.dcm,20,-305.5,512,512,1,0,heldout_patient_fold,aa2d72a2538f26976441e6d52c8c11ca964533e55b3978b8345a70a019d52638,ea81da4d34ee1570c8dd3460a4e44f8f247a0ba0f55b701dbf5093d392e32021,positive,2,6120.0,7452.0,"[[97.0, 210.0, 169.0, 295.0], [289.0, 241.0, 381.0, 322.0]]","[[321.3333435058594, 326.0, 358.0, 362.0], [318.3333435058594, 264.8333435058594, 355.3333435058594, 300.5], [298.66668701171875, 255.0, 366.66668701171875, 315.3333435058594], [310.0, 314.0, 377.3333435058594, 376.0]]","[0.10595703125, 0.048675537109375, 0.034881591796875, 0.0310211181640625]",0.10595703125,4
9244,88028,1.2.392.200036.9116.2.6.1.44063.1811171443.1620787860.643573,/home/mahsa-nasehi/Desktop/IAAA/fracture/iaaa-contest-bct/Data/training/9244/1.2.392.200036.9116.2.6.1.44063.1811171443.1620787860.643573.dcm,21,-300.5,512,512,1,0,heldout_patient_fold,aa2d72a2538f26976441e6d52c8c11ca964533e55b3978b8345a70a019d52638,ea81da4d34ee1570c8dd3460a4e44f8f247a0ba0f55b701dbf5093d392e32021,positive,2,3472.0,5576.0,"[[106.0, 219.0, 174.0, 301.0], [295.0, 256.0, 351.0, 318.0]]","[[294.0, 253.83334350585938, 362.3333435058594, 315.8333435058594], [314.0, 264.3333435058594, 350.0, 301.0], [107.33333587646484, 228.33334350585938, 173.6666717529297, 292.3333435058594], [311.0, 337.0, 347.0, 373.0]]","[0.296630859375, 0.1329345703125, 0.0247039794921875, 0.012237548828125]",0.296630859375,4
9244,88028,1.2.392.200036.9116.2.6.1.44063.1811171443.1620787861.613452,/home/mahsa-nasehi/Desktop/IAAA/fracture/iaaa-contest-bct/Data/training/9244/1.2.392.200036.9116.2.6.1.44063.1811171443.1620787861.613452.dcm,22,-295.5,512,512,1,0,heldout_patient_fold,aa2d72a2538f26976441e6d52c8c11ca964533e55b3978b8345a70a019d52638,ea81da4d34ee1570c8dd3460a4e44f8f247a0ba0f55b701dbf5093d392e32021,negative,0,0.0,0.0,[],"[[284.0, 254.6666717529297, 351.66668701171875, 316.66668701171875], [303.66668701171875, 267.0, 339.0, 304.0]]","[0.2100830078125, 0.0328369140625]",0.2100830078125,2
9244,88028,1.2.392.200036.9116.2.6.1.44063.1811171443.1620787862.124791,/home/mahsa-nasehi/Desktop/IAAA/fracture/iaaa-contest-bct/Data/training/9244/1.2.392.200036.9116.2.6.1.44063.1811171443.1620787862.124791.dcm,23,-290.5,512,512,1,0,heldout_patient_fold,aa2d72a2538f26976441e6d52c8c11ca964533e55b3978b8345a70a019d52638,ea81da4d34ee1570c8dd3460a4e44f8f247a0ba0f55b701dbf5093d392e32021,negative,0,0.0,0.0,[],"[[272.8333435058594, 260.66668701171875, 341.16668701171875, 320.66668701171875], [289.3333435058594, 272.3333435058594, 326.0, 308.3333435058594], [140.1666717529297, 234.33334350585938, 205.83334350585938, 295.0]]","[0.30322265625, 0.0994873046875, 0.018402099609375]",0.30322265625,3
9244,88028,1.2.392.200036.9116.2.6.1.44063.1811171443.1620787862.650226,/home/mahsa-nasehi/Desktop/IAAA/fracture/iaaa-contest-bct/Data/training/9244/1.2.392.200036.9116.2.6.1.44063.1811171443.1620787862.650226.dcm,24,-285.5,512,512,1,0,heldout_patient_fold,aa2d72a2538f26976441e6d52c8c11ca964533e55b3978b8345a70a019d52638,ea81da4d34ee1570c8dd3460a4e44f8f247a0ba0f55b701dbf5093d392e32021,negative,0,0.0,0.0,[],"[[251.33334350585938, 259.8333435058594, 319.3333435058594, 321.5]]",[0.0153045654296875],0.0153045654296875,1
9244,88028,1.2.392.200036.9116.2.6.1.44063.1811171443.1620787863.367672,/home/mahsa-nasehi/Desktop/IAAA/fracture/iaaa-contest-bct/Data/training/9244/1.2.392.200036.9116.2.6.1.44063.1811171443.1620787863.367672.dcm,25,-280.5,512,512,1,0,heldout_patient_fold,aa2d72a2538f26976441e6d52c8c11ca964533e55b3978b8345a70a019d52638,ea81da4d34ee1570c8dd3460a4e44f8f247a0ba0f55b701dbf5093d392e32021,negative,0,0.0,0.0,[],[],[],0.0,0
9244,88028,1.2.392.200036.9116.2.6.1.44063.1811171443.1620787863.755516,/home/mahsa-nasehi/Desktop/IAAA/fracture/iaaa-contest-bct/Data/training/9244/1.2.392.200036.9116.2.6.1.44063.1811171443.1620787863.755516.dcm,26,-275.5,512,512,1,0,heldout_patient_fold,aa2d72a2538f26976441e6d52c8c11ca964533e55b3978b8345a70a019d52638,ea81da4d34ee1570c8dd3460a4e44f8f247a0ba0f55b701dbf5093d392e32021,negative,0,0.0,0.0,[],[],[],0.0,0
9244,88028,1.2.392.200036.9116.2.6.1.44063.1811171443.1620787864.146502,/home/mahsa-nasehi/Desktop/IAAA/fracture/iaaa-contest-bct/Data/training/9244/1.2.392.200036.9116.2.6.1.44063.1811171443.1620787864.146502.dcm,27,-270.5,512,512,1,0,heldout_patient_fold,aa2d72a2538f26976441e6d52c8c11ca964533e55b3978b8345a70a019d52638,ea81da4d34ee1570c8dd3460a4e44f8f247a0ba0f55b701dbf5093d392e32021,negative,0,0.0,0.0,[],[],[],0.0,0
9244,88028,1.2.392.200036.9116.2.6.1.44063.1811171443.1620787865.47369,/home/mahsa-nasehi/Desktop/IAAA/fracture/iaaa-contest-bct/Data/training/9244/1.2.392.200036.9116.2.6.1.44063.1811171443.1620787865.47369.dcm,28,-265.5,512,512,1,0,heldout_patient_fold,aa2d72a2538f26976441e6d52c8c11ca964533e55b3978b8345a70a019d52638,ea81da4d34ee1570c8dd3460a4e44f8f247a0ba0f55b701dbf5093d392e32021,negative,0,0.0,0.0,[],[],[],0.0,0
9248,89348,1.2.392.200036.9116.2.6.1.3268.2054351322.1616211808.266902,/home/mahsa-nasehi/Desktop/IAAA/fracture/iaaa-contest-bct/Data/training/9248/1.2.392.200036.9116.2.6.1.3268.2054351322.1616211808.266902.dcm,0,-897.030793478,512,512,0,0,heldout_patient_fold,aa2d72a2538f26976441e6d52c8c11ca964533e55b3978b8345a70a019d52638,ea81da4d34ee1570c8dd3460a4e44f8f247a0ba0f55b701dbf5093d392e32021,negative,0,0.0,0.0,[],[],[],0.0,0
9248,89348,1.2.392.200036.9116.2.6.1.3268.2054351322.1616211809.61507,/home/mahsa-nasehi/Desktop/IAAA/fracture/iaaa-contest-bct/Data/training/9248/1.2.392.200036.9116.2.6.1.3268.2054351322.1616211809.61507.dcm,1,-892.099343478,512,512,0,0,heldout_patient_fold,aa2d72a2538f26976441e6d52c8c11ca964533e55b3978b8345a70a019d52638,ea81da4d34ee1570c8dd3460a4e44f8f247a0ba0f55b701dbf5093d392e32021,negative,0,0.0,0.0,[],[],[],0.0,0
9248,89348,1.2.392.200036.9116.2.6.1.3268.2054351322.1616211810.42670,/home/mahsa-nasehi/Desktop/IAAA/fracture/iaaa-contest-bct/Data/training/9248/1.2.392.200036.9116.2.6.1.3268.2054351322.1616211810.42670.dcm,2,-887.167893478,512,512,0,0,heldout_patient_fold,aa2d72a2538f26976441e6d52c8c11ca964533e55b3978b8345a70a019d52638,ea81da4d34ee1570c8dd3460a4e44f8f247a0ba0f55b701dbf5093d392e32021,negative,0,0.0,0.0,[],[],[],0.0,0
9248,89348,1.2.392.200036.9116.2.6.1.3268.2054351322.1616211810.880916,/home/mahsa-nasehi/Desktop/IAAA/fracture/iaaa-contest-bct/Data/training/9248/1.2.392.200036.9116.2.6.1.3268.2054351322.1616211810.880916.dcm,3,-882.236443478,512,512,0,0,heldout_patient_fold,aa2d72a2538f26976441e6d52c8c11ca964533e55b3978b8345a70a019d52638,ea81da4d34ee1570c8dd3460a4e44f8f247a0ba0f55b701dbf5093d392e32021,negative,0,0.0,0.0,[],[],[],0.0,0
9248,89348,1.2.392.200036.9116.2.6.1.3268.2054351322.1616211811.917157,/home/mahsa-nasehi/Desktop/IAAA/fracture/iaaa-contest-bct/Data/training/9248/1.2.392.200036.9116.2.6.1.3268.2054351322.1616211811.917157.dcm,4,-877.304993478,512,512,0,0,heldout_patient_fold,aa2d72a2538f26976441e6d52c8c11ca964533e55b3978b8345a70a019d52638,ea81da4d34ee1570c8dd3460a4e44f8f247a0ba0f55b701dbf5093d392e32021,negative,0,0.0,0.0,[],"[[250.0, 203.33334350585938, 286.0, 240.0]]",[0.012237548828125],0.012237548828125,1
9248,89348,1.2.392.200036.9116.2.6.1.3268.2054351322.1616211812.818731,/home/mahsa-nasehi/Desktop/IAAA/fracture/iaaa-contest-bct/Data/training/9248/1.2.392.200036.9116.2.6.1.3268.2054351322.1616211812.818731.dcm,5,-872.373543478,512,512,0,0,heldout_patient_fold,aa2d72a2538f26976441e6d52c8c11ca964533e55b3978b8345a70a019d52638,ea81da4d34ee1570c8dd3460a4e44f8f247a0ba0f55b701dbf5093d392e32021,negative,0,0.0,0.0,[],[],[],0.0,0
9248,89348,1.2.392.200036.9116.2.6.1.3268.2054351322.1616211813.570874,/home/mahsa-nasehi/Desktop/IAAA/fracture/iaaa-contest-bct/Data/training/9248/1.2.392.200036.9116.2.6.1.3268.2054351322.1616211813.570874.dcm,6,-867.442093478,512,512,0,0,heldout_patient_fold,aa2d72a2538f26976441e6d52c8c11ca964533e55b3978b8345a70a019d52638,ea81da4d34ee1570c8dd3460a4e44f8f247a0ba0f55b701dbf5093d392e32021,negative,0,0.0,0.0,[],[],[],0.0,0
9248,89348,1.2.392.200036.9116.2.6.1.3268.2054351322.1616211815.405377,/home/mahsa-nasehi/Desktop/IAAA/fracture/iaaa-contest-bct/Data/training/9248/1.2.392.200036.9116.2.6.1.3268.2054351322.1616211815.405377.dcm,7,-862.510643478,512,512,0,0,heldout_patient_fold,aa2d72a2538f26976441e6d52c8c11ca964533e55b3978b8345a70a019d52638,ea81da4d34ee1570c8dd3460a4e44f8f247a0ba0f55b701dbf5093d392e32021,negative,0,0.0,0.0,[],[],[],0.0,0
9248,89348,1.2.392.200036.9116.2.6.1.3268.2054351322.1616211816.308995,/home/mahsa-nasehi/Desktop/IAAA/fracture/iaaa-contest-bct/Data/training/9248/1.2.392.200036.9116.2.6.1.3268.2054351322.1616211816.308995.dcm,8,-857.579193478,512,512,0,0,heldout_patient_fold,aa2d72a2538f26976441e6d52c8c11ca964533e55b3978b8345a70a019d52638,ea81da4d34ee1570c8dd3460a4e44f8f247a0ba0f55b701dbf5093d392e32021,negative,0,0.0,0.0,[],[],[],0.0,0
9248,89348,1.2.392.200036.9116.2.6.1.3268.2054351322.1616211817.17258,/home/mahsa-nasehi/Desktop/IAAA/fracture/iaaa-contest-bct/Data/training/9248/1.2.392.200036.9116.2.6.1.3268.2054351322.1616211817.17258.dcm,9,-852.647743478,512,512,0,0,heldout_patient_fold,aa2d72a2538f26976441e6d52c8c11ca964533e55b3978b8345a70a019d52638,ea81da4d34ee1570c8dd3460a4e44f8f247a0ba0f55b701dbf5093d392e32021,negative,0,0.0,0.0,[],"[[41.91666793823242, 272.66668701171875, 78.08333587646484, 309.3333435058594]]",[0.0177764892578125],0.0177764892578125,1
9248,89348,1.2.392.200036.9116.2.6.1.3268.2054351322.1616211817.979446,/home/mahsa-nasehi/Desktop/IAAA/fracture/iaaa-contest-bct/Data/training/9248/1.2.392.200036.9116.2.6.1.3268.2054351322.1616211817.979446.dcm,10,-847.716293478,512,512,0,0,heldout_patient_fold,aa2d72a2538f26976441e6d52c8c11ca964533e55b3978b8345a70a019d52638,ea81da4d34ee1570c8dd3460a4e44f8f247a0ba0f55b701dbf5093d392e32021,negative,0,0.0,0.0,[],[],[],0.0,0
9248,89348,1.2.392.200036.9116.2.6.1.3268.2054351322.1616211818.796148,/home/mahsa-nasehi/Desktop/IAAA/fracture/iaaa-contest-bct/Data/training/9248/1.2.392.200036.9116.2.6.1.3268.2054351322.1616211818.796148.dcm,11,-842.784843478,512,512,0,0,heldout_patient_fold,aa2d72a2538f26976441e6d52c8c11ca964533e55b3978b8345a70a019d52638,ea81da4d34ee1570c8dd3460a4e44f8f247a0ba0f55b701dbf5093d392e32021,negative,0,0.0,0.0,[],[],[],0.0,0
9248,89348,1.2.392.200036.9116.2.6.1.3268.2054351322.1616211819.576689,/home/mahsa-nasehi/Desktop/IAAA/fracture/iaaa-contest-bct/Data/training/9248/1.2.392.200036.9116.2.6.1.3268.2054351322.1616211819.576689.dcm,12,-837.853393478,512,512,0,0,heldout_patient_fold,aa2d72a2538f26976441e6d52c8c11ca964533e55b3978b8345a70a019d52638,ea81da4d34ee1570c8dd3460a4e44f8f247a0ba0f55b701dbf5093d392e32021,negative,0,0.0,0.0,[],"[[159.6666717529297, 267.5, 195.33334350585938, 303.8333435058594]]",[0.02001953125],0.02001953125,1
9248,89348,1.2.392.200036.9116.2.6.1.3268.2054351322.1616211820.472703,/home/mahsa-nasehi/Desktop/IAAA/fracture/iaaa-contest-bct/Data/training/9248/1.2.392.200036.9116.2.6.1.3268.2054351322.1616211820.472703.dcm,13,-832.921943478,512,512,0,0,heldout_patient_fold,aa2d72a2538f26976441e6d52c8c11ca964533e55b3978b8345a70a019d52638,ea81da4d34ee1570c8dd3460a4e44f8f247a0ba0f55b701dbf5093d392e32021,negative,0,0.0,0.0,[],[],[],0.0,0
9248,89348,1.2.392.200036.9116.2.6.1.3268.2054351322.1616211821.261365,/home/mahsa-nasehi/Desktop/IAAA/fracture/iaaa-contest-bct/Data/training/9248/1.2.392.200036.9116.2.6.1.3268.2054351322.1616211821.261365.dcm,14,-827.990493478,512,512,0,0,heldout_patient_fold,aa2d72a2538f26976441e6d52c8c11ca964533e55b3978b8345a70a019d52638,ea81da4d34ee1570c8dd3460a4e44f8f247a0ba0f55b701dbf5093d392e32021,negative,0,0.0,0.0,[],[],[],0.0,0
9248,89348,1.2.392.200036.9116.2.6.1.3268.2054351322.1616211822.117032,/home/mahsa-nasehi/Desktop/IAAA/fracture/iaaa-contest-bct/Data/training/9248/1.2.392.200036.9116.2.6.1.3268.2054351322.1616211822.117032.dcm,15,-823.059043478,512,512,0,0,heldout_patient_fold,aa2d72a2538f26976441e6d52c8c11ca964533e55b3978b8345a70a019d52638,ea81da4d34ee1570c8dd3460a4e44f8f247a0ba0f55b701dbf5093d392e32021,negative,0,0.0,0.0,[],"[[300.3333435058594, 147.5, 337.0, 183.33334350585938]]",[0.01358795166015625],0.01358795166015625,1
9248,89348,1.2.392.200036.9116.2.6.1.3268.2054351322.1616211822.846564,/home/mahsa-nasehi/Desktop/IAAA/fracture/iaaa-contest-bct/Data/training/9248/1.2.392.200036.9116.2.6.1.3268.2054351322.1616211822.846564.dcm,16,-818.127593478,512,512,0,0,heldout_patient_fold,aa2d72a2538f26976441e6d52c8c11ca964533e55b3978b8345a70a019d52638,ea81da4d34ee1570c8dd3460a4e44f8f247a0ba0f55b701dbf5093d392e32021,negative,0,0.0,0.0,[],[],[],0.0,0
9248,89348,1.2.392.200036.9116.2.6.1.3268.2054351322.1616211823.744141,/home/mahsa-nasehi/Desktop/IAAA/fracture/iaaa-contest-bct/Data/training/9248/1.2.392.200036.9116.2.6.1.3268.2054351322.1616211823.744141.dcm,17,-813.196143478,512,512,0,0,heldout_patient_fold,aa2d72a2538f26976441e6d52c8c11ca964533e55b3978b8345a70a019d52638,ea81da4d34ee1570c8dd3460a4e44f8f247a0ba0f55b701dbf5093d392e32021,negative,0,0.0,0.0,[],[],[],0.0,0
9248,89348,1.2.392.200036.9116.2.6.1.3268.2054351322.1616211824.527095,/home/mahsa-nasehi/Desktop/IAAA/fracture/iaaa-contest-bct/Data/training/9248/1.2.392.200036.9116.2.6.1.3268.2054351322.1616211824.527095.dcm,18,-808.264693478,512,512,0,0,heldout_patient_fold,aa2d72a2538f26976441e6d52c8c11ca964533e55b3978b8345a70a019d52638,ea81da4d34ee1570c8dd3460a4e44f8f247a0ba0f55b701dbf5093d392e32021,negative,0,0.0,0.0,[],[],[],0.0,0
9248,89348,1.2.392.200036.9116.2.6.1.3268.2054351322.1616211825.388804,/home/mahsa-nasehi/Desktop/IAAA/fracture/iaaa-contest-bct/Data/training/9248/1.2.392.200036.9116.2.6.1.3268.2054351322.1616211825.388804.dcm,19,-803.333243478,512,512,0,0,heldout_patient_fold,aa2d72a2538f26976441e6d52c8c11ca964533e55b3978b8345a70a019d52638,ea81da4d34ee1570c8dd3460a4e44f8f247a0ba0f55b701dbf5093d392e32021,negative,0,0.0,0.0,[],[],[],0.0,0
9248,89348,1.2.392.200036.9116.2.6.1.3268.2054351322.1616211826.110140,/home/mahsa-nasehi/Desktop/IAAA/fracture/iaaa-contest-bct/Data/training/9248/1.2.392.200036.9116.2.6.1.3268.2054351322.1616211826.110140.dcm,20,-798.401793478,512,512,0,0,heldout_patient_fold,aa2d72a2538f26976441e6d52c8c11ca964533e55b3978b8345a70a019d52638,ea81da4d34ee1570c8dd3460a4e44f8f247a0ba0f55b701dbf5093d392e32021,negative,0,0.0,0.0,[],[],[],0.0,0
9248,89348,1.2.392.200036.9116.2.6.1.3268.2054351322.1616211826.983251,/home/mahsa-nasehi/Desktop/IAAA/fracture/iaaa-contest-bct/Data/training/9248/1.2.392.200036.9116.2.6.1.3268.2054351322.1616211826.983251.dcm,21,-793.470343478,512,512,0,0,heldout_patient_fold,aa2d72a2538f26976441e6d52c8c11ca964533e55b3978b8345a70a019d52638,ea81da4d34ee1570c8dd3460a4e44f8f247a0ba0f55b701dbf5093d392e32021,negative,0,0.0,0.0,[],[],[],0.0,0
9248,89348,1.2.392.200036.9116.2.6.1.3268.2054351322.1616211827.722490,/home/mahsa-nasehi/Desktop/IAAA/fracture/iaaa-contest-bct/Data/training/9248/1.2.392.200036.9116.2.6.1.3268.2054351322.1616211827.722490.dcm,22,-788.538893478,512,512,0,0,heldout_patient_fold,aa2d72a2538f26976441e6d52c8c11ca964533e55b3978b8345a70a019d52638,ea81da4d34ee1570c8dd3460a4e44f8f247a0ba0f55b701dbf5093d392e32021,negative,0,0.0,0.0,[],"[[230.0, 101.16667175292969, 297.3333435058594, 161.5]]",[0.0131683349609375],0.0131683349609375,1
9248,89348,1.2.392.200036.9116.2.6.1.3268.2054351322.1616211828.540069,/home/mahsa-nasehi/Desktop/IAAA/fracture/iaaa-contest-bct/Data/training/9248/1.2.392.200036.9116.2.6.1.3268.2054351322.1616211828.540069.dcm,23,-783.607443478,512,512,0,0,heldout_patient_fold,aa2d72a2538f26976441e6d52c8c11ca964533e55b3978b8345a70a019d52638,ea81da4d34ee1570c8dd3460a4e44f8f247a0ba0f55b701dbf5093d392e32021,negative,0,0.0,0.0,[],"[[241.0, 126.66667175292969, 307.0, 188.33334350585938]]",[0.01132965087890625],0.01132965087890625,1
9248,89348,1.2.392.200036.9116.2.6.1.3268.2054351322.1616211829.413275,/home/mahsa-nasehi/Desktop/IAAA/fracture/iaaa-contest-bct/Data/training/9248/1.2.392.200036.9116.2.6.1.3268.2054351322.1616211829.413275.dcm,24,-778.675993478,512,512,0,0,heldout_patient_fold,aa2d72a2538f26976441e6d52c8c11ca964533e55b3978b8345a70a019d52638,ea81da4d34ee1570c8dd3460a4e44f8f247a0ba0f55b701dbf5093d392e32021,negative,0,0.0,0.0,[],[],[],0.0,0
9248,89348,1.2.392.200036.9116.2.6.1.3268.2054351322.1616211830.14658,/home/mahsa-nasehi/Desktop/IAAA/fracture/iaaa-contest-bct/Data/training/9248/1.2.392.200036.9116.2.6.1.3268.2054351322.1616211830.14658.dcm,25,-773.744543478,512,512,0,0,heldout_patient_fold,aa2d72a2538f26976441e6d52c8c11ca964533e55b3978b8345a70a019d52638,ea81da4d34ee1570c8dd3460a4e44f8f247a0ba0f55b701dbf5093d392e32021,negative,0,0.0,0.0,[],"[[276.0, 249.0, 312.66668701171875, 284.3333435058594]]",[0.1015625],0.1015625,1
9248,89348,1.2.392.200036.9116.2.6.1.3268.2054351322.1616211830.639475,/home/mahsa-nasehi/Desktop/IAAA/fracture/iaaa-contest-bct/Data/training/9248/1.2.392.200036.9116.2.6.1.3268.2054351322.1616211830.639475.dcm,26,-768.813093478,512,512,0,0,heldout_patient_fold,aa2d72a2538f26976441e6d52c8c11ca964533e55b3978b8345a70a019d52638,ea81da4d34ee1570c8dd3460a4e44f8f247a0ba0f55b701dbf5093d392e32021,negative,0,0.0,0.0,[],[],[],0.0,0
9248,89348,1.2.392.200036.9116.2.6.1.3268.2054351322.1616211831.397107,/home/mahsa-nasehi/Desktop/IAAA/fracture/iaaa-contest-bct/Data/training/9248/1.2.392.200036.9116.2.6.1.3268.2054351322.1616211831.397107.dcm,27,-763.881643478,512,512,0,0,heldout_patient_fold,aa2d72a2538f26976441e6d52c8c11ca964533e55b3978b8345a70a019d52638,ea81da4d34ee1570c8dd3460a4e44f8f247a0ba0f55b701dbf5093d392e32021,negative,0,0.0,0.0,[],[],[],0.0,0
9248,89348,1.2.392.200036.9116.2.6.1.3268.2054351322.1616211832.183322,/home/mahsa-nasehi/Desktop/IAAA/fracture/iaaa-contest-bct/Data/training/9248/1.2.392.200036.9116.2.6.1.3268.2054351322.1616211832.183322.dcm,28,-758.950193478,512,512,0,0,heldout_patient_fold,aa2d72a2538f26976441e6d52c8c11ca964533e55b3978b8345a70a019d52638,ea81da4d34ee1570c8dd3460a4e44f8f247a0ba0f55b701dbf5093d392e32021,negative,0,0.0,0.0,[],[],[],0.0,0
925,239067,1.2.392.200036.9116.2.6.1.15596.4012038373.1634392135.951246,/home/mahsa-nasehi/Desktop/IAAA/fracture/iaaa-contest-bct/Data/training/925/1.2.392.200036.9116.2.6.1.15596.4012038373.1634392135.951246.dcm,0,-191.61493605,512,512,0,0,heldout_patient_fold,aa2d72a2538f26976441e6d52c8c11ca964533e55b3978b8345a70a019d52638,ea81da4d34ee1570c8dd3460a4e44f8f247a0ba0f55b701dbf5093d392e32021,negative,0,0.0,0.0,[],[],[],0.0,0
925,239067,1.2.392.200036.9116.2.6.1.15596.4012038373.1634392136.465919,/home/mahsa-nasehi/Desktop/IAAA/fracture/iaaa-contest-bct/Data/training/925/1.2.392.200036.9116.2.6.1.15596.4012038373.1634392136.465919.dcm,1,-186.63793605,512,512,0,0,heldout_patient_fold,aa2d72a2538f26976441e6d52c8c11ca964533e55b3978b8345a70a019d52638,ea81da4d34ee1570c8dd3460a4e44f8f247a0ba0f55b701dbf5093d392e32021,negative,0,0.0,0.0,[],[],[],0.0,0
925,239067,1.2.392.200036.9116.2.6.1.15596.4012038373.1634392137.14172,/home/mahsa-nasehi/Desktop/IAAA/fracture/iaaa-contest-bct/Data/training/925/1.2.392.200036.9116.2.6.1.15596.4012038373.1634392137.14172.dcm,2,-181.66093605,512,512,0,0,heldout_patient_fold,aa2d72a2538f26976441e6d52c8c11ca964533e55b3978b8345a70a019d52638,ea81da4d34ee1570c8dd3460a4e44f8f247a0ba0f55b701dbf5093d392e32021,negative,0,0.0,0.0,[],[],[],0.0,0
925,239067,1.2.392.200036.9116.2.6.1.15596.4012038373.1634392137.563108,/home/mahsa-nasehi/Desktop/IAAA/fracture/iaaa-contest-bct/Data/training/925/1.2.392.200036.9116.2.6.1.15596.4012038373.1634392137.563108.dcm,3,-176.68393605,512,512,0,0,heldout_patient_fold,aa2d72a2538f26976441e6d52c8c11ca964533e55b3978b8345a70a019d52638,ea81da4d34ee1570c8dd3460a4e44f8f247a0ba0f55b701dbf5093d392e32021,negative,0,0.0,0.0,[],[],[],0.0,0
925,239067,1.2.392.200036.9116.2.6.1.15596.4012038373.1634392138.189976,/home/mahsa-nasehi/Desktop/IAAA/fracture/iaaa-contest-bct/Data/training/925/1.2.392.200036.9116.2.6.1.15596.4012038373.1634392138.189976.dcm,4,-171.70693605,512,512,0,0,heldout_patient_fold,aa2d72a2538f26976441e6d52c8c11ca964533e55b3978b8345a70a019d52638,ea81da4d34ee1570c8dd3460a4e44f8f247a0ba0f55b701dbf5093d392e32021,negative,0,0.0,0.0,[],[],[],0.0,0
925,239067,1.2.392.200036.9116.2.6.1.15596.4012038373.1634392138.856969,/home/mahsa-nasehi/Desktop/IAAA/fracture/iaaa-contest-bct/Data/training/925/1.2.392.200036.9116.2.6.1.15596.4012038373.1634392138.856969.dcm,5,-166.72993605,512,512,0,0,heldout_patient_fold,aa2d72a2538f26976441e6d52c8c11ca964533e55b3978b8345a70a019d52638,ea81da4d34ee1570c8dd3460a4e44f8f247a0ba0f55b701dbf5093d392e32021,negative,0,0.0,0.0,[],[],[],0.0,0
925,239067,1.2.392.200036.9116.2.6.1.15596.4012038373.1634392139.360544,/home/mahsa-nasehi/Desktop/IAAA/fracture/iaaa-contest-bct/Data/training/925/1.2.392.200036.9116.2.6.1.15596.4012038373.1634392139.360544.dcm,6,-161.75293605000002,512,512,0,0,heldout_patient_fold,aa2d72a2538f26976441e6d52c8c11ca964533e55b3978b8345a70a019d52638,ea81da4d34ee1570c8dd3460a4e44f8f247a0ba0f55b701dbf5093d392e32021,negative,0,0.0,0.0,[],[],[],0.0,0
925,239067,1.2.392.200036.9116.2.6.1.15596.4012038373.1634392139.888783,/home/mahsa-nasehi/Desktop/IAAA/fracture/iaaa-contest-bct/Data/training/925/1.2.392.200036.9116.2.6.1.15596.4012038373.1634392139.888783.dcm,7,-156.77593605,512,512,0,0,heldout_patient_fold,aa2d72a2538f26976441e6d52c8c11ca964533e55b3978b8345a70a019d52638,ea81da4d34ee1570c8dd3460a4e44f8f247a0ba0f55b701dbf5093d392e32021,negative,0,0.0,0.0,[],[],[],0.0,0
925,239067,1.2.392.200036.9116.2.6.1.15596.4012038373.1634392140.530124,/home/mahsa-nasehi/Desktop/IAAA/fracture/iaaa-contest-bct/Data/training/925/1.2.392.200036.9116.2.6.1.15596.4012038373.1634392140.530124.dcm,8,-151.79893605,512,512,0,0,heldout_patient_fold,aa2d72a2538f26976441e6d52c8c11ca964533e55b3978b8345a70a019d52638,ea81da4d34ee1570c8dd3460a4e44f8f247a0ba0f55b701dbf5093d392e32021,negative,0,0.0,0.0,[],[],[],0.0,0
925,239067,1.2.392.200036.9116.2.6.1.15596.4012038373.1634392141.203259,/home/mahsa-nasehi/Desktop/IAAA/fracture/iaaa-contest-bct/Data/training/925/1.2.392.200036.9116.2.6.1.15596.4012038373.1634392141.203259.dcm,9,-146.82193605,512,512,0,0,heldout_patient_fold,aa2d72a2538f26976441e6d52c8c11ca964533e55b3978b8345a70a019d52638,ea81da4d34ee1570c8dd3460a4e44f8f247a0ba0f55b701dbf5093d392e32021,negative,0,0.0,0.0,[],[],[],0.0,0
925,239067,1.2.392.200036.9116.2.6.1.15596.4012038373.1634392141.706705,/home/mahsa-nasehi/Desktop/IAAA/fracture/iaaa-contest-bct/Data/training/925/1.2.392.200036.9116.2.6.1.15596.4012038373.1634392141.706705.dcm,10,-141.84493605,512,512,0,0,heldout_patient_fold,aa2d72a2538f26976441e6d52c8c11ca964533e55b3978b8345a70a019d52638,ea81da4d34ee1570c8dd3460a4e44f8f247a0ba0f55b701dbf5093d392e32021,negative,0,0.0,0.0,[],"[[379.3333435058594, 186.83334350585938, 416.66668701171875, 223.1666717529297]]",[0.036224365234375],0.036224365234375,1
925,239067,1.2.392.200036.9116.2.6.1.15596.4012038373.1634392142.401650,/home/mahsa-nasehi/Desktop/IAAA/fracture/iaaa-contest-bct/Data/training/925/1.2.392.200036.9116.2.6.1.15596.4012038373.1634392142.401650.dcm,11,-136.86793605,512,512,0,0,heldout_patient_fold,aa2d72a2538f26976441e6d52c8c11ca964533e55b3978b8345a70a019d52638,ea81da4d34ee1570c8dd3460a4e44f8f247a0ba0f55b701dbf5093d392e32021,negative,0,0.0,0.0,[],"[[391.3333435058594, 198.33334350585938, 427.3333435058594, 234.33334350585938]]",[0.0863037109375],0.0863037109375,1
925,239067,1.2.392.200036.9116.2.6.1.15596.4012038373.1634392142.887435,/home/mahsa-nasehi/Desktop/IAAA/fracture/iaaa-contest-bct/Data/training/925/1.2.392.200036.9116.2.6.1.15596.4012038373.1634392142.887435.dcm,12,-131.89093605,512,512,0,0,heldout_patient_fold,aa2d72a2538f26976441e6d52c8c11ca964533e55b3978b8345a70a019d52638,ea81da4d34ee1570c8dd3460a4e44f8f247a0ba0f55b701dbf5093d392e32021,negative,0,0.0,0.0,[],"[[391.3333435058594, 203.0, 427.3333435058594, 239.6666717529297]]",[0.106689453125],0.106689453125,1
925,239067,1.2.392.200036.9116.2.6.1.15596.4012038373.1634392143.552239,/home/mahsa-nasehi/Desktop/IAAA/fracture/iaaa-contest-bct/Data/training/925/1.2.392.200036.9116.2.6.1.15596.4012038373.1634392143.552239.dcm,13,-126.91393604999999,512,512,0,0,heldout_patient_fold,aa2d72a2538f26976441e6d52c8c11ca964533e55b3978b8345a70a019d52638,ea81da4d34ee1570c8dd3460a4e44f8f247a0ba0f55b701dbf5093d392e32021,negative,0,0.0,0.0,[],"[[396.66668701171875, 206.33334350585938, 432.66668701171875, 242.33334350585938]]",[0.053985595703125],0.053985595703125,1
925,239067,1.2.392.200036.9116.2.6.1.15596.4012038373.1634392145.45608,/home/mahsa-nasehi/Desktop/IAAA/fracture/iaaa-contest-bct/Data/training/925/1.2.392.200036.9116.2.6.1.15596.4012038373.1634392145.45608.dcm,14,-121.93693604999999,512,512,0,0,heldout_patient_fold,aa2d72a2538f26976441e6d52c8c11ca964533e55b3978b8345a70a019d52638,ea81da4d34ee1570c8dd3460a4e44f8f247a0ba0f55b701dbf5093d392e32021,negative,0,0.0,0.0,[],[],[],0.0,0
925,239067,1.2.392.200036.9116.2.6.1.15596.4012038373.1634392145.73139,/home/mahsa-nasehi/Desktop/IAAA/fracture/iaaa-contest-bct/Data/training/925/1.2.392.200036.9116.2.6.1.15596.4012038373.1634392145.73139.dcm,15,-116.95993605,512,512,0,0,heldout_patient_fold,aa2d72a2538f26976441e6d52c8c11ca964533e55b3978b8345a70a019d52638,ea81da4d34ee1570c8dd3460a4e44f8f247a0ba0f55b701dbf5093d392e32021,negative,0,0.0,0.0,[],"[[121.83333587646484, 168.6666717529297, 158.1666717529297, 205.33334350585938]]",[0.0112457275390625],0.0112457275390625,1
925,239067,1.2.392.200036.9116.2.6.1.15596.4012038373.1634392145.262738,/home/mahsa-nasehi/Desktop/IAAA/fracture/iaaa-contest-bct/Data/training/925/1.2.392.200036.9116.2.6.1.15596.4012038373.1634392145.262738.dcm,16,-111.98293604999999,512,512,0,0,heldout_patient_fold,aa2d72a2538f26976441e6d52c8c11ca964533e55b3978b8345a70a019d52638,ea81da4d34ee1570c8dd3460a4e44f8f247a0ba0f55b701dbf5093d392e32021,negative,0,0.0,0.0,[],"[[122.16667175292969, 171.0, 158.1666717529297, 208.33334350585938], [394.0, 200.6666717529297, 430.0, 236.6666717529297]]","[0.061187744140625, 0.01024627685546875]",0.061187744140625,2
925,239067,1.2.392.200036.9116.2.6.1.15596.4012038373.1634392145.794824,/home/mahsa-nasehi/Desktop/IAAA/fracture/iaaa-contest-bct/Data/training/925/1.2.392.200036.9116.2.6.1.15596.4012038373.1634392145.794824.dcm,17,-107.005965912,512,512,0,0,heldout_patient_fold,aa2d72a2538f26976441e6d52c8c11ca964533e55b3978b8345a70a019d52638,ea81da4d34ee1570c8dd3460a4e44f8f247a0ba0f55b701dbf5093d392e32021,negative,0,0.0,0.0,[],"[[386.3333435058594, 198.0, 422.3333435058594, 235.0], [124.25, 174.33334350585938, 160.9166717529297, 210.6666717529297], [367.66668701171875, 187.0, 435.66668701171875, 247.0], [112.5, 164.1666717529297, 177.83334350585938, 225.83334350585938]]","[0.2108154296875, 0.08123779296875, 0.016845703125, 0.01287078857421875]",0.2108154296875,4
925,239067,1.2.392.200036.9116.2.6.1.15596.4012038373.1634392146.352491,/home/mahsa-nasehi/Desktop/IAAA/fracture/iaaa-contest-bct/Data/training/925/1.2.392.200036.9116.2.6.1.15596.4012038373.1634392146.352491.dcm,18,-102.02896591199999,512,512,0,0,heldout_patient_fold,aa2d72a2538f26976441e6d52c8c11ca964533e55b3978b8345a70a019d52638,ea81da4d34ee1570c8dd3460a4e44f8f247a0ba0f55b701dbf5093d392e32021,negative,0,0.0,0.0,[],"[[118.5, 165.33334350585938, 185.0, 223.6666717529297], [364.0, 186.33334350585938, 432.0, 245.6666717529297], [386.0, 197.83334350585938, 422.0, 234.5], [131.83334350585938, 172.6666717529297, 168.5, 210.6666717529297], [376.0, 195.0, 410.66668701171875, 232.33334350585938]]","[0.276611328125, 0.0794677734375, 0.07611083984375, 0.029876708984375, 0.0234222412109375]",0.276611328125,5
925,239067,1.2.392.200036.9116.2.6.1.15596.4012038373.1634392146.964248,/home/mahsa-nasehi/Desktop/IAAA/fracture/iaaa-contest-bct/Data/training/925/1.2.392.200036.9116.2.6.1.15596.4012038373.1634392146.964248.dcm,19,-97.05196591199999,512,512,0,0,heldout_patient_fold,aa2d72a2538f26976441e6d52c8c11ca964533e55b3978b8345a70a019d52638,ea81da4d34ee1570c8dd3460a4e44f8f247a0ba0f55b701dbf5093d392e32021,negative,0,0.0,0.0,[],"[[352.66668701171875, 183.0, 420.66668701171875, 246.0], [375.3333435058594, 192.83334350585938, 411.3333435058594, 229.1666717529297], [122.66667175292969, 163.1666717529297, 188.6666717529297, 226.83334350585938], [133.1666717529297, 176.33334350585938, 168.83334350585938, 213.6666717529297], [311.8333435058594, 122.33333587646484, 450.66668701171875, 292.0], [392.66668701171875, 301.66668701171875, 430.0, 338.3333435058594], [299.0, 117.33333587646484, 366.0, 178.33334350585938], [373.66668701171875, 290.66668701171875, 440.3333435058594, 353.66668701171875]]","[0.46484375, 0.2005615234375, 0.053802490234375, 0.049224853515625, 0.02386474609375, 0.0120086669921875, 0.010650634765625, 0.01029205322265625]",0.46484375,8
925,239067,1.2.392.200036.9116.2.6.1.15596.4012038373.1634392147.541270,/home/mahsa-nasehi/Desktop/IAAA/fracture/iaaa-contest-bct/Data/training/925/1.2.392.200036.9116.2.6.1.15596.4012038373.1634392147.541270.dcm,20,-92.074965912,512,512,0,0,heldout_patient_fold,aa2d72a2538f26976441e6d52c8c11ca964533e55b3978b8345a70a019d52638,ea81da4d34ee1570c8dd3460a4e44f8f247a0ba0f55b701dbf5093d392e32021,negative,0,0.0,0.0,[],"[[342.0, 183.83334350585938, 411.3333435058594, 248.5], [133.6666717529297, 159.83334350585938, 201.83334350585938, 221.1666717529297], [359.3333435058594, 192.6666717529297, 395.3333435058594, 229.33334350585938], [369.3333435058594, 294.0, 436.0, 354.0], [88.83333587646484, 124.58333587646484, 230.1666717529297, 293.3333435058594], [388.0, 261.8333435058594, 424.66668701171875, 298.16668701171875], [382.66668701171875, 305.0, 419.3333435058594, 341.0], [369.0, 249.83334350585938, 436.3333435058594, 310.5], [291.3333435058594, 112.5, 430.0, 280.16668701171875]]","[0.359375, 0.1163330078125, 0.051666259765625, 0.046905517578125, 0.04351806640625, 0.042572021484375, 0.026153564453125, 0.0234222412109375, 0.019500732421875]",0.359375,9
925,239067,1.2.392.200036.9116.2.6.1.15596.4012038373.1634392148.150366,/home/mahsa-nasehi/Desktop/IAAA/fracture/iaaa-contest-bct/Data/training/925/1.2.392.200036.9116.2.6.1.15596.4012038373.1634392148.150366.dcm,21,-87.09796591199999,512,512,0,0,heldout_patient_fold,aa2d72a2538f26976441e6d52c8c11ca964533e55b3978b8345a70a019d52638,ea81da4d34ee1570c8dd3460a4e44f8f247a0ba0f55b701dbf5093d392e32021,negative,0,0.0,0.0,[],"[[139.58334350585938, 163.0, 207.6666717529297, 224.0], [331.0, 181.33334350585938, 399.0, 244.0], [110.66667175292969, 270.0, 147.33334350585938, 306.0], [372.0, 307.66668701171875, 409.3333435058594, 343.66668701171875], [315.66668701171875, 166.33334350585938, 383.0, 225.6666717529297], [359.3333435058594, 251.6666717529297, 424.66668701171875, 309.66668701171875], [161.5, 174.33334350585938, 198.1666717529297, 211.0], [283.0, 116.25, 413.66668701171875, 282.3333435058594], [357.3333435058594, 297.66668701171875, 425.3333435058594, 358.3333435058594], [380.0, 261.66668701171875, 416.66668701171875, 298.3333435058594], [350.66668701171875, 197.33334350585938, 387.3333435058594, 234.0], [96.75, 260.0, 164.9166717529297, 322.3333435058594]]","[0.368408203125, 0.1441650390625, 0.06707763671875, 0.0574951171875, 0.0364990234375, 0.035003662109375, 0.0293121337890625, 0.0191192626953125, 0.01751708984375, 0.0154266357421875, 0.01374053955078125, 0.0118255615234375]",0.368408203125,12
925,239067,1.2.392.200036.9116.2.6.1.15596.4012038373.1634392148.701659,/home/mahsa-nasehi/Desktop/IAAA/fracture/iaaa-contest-bct/Data/training/925/1.2.392.200036.9116.2.6.1.15596.4012038373.1634392148.701659.dcm,22,-82.12096591199999,512,512,0,0,heldout_patient_fold,aa2d72a2538f26976441e6d52c8c11ca964533e55b3978b8345a70a019d52638,ea81da4d34ee1570c8dd3460a4e44f8f247a0ba0f55b701dbf5093d392e32021,negative,0,0.0,0.0,[],"[[299.0, 171.33334350585938, 367.0, 229.33334350585938], [161.08334350585938, 167.0, 229.0, 226.33334350585938], [101.75, 262.8333435058594, 166.58334350585938, 323.16668701171875], [115.16667175292969, 275.3333435058594, 152.83334350585938, 311.3333435058594], [320.66668701171875, 192.33334350585938, 386.0, 252.0], [342.0, 292.66668701171875, 408.66668701171875, 353.0]]","[0.43212890625, 0.332763671875, 0.09844970703125, 0.09136962890625, 0.01507568359375, 0.01132965087890625]",0.43212890625,6
925,239067,1.2.392.200036.9116.2.6.1.15596.4012038373.1634392149.306320,/home/mahsa-nasehi/Desktop/IAAA/fracture/iaaa-contest-bct/Data/training/925/1.2.392.200036.9116.2.6.1.15596.4012038373.1634392149.306320.dcm,23,-77.14396591199998,512,512,0,0,heldout_patient_fold,aa2d72a2538f26976441e6d52c8c11ca964533e55b3978b8345a70a019d52638,ea81da4d34ee1570c8dd3460a4e44f8f247a0ba0f55b701dbf5093d392e32021,negative,0,0.0,0.0,[],"[[182.1666717529297, 176.83334350585938, 249.1666717529297, 236.1666717529297], [278.0, 173.0, 345.3333435058594, 237.0], [125.41667175292969, 280.0, 163.25, 317.0], [118.16667175292969, 271.5, 184.83334350585938, 331.16668701171875], [196.0, 187.0, 232.6666717529297, 223.6666717529297], [315.3333435058594, 211.6666717529297, 382.0, 273.3333435058594]]","[0.26513671875, 0.0966796875, 0.06927490234375, 0.06585693359375, 0.026763916015625, 0.01495361328125]",0.26513671875,6
925,239067,1.2.392.200036.9116.2.6.1.15596.4012038373.1634392149.894870,/home/mahsa-nasehi/Desktop/IAAA/fracture/iaaa-contest-bct/Data/training/925/1.2.392.200036.9116.2.6.1.15596.4012038373.1634392149.894870.dcm,24,-72.166965912,512,512,0,0,heldout_patient_fold,aa2d72a2538f26976441e6d52c8c11ca964533e55b3978b8345a70a019d52638,ea81da4d34ee1570c8dd3460a4e44f8f247a0ba0f55b701dbf5093d392e32021,negative,0,0.0,0.0,[],"[[293.3333435058594, 221.6666717529297, 360.0, 284.3333435058594], [134.1666717529297, 271.66668701171875, 199.83334350585938, 331.0], [152.6666717529297, 280.66668701171875, 190.0, 316.66668701171875]]","[0.199951171875, 0.026458740234375, 0.0179901123046875]",0.199951171875,3
925,239067,1.2.392.200036.9116.2.6.1.15596.4012038373.1634392150.484007,/home/mahsa-nasehi/Desktop/IAAA/fracture/iaaa-contest-bct/Data/training/925/1.2.392.200036.9116.2.6.1.15596.4012038373.1634392150.484007.dcm,25,-67.18996591199999,512,512,0,0,heldout_patient_fold,aa2d72a2538f26976441e6d52c8c11ca964533e55b3978b8345a70a019d52638,ea81da4d34ee1570c8dd3460a4e44f8f247a0ba0f55b701dbf5093d392e32021,negative,0,0.0,0.0,[],[],[],0.0,0
925,239067,1.2.392.200036.9116.2.6.1.15596.4012038373.1634392151.47261,/home/mahsa-nasehi/Desktop/IAAA/fracture/iaaa-contest-bct/Data/training/925/1.2.392.200036.9116.2.6.1.15596.4012038373.1634392151.47261.dcm,26,-62.212965911999994,512,512,0,0,heldout_patient_fold,aa2d72a2538f26976441e6d52c8c11ca964533e55b3978b8345a70a019d52638,ea81da4d34ee1570c8dd3460a4e44f8f247a0ba0f55b701dbf5093d392e32021,negative,0,0.0,0.0,[],[],[],0.0,0
925,239067,1.2.392.200036.9116.2.6.1.15596.4012038373.1634392151.633775,/home/mahsa-nasehi/Desktop/IAAA/fracture/iaaa-contest-bct/Data/training/925/1.2.392.200036.9116.2.6.1.15596.4012038373.1634392151.633775.dcm,27,-57.235965912,512,512,0,0,heldout_patient_fold,aa2d72a2538f26976441e6d52c8c11ca964533e55b3978b8345a70a019d52638,ea81da4d34ee1570c8dd3460a4e44f8f247a0ba0f55b701dbf5093d392e32021,negative,0,0.0,0.0,[],[],[],0.0,0
985,254978,1.2.392.200036.9116.2.6.1.44063.1811171443.1627215003.125461,/home/mahsa-nasehi/Desktop/IAAA/fracture/iaaa-contest-bct/Data/training/985/1.2.392.200036.9116.2.6.1.44063.1811171443.1627215003.125461.dcm,0,-625.0,512,512,0,0,heldout_patient_fold,aa2d72a2538f26976441e6d52c8c11ca964533e55b3978b8345a70a019d52638,ea81da4d34ee1570c8dd3460a4e44f8f247a0ba0f55b701dbf5093d392e32021,negative,0,0.0,0.0,[],"[[221.0, 14.125, 256.66668701171875, 50.625]]",[0.0325927734375],0.0325927734375,1
985,254978,1.2.392.200036.9116.2.6.1.44063.1811171443.1627215004.110646,/home/mahsa-nasehi/Desktop/IAAA/fracture/iaaa-contest-bct/Data/training/985/1.2.392.200036.9116.2.6.1.44063.1811171443.1627215004.110646.dcm,1,-620.0,512,512,0,0,heldout_patient_fold,aa2d72a2538f26976441e6d52c8c11ca964533e55b3978b8345a70a019d52638,ea81da4d34ee1570c8dd3460a4e44f8f247a0ba0f55b701dbf5093d392e32021,negative,0,0.0,0.0,[],"[[159.6666717529297, 91.75, 195.6666717529297, 128.25], [143.1666717529297, 0.0, 274.5, 139.5]]","[0.0211181640625, 0.012054443359375]",0.0211181640625,2
985,254978,1.2.392.200036.9116.2.6.1.44063.1811171443.1627215004.851573,/home/mahsa-nasehi/Desktop/IAAA/fracture/iaaa-contest-bct/Data/training/985/1.2.392.200036.9116.2.6.1.44063.1811171443.1627215004.851573.dcm,2,-615.0,512,512,0,0,heldout_patient_fold,aa2d72a2538f26976441e6d52c8c11ca964533e55b3978b8345a70a019d52638,ea81da4d34ee1570c8dd3460a4e44f8f247a0ba0f55b701dbf5093d392e32021,negative,0,0.0,0.0,[],"[[144.9166717529297, 0.0, 273.0, 141.6666717529297], [182.6666717529297, 48.16666793823242, 219.33334350585938, 85.58333587646484], [100.83333587646484, 32.833335876464844, 234.6666717529297, 198.6666717529297]]","[0.1339111328125, 0.0252685546875, 0.0225372314453125]",0.1339111328125,3
985,254978,1.2.392.200036.9116.2.6.1.44063.1811171443.1627215005.410580,/home/mahsa-nasehi/Desktop/IAAA/fracture/iaaa-contest-bct/Data/training/985/1.2.392.200036.9116.2.6.1.44063.1811171443.1627215005.410580.dcm,3,-610.0,512,512,0,0,heldout_patient_fold,aa2d72a2538f26976441e6d52c8c11ca964533e55b3978b8345a70a019d52638,ea81da4d34ee1570c8dd3460a4e44f8f247a0ba0f55b701dbf5093d392e32021,negative,0,0.0,0.0,[],"[[100.66667175292969, 40.958335876464844, 236.1666717529297, 209.0], [143.9166717529297, 0.0, 274.66668701171875, 144.0]]","[0.139404296875, 0.020416259765625]",0.139404296875,2
985,254978,1.2.392.200036.9116.2.6.1.44063.1811171443.1627215005.558625,/home/mahsa-nasehi/Desktop/IAAA/fracture/iaaa-contest-bct/Data/training/985/1.2.392.200036.9116.2.6.1.44063.1811171443.1627215005.558625.dcm,4,-605.0,512,512,0,0,heldout_patient_fold,aa2d72a2538f26976441e6d52c8c11ca964533e55b3978b8345a70a019d52638,ea81da4d34ee1570c8dd3460a4e44f8f247a0ba0f55b701dbf5093d392e32021,negative,0,0.0,0.0,[],"[[228.0, 175.0, 362.66668701171875, 336.66668701171875], [122.08333587646484, 275.0, 157.58334350585938, 312.0]]","[0.01861572265625, 0.0154266357421875]",0.01861572265625,2
985,254978,1.2.392.200036.9116.2.6.1.44063.1811171443.1627215007.253408,/home/mahsa-nasehi/Desktop/IAAA/fracture/iaaa-contest-bct/Data/training/985/1.2.392.200036.9116.2.6.1.44063.1811171443.1627215007.253408.dcm,5,-600.0,512,512,0,0,heldout_patient_fold,aa2d72a2538f26976441e6d52c8c11ca964533e55b3978b8345a70a019d52638,ea81da4d34ee1570c8dd3460a4e44f8f247a0ba0f55b701dbf5093d392e32021,unknown,0,0.0,0.0,[],[],[],0.0,0
985,254978,1.2.392.200036.9116.2.6.1.44063.1811171443.1627215007.951144,/home/mahsa-nasehi/Desktop/IAAA/fracture/iaaa-contest-bct/Data/training/985/1.2.392.200036.9116.2.6.1.44063.1811171443.1627215007.951144.dcm,6,-595.0,512,512,0,0,heldout_patient_fold,aa2d72a2538f26976441e6d52c8c11ca964533e55b3978b8345a70a019d52638,ea81da4d34ee1570c8dd3460a4e44f8f247a0ba0f55b701dbf5093d392e32021,unknown,0,0.0,0.0,[],[],[],0.0,0
985,254978,1.2.392.200036.9116.2.6.1.44063.1811171443.1627215008.872999,/home/mahsa-nasehi/Desktop/IAAA/fracture/iaaa-contest-bct/Data/training/985/1.2.392.200036.9116.2.6.1.44063.1811171443.1627215008.872999.dcm,7,-590.0,512,512,0,0,heldout_patient_fold,aa2d72a2538f26976441e6d52c8c11ca964533e55b3978b8345a70a019d52638,ea81da4d34ee1570c8dd3460a4e44f8f247a0ba0f55b701dbf5093d392e32021,negative,0,0.0,0.0,[],[],[],0.0,0
985,254978,1.2.392.200036.9116.2.6.1.44063.1811171443.1627215009.509550,/home/mahsa-nasehi/Desktop/IAAA/fracture/iaaa-contest-bct/Data/training/985/1.2.392.200036.9116.2.6.1.44063.1811171443.1627215009.509550.dcm,8,-585.0,512,512,0,0,heldout_patient_fold,aa2d72a2538f26976441e6d52c8c11ca964533e55b3978b8345a70a019d52638,ea81da4d34ee1570c8dd3460a4e44f8f247a0ba0f55b701dbf5093d392e32021,negative,0,0.0,0.0,[],[],[],0.0,0
985,254978,1.2.392.200036.9116.2.6.1.44063.1811171443.1627215010.65900,/home/mahsa-nasehi/Desktop/IAAA/fracture/iaaa-contest-bct/Data/training/985/1.2.392.200036.9116.2.6.1.44063.1811171443.1627215010.65900.dcm,9,-580.0,512,512,0,0,heldout_patient_fold,aa2d72a2538f26976441e6d52c8c11ca964533e55b3978b8345a70a019d52638,ea81da4d34ee1570c8dd3460a4e44f8f247a0ba0f55b701dbf5093d392e32021,negative,0,0.0,0.0,[],[],[],0.0,0
985,254978,1.2.392.200036.9116.2.6.1.44063.1811171443.1627215011.91202,/home/mahsa-nasehi/Desktop/IAAA/fracture/iaaa-contest-bct/Data/training/985/1.2.392.200036.9116.2.6.1.44063.1811171443.1627215011.91202.dcm,10,-575.0,512,512,0,0,heldout_patient_fold,aa2d72a2538f26976441e6d52c8c11ca964533e55b3978b8345a70a019d52638,ea81da4d34ee1570c8dd3460a4e44f8f247a0ba0f55b701dbf5093d392e32021,negative,0,0.0,0.0,[],[],[],0.0,0
985,254978,1.2.392.200036.9116.2.6.1.44063.1811171443.1627215011.776898,/home/mahsa-nasehi/Desktop/IAAA/fracture/iaaa-contest-bct/Data/training/985/1.2.392.200036.9116.2.6.1.44063.1811171443.1627215011.776898.dcm,11,-570.0,512,512,0,0,heldout_patient_fold,aa2d72a2538f26976441e6d52c8c11ca964533e55b3978b8345a70a019d52638,ea81da4d34ee1570c8dd3460a4e44f8f247a0ba0f55b701dbf5093d392e32021,negative,0,0.0,0.0,[],[],[],0.0,0
985,254978,1.2.392.200036.9116.2.6.1.44063.1811171443.1627215012.200475,/home/mahsa-nasehi/Desktop/IAAA/fracture/iaaa-contest-bct/Data/training/985/1.2.392.200036.9116.2.6.1.44063.1811171443.1627215012.200475.dcm,12,-565.0,512,512,0,0,heldout_patient_fold,aa2d72a2538f26976441e6d52c8c11ca964533e55b3978b8345a70a019d52638,ea81da4d34ee1570c8dd3460a4e44f8f247a0ba0f55b701dbf5093d392e32021,negative,0,0.0,0.0,[],"[[191.0, 155.33334350585938, 227.6666717529297, 191.33334350585938]]",[0.0101318359375],0.0101318359375,1
985,254978,1.2.392.200036.9116.2.6.1.44063.1811171443.1627215013.240527,/home/mahsa-nasehi/Desktop/IAAA/fracture/iaaa-contest-bct/Data/training/985/1.2.392.200036.9116.2.6.1.44063.1811171443.1627215013.240527.dcm,13,-560.0,512,512,0,0,heldout_patient_fold,aa2d72a2538f26976441e6d52c8c11ca964533e55b3978b8345a70a019d52638,ea81da4d34ee1570c8dd3460a4e44f8f247a0ba0f55b701dbf5093d392e32021,negative,0,0.0,0.0,[],[],[],0.0,0
985,254978,1.2.392.200036.9116.2.6.1.44063.1811171443.1627215013.917831,/home/mahsa-nasehi/Desktop/IAAA/fracture/iaaa-contest-bct/Data/training/985/1.2.392.200036.9116.2.6.1.44063.1811171443.1627215013.917831.dcm,14,-555.0,512,512,0,0,heldout_patient_fold,aa2d72a2538f26976441e6d52c8c11ca964533e55b3978b8345a70a019d52638,ea81da4d34ee1570c8dd3460a4e44f8f247a0ba0f55b701dbf5093d392e32021,negative,0,0.0,0.0,[],[],[],0.0,0
985,254978,1.2.392.200036.9116.2.6.1.44063.1811171443.1627215014.481075,/home/mahsa-nasehi/Desktop/IAAA/fracture/iaaa-contest-bct/Data/training/985/1.2.392.200036.9116.2.6.1.44063.1811171443.1627215014.481075.dcm,15,-550.0,512,512,0,0,heldout_patient_fold,aa2d72a2538f26976441e6d52c8c11ca964533e55b3978b8345a70a019d52638,ea81da4d34ee1570c8dd3460a4e44f8f247a0ba0f55b701dbf5093d392e32021,negative,0,0.0,0.0,[],[],[],0.0,0
985,254978,1.2.392.200036.9116.2.6.1.44063.1811171443.1627215015.505042,/home/mahsa-nasehi/Desktop/IAAA/fracture/iaaa-contest-bct/Data/training/985/1.2.392.200036.9116.2.6.1.44063.1811171443.1627215015.505042.dcm,16,-545.0,512,512,0,0,heldout_patient_fold,aa2d72a2538f26976441e6d52c8c11ca964533e55b3978b8345a70a019d52638,ea81da4d34ee1570c8dd3460a4e44f8f247a0ba0f55b701dbf5093d392e32021,negative,0,0.0,0.0,[],[],[],0.0,0
985,254978,1.2.392.200036.9116.2.6.1.44063.1811171443.1627215016.52149,/home/mahsa-nasehi/Desktop/IAAA/fracture/iaaa-contest-bct/Data/training/985/1.2.392.200036.9116.2.6.1.44063.1811171443.1627215016.52149.dcm,17,-540.0,512,512,0,0,heldout_patient_fold,aa2d72a2538f26976441e6d52c8c11ca964533e55b3978b8345a70a019d52638,ea81da4d34ee1570c8dd3460a4e44f8f247a0ba0f55b701dbf5093d392e32021,negative,0,0.0,0.0,[],"[[134.83334350585938, 179.33334350585938, 171.1666717529297, 215.33334350585938], [391.0, 315.3333435058594, 427.66668701171875, 351.66668701171875]]","[0.0236053466796875, 0.0230712890625]",0.0236053466796875,2
985,254978,1.2.392.200036.9116.2.6.1.44063.1811171443.1627215016.711670,/home/mahsa-nasehi/Desktop/IAAA/fracture/iaaa-contest-bct/Data/training/985/1.2.392.200036.9116.2.6.1.44063.1811171443.1627215016.711670.dcm,18,-535.0,512,512,0,0,heldout_patient_fold,aa2d72a2538f26976441e6d52c8c11ca964533e55b3978b8345a70a019d52638,ea81da4d34ee1570c8dd3460a4e44f8f247a0ba0f55b701dbf5093d392e32021,negative,0,0.0,0.0,[],"[[387.3333435058594, 323.3333435058594, 424.66668701171875, 359.0], [370.0, 307.66668701171875, 435.3333435058594, 369.66668701171875]]","[0.07342529296875, 0.01078033447265625]",0.07342529296875,2
985,254978,1.2.392.200036.9116.2.6.1.44063.1811171443.1627215017.729601,/home/mahsa-nasehi/Desktop/IAAA/fracture/iaaa-contest-bct/Data/training/985/1.2.392.200036.9116.2.6.1.44063.1811171443.1627215017.729601.dcm,19,-530.0,512,512,0,0,heldout_patient_fold,aa2d72a2538f26976441e6d52c8c11ca964533e55b3978b8345a70a019d52638,ea81da4d34ee1570c8dd3460a4e44f8f247a0ba0f55b701dbf5093d392e32021,negative,0,0.0,0.0,[],"[[134.1666717529297, 179.5, 171.5, 215.1666717529297]]",[0.0284423828125],0.0284423828125,1
985,254978,1.2.392.200036.9116.2.6.1.44063.1811171443.1627215018.495144,/home/mahsa-nasehi/Desktop/IAAA/fracture/iaaa-contest-bct/Data/training/985/1.2.392.200036.9116.2.6.1.44063.1811171443.1627215018.495144.dcm,20,-525.0,512,512,0,0,heldout_patient_fold,aa2d72a2538f26976441e6d52c8c11ca964533e55b3978b8345a70a019d52638,ea81da4d34ee1570c8dd3460a4e44f8f247a0ba0f55b701dbf5093d392e32021,negative,0,0.0,0.0,[],"[[368.66668701171875, 190.0, 406.0, 226.0]]",[0.017181396484375],0.017181396484375,1
985,254978,1.2.392.200036.9116.2.6.1.44063.1811171443.1627215019.11531,/home/mahsa-nasehi/Desktop/IAAA/fracture/iaaa-contest-bct/Data/training/985/1.2.392.200036.9116.2.6.1.44063.1811171443.1627215019.11531.dcm,21,-520.0,512,512,0,0,heldout_patient_fold,aa2d72a2538f26976441e6d52c8c11ca964533e55b3978b8345a70a019d52638,ea81da4d34ee1570c8dd3460a4e44f8f247a0ba0f55b701dbf5093d392e32021,negative,0,0.0,0.0,[],"[[364.66668701171875, 203.33334350585938, 400.66668701171875, 239.6666717529297]]",[0.0137939453125],0.0137939453125,1
985,254978,1.2.392.200036.9116.2.6.1.44063.1811171443.1627215020.9449,/home/mahsa-nasehi/Desktop/IAAA/fracture/iaaa-contest-bct/Data/training/985/1.2.392.200036.9116.2.6.1.44063.1811171443.1627215020.9449.dcm,22,-515.0,512,512,0,0,heldout_patient_fold,aa2d72a2538f26976441e6d52c8c11ca964533e55b3978b8345a70a019d52638,ea81da4d34ee1570c8dd3460a4e44f8f247a0ba0f55b701dbf5093d392e32021,negative,0,0.0,0.0,[],[],[],0.0,0
985,254978,1.2.392.200036.9116.2.6.1.44063.1811171443.1627215020.625935,/home/mahsa-nasehi/Desktop/IAAA/fracture/iaaa-contest-bct/Data/training/985/1.2.392.200036.9116.2.6.1.44063.1811171443.1627215020.625935.dcm,23,-510.0,512,512,0,0,heldout_patient_fold,aa2d72a2538f26976441e6d52c8c11ca964533e55b3978b8345a70a019d52638,ea81da4d34ee1570c8dd3460a4e44f8f247a0ba0f55b701dbf5093d392e32021,negative,0,0.0,0.0,[],[],[],0.0,0
985,254978,1.2.392.200036.9116.2.6.1.44063.1811171443.1627215021.123511,/home/mahsa-nasehi/Desktop/IAAA/fracture/iaaa-contest-bct/Data/training/985/1.2.392.200036.9116.2.6.1.44063.1811171443.1627215021.123511.dcm,24,-505.0,512,512,0,0,heldout_patient_fold,aa2d72a2538f26976441e6d52c8c11ca964533e55b3978b8345a70a019d52638,ea81da4d34ee1570c8dd3460a4e44f8f247a0ba0f55b701dbf5093d392e32021,negative,0,0.0,0.0,[],[],[],0.0,0
985,254978,1.2.392.200036.9116.2.6.1.44063.1811171443.1627215021.956584,/home/mahsa-nasehi/Desktop/IAAA/fracture/iaaa-contest-bct/Data/training/985/1.2.392.200036.9116.2.6.1.44063.1811171443.1627215021.956584.dcm,25,-500.0,512,512,0,0,heldout_patient_fold,aa2d72a2538f26976441e6d52c8c11ca964533e55b3978b8345a70a019d52638,ea81da4d34ee1570c8dd3460a4e44f8f247a0ba0f55b701dbf5093d392e32021,negative,0,0.0,0.0,[],[],[],0.0,0
985,254978,1.2.392.200036.9116.2.6.1.44063.1811171443.1627215022.340952,/home/mahsa-nasehi/Desktop/IAAA/fracture/iaaa-contest-bct/Data/training/985/1.2.392.200036.9116.2.6.1.44063.1811171443.1627215022.340952.dcm,26,-495.0,512,512,0,0,heldout_patient_fold,aa2d72a2538f26976441e6d52c8c11ca964533e55b3978b8345a70a019d52638,ea81da4d34ee1570c8dd3460a4e44f8f247a0ba0f55b701dbf5093d392e32021,negative,0,0.0,0.0,[],[],[],0.0,0
985,254978,1.2.392.200036.9116.2.6.1.44063.1811171443.1627215022.734083,/home/mahsa-nasehi/Desktop/IAAA/fracture/iaaa-contest-bct/Data/training/985/1.2.392.200036.9116.2.6.1.44063.1811171443.1627215022.734083.dcm,27,-490.0,512,512,0,0,heldout_patient_fold,aa2d72a2538f26976441e6d52c8c11ca964533e55b3978b8345a70a019d52638,ea81da4d34ee1570c8dd3460a4e44f8f247a0ba0f55b701dbf5093d392e32021,negative,0,0.0,0.0,[],[],[],0.0,0
985,254978,1.2.392.200036.9116.2.6.1.44063.1811171443.1627215023.625559,/home/mahsa-nasehi/Desktop/IAAA/fracture/iaaa-contest-bct/Data/training/985/1.2.392.200036.9116.2.6.1.44063.1811171443.1627215023.625559.dcm,28,-485.0,512,512,0,0,heldout_patient_fold,aa2d72a2538f26976441e6d52c8c11ca964533e55b3978b8345a70a019d52638,ea81da4d34ee1570c8dd3460a4e44f8f247a0ba0f55b701dbf5093d392e32021,negative,0,0.0,0.0,[],[],[],0.0,0
995,257283,1.2.392.200036.9116.2.6.1.15596.4012038373.1640099455.779691,/home/mahsa-nasehi/Desktop/IAAA/fracture/iaaa-contest-bct/Data/training/995/1.2.392.200036.9116.2.6.1.15596.4012038373.1640099455.779691.dcm,0,-354.57918365949996,512,512,0,0,heldout_patient_fold,aa2d72a2538f26976441e6d52c8c11ca964533e55b3978b8345a70a019d52638,ea81da4d34ee1570c8dd3460a4e44f8f247a0ba0f55b701dbf5093d392e32021,negative,0,0.0,0.0,[],[],[],0.0,0
995,257283,1.2.392.200036.9116.2.6.1.15596.4012038373.1640099457.460489,/home/mahsa-nasehi/Desktop/IAAA/fracture/iaaa-contest-bct/Data/training/995/1.2.392.200036.9116.2.6.1.15596.4012038373.1640099457.460489.dcm,1,-349.6884336595,512,512,0,0,heldout_patient_fold,aa2d72a2538f26976441e6d52c8c11ca964533e55b3978b8345a70a019d52638,ea81da4d34ee1570c8dd3460a4e44f8f247a0ba0f55b701dbf5093d392e32021,negative,0,0.0,0.0,[],[],[],0.0,0
995,257283,1.2.392.200036.9116.2.6.1.15596.4012038373.1640099458.25539,/home/mahsa-nasehi/Desktop/IAAA/fracture/iaaa-contest-bct/Data/training/995/1.2.392.200036.9116.2.6.1.15596.4012038373.1640099458.25539.dcm,2,-344.79768365949997,512,512,0,0,heldout_patient_fold,aa2d72a2538f26976441e6d52c8c11ca964533e55b3978b8345a70a019d52638,ea81da4d34ee1570c8dd3460a4e44f8f247a0ba0f55b701dbf5093d392e32021,negative,0,0.0,0.0,[],[],[],0.0,0
995,257283,1.2.392.200036.9116.2.6.1.15596.4012038373.1640099458.586883,/home/mahsa-nasehi/Desktop/IAAA/fracture/iaaa-contest-bct/Data/training/995/1.2.392.200036.9116.2.6.1.15596.4012038373.1640099458.586883.dcm,3,-339.9069336595,512,512,0,0,heldout_patient_fold,aa2d72a2538f26976441e6d52c8c11ca964533e55b3978b8345a70a019d52638,ea81da4d34ee1570c8dd3460a4e44f8f247a0ba0f55b701dbf5093d392e32021,negative,0,0.0,0.0,[],[],[],0.0,0
995,257283,1.2.392.200036.9116.2.6.1.15596.4012038373.1640099459.91605,/home/mahsa-nasehi/Desktop/IAAA/fracture/iaaa-contest-bct/Data/training/995/1.2.392.200036.9116.2.6.1.15596.4012038373.1640099459.91605.dcm,4,-335.0161836595,512,512,0,0,heldout_patient_fold,aa2d72a2538f26976441e6d52c8c11ca964533e55b3978b8345a70a019d52638,ea81da4d34ee1570c8dd3460a4e44f8f247a0ba0f55b701dbf5093d392e32021,negative,0,0.0,0.0,[],[],[],0.0,0
995,257283,1.2.392.200036.9116.2.6.1.15596.4012038373.1640099459.800522,/home/mahsa-nasehi/Desktop/IAAA/fracture/iaaa-contest-bct/Data/training/995/1.2.392.200036.9116.2.6.1.15596.4012038373.1640099459.800522.dcm,5,-330.1254336595,512,512,0,0,heldout_patient_fold,aa2d72a2538f26976441e6d52c8c11ca964533e55b3978b8345a70a019d52638,ea81da4d34ee1570c8dd3460a4e44f8f247a0ba0f55b701dbf5093d392e32021,negative,0,0.0,0.0,[],[],[],0.0,0
995,257283,1.2.392.200036.9116.2.6.1.15596.4012038373.1640099460.378390,/home/mahsa-nasehi/Desktop/IAAA/fracture/iaaa-contest-bct/Data/training/995/1.2.392.200036.9116.2.6.1.15596.4012038373.1640099460.378390.dcm,6,-325.2346836595,512,512,0,0,heldout_patient_fold,aa2d72a2538f26976441e6d52c8c11ca964533e55b3978b8345a70a019d52638,ea81da4d34ee1570c8dd3460a4e44f8f247a0ba0f55b701dbf5093d392e32021,negative,0,0.0,0.0,[],[],[],0.0,0
995,257283,1.2.392.200036.9116.2.6.1.15596.4012038373.1640099461.60745,/home/mahsa-nasehi/Desktop/IAAA/fracture/iaaa-contest-bct/Data/training/995/1.2.392.200036.9116.2.6.1.15596.4012038373.1640099461.60745.dcm,7,-320.34393365949995,512,512,0,0,heldout_patient_fold,aa2d72a2538f26976441e6d52c8c11ca964533e55b3978b8345a70a019d52638,ea81da4d34ee1570c8dd3460a4e44f8f247a0ba0f55b701dbf5093d392e32021,negative,0,0.0,0.0,[],[],[],0.0,0
995,257283,1.2.392.200036.9116.2.6.1.15596.4012038373.1640099461.557043,/home/mahsa-nasehi/Desktop/IAAA/fracture/iaaa-contest-bct/Data/training/995/1.2.392.200036.9116.2.6.1.15596.4012038373.1640099461.557043.dcm,8,-315.4531836595,512,512,0,0,heldout_patient_fold,aa2d72a2538f26976441e6d52c8c11ca964533e55b3978b8345a70a019d52638,ea81da4d34ee1570c8dd3460a4e44f8f247a0ba0f55b701dbf5093d392e32021,negative,0,0.0,0.0,[],[],[],0.0,0
995,257283,1.2.392.200036.9116.2.6.1.15596.4012038373.1640099462.122237,/home/mahsa-nasehi/Desktop/IAAA/fracture/iaaa-contest-bct/Data/training/995/1.2.392.200036.9116.2.6.1.15596.4012038373.1640099462.122237.dcm,9,-310.56243365949996,512,512,0,0,heldout_patient_fold,aa2d72a2538f26976441e6d52c8c11ca964533e55b3978b8345a70a019d52638,ea81da4d34ee1570c8dd3460a4e44f8f247a0ba0f55b701dbf5093d392e32021,negative,0,0.0,0.0,[],[],[],0.0,0
995,257283,1.2.392.200036.9116.2.6.1.15596.4012038373.1640099462.742954,/home/mahsa-nasehi/Desktop/IAAA/fracture/iaaa-contest-bct/Data/training/995/1.2.392.200036.9116.2.6.1.15596.4012038373.1640099462.742954.dcm,10,-305.6716836595,512,512,0,0,heldout_patient_fold,aa2d72a2538f26976441e6d52c8c11ca964533e55b3978b8345a70a019d52638,ea81da4d34ee1570c8dd3460a4e44f8f247a0ba0f55b701dbf5093d392e32021,negative,0,0.0,0.0,[],[],[],0.0,0
995,257283,1.2.392.200036.9116.2.6.1.15596.4012038373.1640099463.319166,/home/mahsa-nasehi/Desktop/IAAA/fracture/iaaa-contest-bct/Data/training/995/1.2.392.200036.9116.2.6.1.15596.4012038373.1640099463.319166.dcm,11,-300.78093365949996,512,512,0,0,heldout_patient_fold,aa2d72a2538f26976441e6d52c8c11ca964533e55b3978b8345a70a019d52638,ea81da4d34ee1570c8dd3460a4e44f8f247a0ba0f55b701dbf5093d392e32021,negative,0,0.0,0.0,[],[],[],0.0,0
995,257283,1.2.392.200036.9116.2.6.1.15596.4012038373.1640099463.998916,/home/mahsa-nasehi/Desktop/IAAA/fracture/iaaa-contest-bct/Data/training/995/1.2.392.200036.9116.2.6.1.15596.4012038373.1640099463.998916.dcm,12,-295.8901836595,512,512,0,0,heldout_patient_fold,aa2d72a2538f26976441e6d52c8c11ca964533e55b3978b8345a70a019d52638,ea81da4d34ee1570c8dd3460a4e44f8f247a0ba0f55b701dbf5093d392e32021,negative,0,0.0,0.0,[],[],[],0.0,0
995,257283,1.2.392.200036.9116.2.6.1.15596.4012038373.1640099464.737233,/home/mahsa-nasehi/Desktop/IAAA/fracture/iaaa-contest-bct/Data/training/995/1.2.392.200036.9116.2.6.1.15596.4012038373.1640099464.737233.dcm,13,-290.99943365949997,512,512,0,0,heldout_patient_fold,aa2d72a2538f26976441e6d52c8c11ca964533e55b3978b8345a70a019d52638,ea81da4d34ee1570c8dd3460a4e44f8f247a0ba0f55b701dbf5093d392e32021,negative,0,0.0,0.0,[],"[[116.0, 206.0, 152.6666717529297, 242.0]]",[0.01214599609375],0.01214599609375,1
995,257283,1.2.392.200036.9116.2.6.1.15596.4012038373.1640099465.201113,/home/mahsa-nasehi/Desktop/IAAA/fracture/iaaa-contest-bct/Data/training/995/1.2.392.200036.9116.2.6.1.15596.4012038373.1640099465.201113.dcm,14,-286.1086836595,512,512,0,0,heldout_patient_fold,aa2d72a2538f26976441e6d52c8c11ca964533e55b3978b8345a70a019d52638,ea81da4d34ee1570c8dd3460a4e44f8f247a0ba0f55b701dbf5093d392e32021,negative,0,0.0,0.0,[],"[[115.66667175292969, 208.83334350585938, 152.6666717529297, 244.1666717529297], [101.5, 196.33334350585938, 169.1666717529297, 257.66668701171875]]","[0.34326171875, 0.01078033447265625]",0.34326171875,2
995,257283,1.2.392.200036.9116.2.6.1.15596.4012038373.1640099465.792884,/home/mahsa-nasehi/Desktop/IAAA/fracture/iaaa-contest-bct/Data/training/995/1.2.392.200036.9116.2.6.1.15596.4012038373.1640099465.792884.dcm,15,-281.2179336595,512,512,0,0,heldout_patient_fold,aa2d72a2538f26976441e6d52c8c11ca964533e55b3978b8345a70a019d52638,ea81da4d34ee1570c8dd3460a4e44f8f247a0ba0f55b701dbf5093d392e32021,negative,0,0.0,0.0,[],"[[112.75, 209.0, 150.08334350585938, 244.33334350585938]]",[0.04779052734375],0.04779052734375,1
995,257283,1.2.392.200036.9116.2.6.1.15596.4012038373.1640099466.259142,/home/mahsa-nasehi/Desktop/IAAA/fracture/iaaa-contest-bct/Data/training/995/1.2.392.200036.9116.2.6.1.15596.4012038373.1640099466.259142.dcm,16,-276.32718365949995,512,512,0,0,heldout_patient_fold,aa2d72a2538f26976441e6d52c8c11ca964533e55b3978b8345a70a019d52638,ea81da4d34ee1570c8dd3460a4e44f8f247a0ba0f55b701dbf5093d392e32021,negative,0,0.0,0.0,[],[],[],0.0,0
995,257283,1.2.392.200036.9116.2.6.1.15596.4012038373.1640099467.3831,/home/mahsa-nasehi/Desktop/IAAA/fracture/iaaa-contest-bct/Data/training/995/1.2.392.200036.9116.2.6.1.15596.4012038373.1640099467.3831.dcm,17,-271.4364336595,512,512,0,0,heldout_patient_fold,aa2d72a2538f26976441e6d52c8c11ca964533e55b3978b8345a70a019d52638,ea81da4d34ee1570c8dd3460a4e44f8f247a0ba0f55b701dbf5093d392e32021,negative,0,0.0,0.0,[],"[[114.0, 232.5, 150.0, 269.16668701171875], [110.75, 219.6666717529297, 147.4166717529297, 255.0], [97.66667175292969, 206.0, 165.1666717529297, 268.66668701171875]]","[0.0230712890625, 0.01560211181640625, 0.0137939453125]",0.0230712890625,3
995,257283,1.2.392.200036.9116.2.6.1.15596.4012038373.1640099467.504976,/home/mahsa-nasehi/Desktop/IAAA/fracture/iaaa-contest-bct/Data/training/995/1.2.392.200036.9116.2.6.1.15596.4012038373.1640099467.504976.dcm,18,-266.5456836595,512,512,0,0,heldout_patient_fold,aa2d72a2538f26976441e6d52c8c11ca964533e55b3978b8345a70a019d52638,ea81da4d34ee1570c8dd3460a4e44f8f247a0ba0f55b701dbf5093d392e32021,negative,0,0.0,0.0,[],"[[115.83333587646484, 235.1666717529297, 152.83334350585938, 271.8333435058594], [117.66667175292969, 221.6666717529297, 155.33334350585938, 257.66668701171875]]","[0.021942138671875, 0.0117340087890625]",0.021942138671875,2
995,257283,1.2.392.200036.9116.2.6.1.15596.4012038373.1640099467.976979,/home/mahsa-nasehi/Desktop/IAAA/fracture/iaaa-contest-bct/Data/training/995/1.2.392.200036.9116.2.6.1.15596.4012038373.1640099467.976979.dcm,19,-261.6549336595,512,512,0,0,heldout_patient_fold,aa2d72a2538f26976441e6d52c8c11ca964533e55b3978b8345a70a019d52638,ea81da4d34ee1570c8dd3460a4e44f8f247a0ba0f55b701dbf5093d392e32021,negative,0,0.0,0.0,[],[],[],0.0,0
995,257283,1.2.392.200036.9116.2.6.1.15596.4012038373.1640099468.571315,/home/mahsa-nasehi/Desktop/IAAA/fracture/iaaa-contest-bct/Data/training/995/1.2.392.200036.9116.2.6.1.15596.4012038373.1640099468.571315.dcm,20,-256.7641836595,512,512,0,0,heldout_patient_fold,aa2d72a2538f26976441e6d52c8c11ca964533e55b3978b8345a70a019d52638,ea81da4d34ee1570c8dd3460a4e44f8f247a0ba0f55b701dbf5093d392e32021,negative,0,0.0,0.0,[],"[[268.0, 80.83333587646484, 408.3333435058594, 250.33334350585938]]",[0.01332855224609375],0.01332855224609375,1
995,257283,1.2.392.200036.9116.2.6.1.15596.4012038373.1640099469.167694,/home/mahsa-nasehi/Desktop/IAAA/fracture/iaaa-contest-bct/Data/training/995/1.2.392.200036.9116.2.6.1.15596.4012038373.1640099469.167694.dcm,21,-251.8734336595,512,512,0,0,heldout_patient_fold,aa2d72a2538f26976441e6d52c8c11ca964533e55b3978b8345a70a019d52638,ea81da4d34ee1570c8dd3460a4e44f8f247a0ba0f55b701dbf5093d392e32021,negative,0,0.0,0.0,[],"[[106.83333587646484, 230.0, 174.0, 289.3333435058594], [125.16667175292969, 242.33334350585938, 163.1666717529297, 279.66668701171875]]","[0.11083984375, 0.10302734375]",0.11083984375,2
995,257283,1.2.392.200036.9116.2.6.1.15596.4012038373.1640099469.763126,/home/mahsa-nasehi/Desktop/IAAA/fracture/iaaa-contest-bct/Data/training/995/1.2.392.200036.9116.2.6.1.15596.4012038373.1640099469.763126.dcm,22,-246.9826836595,512,512,0,0,heldout_patient_fold,aa2d72a2538f26976441e6d52c8c11ca964533e55b3978b8345a70a019d52638,ea81da4d34ee1570c8dd3460a4e44f8f247a0ba0f55b701dbf5093d392e32021,negative,0,0.0,0.0,[],"[[279.8333435058594, 124.16667175292969, 417.3333435058594, 290.8333435058594]]",[0.0112457275390625],0.0112457275390625,1
995,257283,1.2.392.200036.9116.2.6.1.15596.4012038373.1640099470.325543,/home/mahsa-nasehi/Desktop/IAAA/fracture/iaaa-contest-bct/Data/training/995/1.2.392.200036.9116.2.6.1.15596.4012038373.1640099470.325543.dcm,23,-242.0919336595,512,512,0,0,heldout_patient_fold,aa2d72a2538f26976441e6d52c8c11ca964533e55b3978b8345a70a019d52638,ea81da4d34ee1570c8dd3460a4e44f8f247a0ba0f55b701dbf5093d392e32021,negative,0,0.0,0.0,[],"[[341.66668701171875, 299.0, 408.3333435058594, 360.66668701171875], [136.83334350585938, 251.33334350585938, 174.1666717529297, 287.3333435058594], [320.66668701171875, 208.0, 388.66668701171875, 270.66668701171875], [123.33333587646484, 239.6666717529297, 190.83334350585938, 299.66668701171875], [356.0, 312.66668701171875, 392.66668701171875, 348.3333435058594]]","[0.12042236328125, 0.11358642578125, 0.048126220703125, 0.044342041015625, 0.03802490234375]",0.12042236328125,5
995,257283,1.2.392.200036.9116.2.6.1.15596.4012038373.1640099470.921445,/home/mahsa-nasehi/Desktop/IAAA/fracture/iaaa-contest-bct/Data/training/995/1.2.392.200036.9116.2.6.1.15596.4012038373.1640099470.921445.dcm,24,-237.2011836595,512,512,0,0,heldout_patient_fold,aa2d72a2538f26976441e6d52c8c11ca964533e55b3978b8345a70a019d52638,ea81da4d34ee1570c8dd3460a4e44f8f247a0ba0f55b701dbf5093d392e32021,negative,0,0.0,0.0,[],"[[305.3333435058594, 211.33334350585938, 372.66668701171875, 273.3333435058594], [326.16668701171875, 296.66668701171875, 394.0, 358.0], [347.3333435058594, 307.0, 384.66668701171875, 343.3333435058594]]","[0.242919921875, 0.058990478515625, 0.04010009765625]",0.242919921875,3
995,257283,1.2.392.200036.9116.2.6.1.15596.4012038373.1640099471.516514,/home/mahsa-nasehi/Desktop/IAAA/fracture/iaaa-contest-bct/Data/training/995/1.2.392.200036.9116.2.6.1.15596.4012038373.1640099471.516514.dcm,25,-232.3104336595,512,512,0,0,heldout_patient_fold,aa2d72a2538f26976441e6d52c8c11ca964533e55b3978b8345a70a019d52638,ea81da4d34ee1570c8dd3460a4e44f8f247a0ba0f55b701dbf5093d392e32021,negative,0,0.0,0.0,[],"[[155.6666717529297, 248.6666717529297, 220.6666717529297, 311.3333435058594]]",[0.0147857666015625],0.0147857666015625,1
995,257283,1.2.392.200036.9116.2.6.1.15596.4012038373.1640099472.77984,/home/mahsa-nasehi/Desktop/IAAA/fracture/iaaa-contest-bct/Data/training/995/1.2.392.200036.9116.2.6.1.15596.4012038373.1640099472.77984.dcm,26,-227.4196836595,512,512,0,0,heldout_patient_fold,aa2d72a2538f26976441e6d52c8c11ca964533e55b3978b8345a70a019d52638,ea81da4d34ee1570c8dd3460a4e44f8f247a0ba0f55b701dbf5093d392e32021,negative,0,0.0,0.0,[],"[[257.0, 217.6666717529297, 324.3333435058594, 278.3333435058594], [181.1666717529297, 265.0, 248.83334350585938, 327.0]]","[0.08758544921875, 0.0180511474609375]",0.08758544921875,2
995,257283,1.2.392.200036.9116.2.6.1.15596.4012038373.1640099472.672540,/home/mahsa-nasehi/Desktop/IAAA/fracture/iaaa-contest-bct/Data/training/995/1.2.392.200036.9116.2.6.1.15596.4012038373.1640099472.672540.dcm,27,-222.5289336595,512,512,0,0,heldout_patient_fold,aa2d72a2538f26976441e6d52c8c11ca964533e55b3978b8345a70a019d52638,ea81da4d34ee1570c8dd3460a4e44f8f247a0ba0f55b701dbf5093d392e32021,negative,0,0.0,0.0,[],[],[],0.0,0
995,257283,1.2.392.200036.9116.2.6.1.15596.4012038373.1640099473.260728,/home/mahsa-nasehi/Desktop/IAAA/fracture/iaaa-contest-bct/Data/training/995/1.2.392.200036.9116.2.6.1.15596.4012038373.1640099473.260728.dcm,28,-217.63818365950002,512,512,0,0,heldout_patient_fold,aa2d72a2538f26976441e6d52c8c11ca964533e55b3978b8345a70a019d52638,ea81da4d34ee1570c8dd3460a4e44f8f247a0ba0f55b701dbf5093d392e32021,negative,0,0.0,0.0,[],[],[],0.0,0
